1/1/2013 0:00,5.282430556
1/1/2013 6:00,2.278263889
1/1/2013 12:00,3.379847222
1/1/2013 18:00,5.020027778
1/2/2013 0:00,1.820972222
1/2/2013 6:00,5.773819445
1/2/2013 12:00,4.235902778
1/2/2013 18:00,4.041472222
1/3/2013 0:00,6.436875
1/3/2013 6:00,10.32040278
1/3/2013 12:00,7.096861111
1/3/2013 18:00,8.164902778
1/4/2013 0:00,3.728083333
1/4/2013 6:00,5.729763889
1/4/2013 12:00,4.028138889
1/4/2013 18:00,6.592083333
1/5/2013 0:00,5.438930556
1/5/2013 6:00,7.995236111
1/5/2013 12:00,4.314916667
1/5/2013 18:00,6.221888889
1/6/2013 0:00,4.898138889
1/6/2013 6:00,3.919763889
1/6/2013 12:00,3.740236111
1/6/2013 18:00,7.174597222
1/7/2013 0:00,14.97223611
1/7/2013 6:00,7.539777779
1/7/2013 12:00,6.920208333
1/7/2013 18:00,8.401680556
1/8/2013 0:00,6.169583333
1/8/2013 6:00,3.468902778
1/8/2013 12:00,1.401944445
1/8/2013 18:00,3.375597222
1/9/2013 0:00,6.484138889
1/9/2013 6:00,6.860861111
1/9/2013 12:00,5.107263889
1/9/2013 18:00,3.624444444
1/10/2013 0:00,3.463027778
1/10/2013 6:00,4.167305556
1/10/2013 12:00,4.439013889
1/10/2013 18:00,4.932305556
1/11/2013 0:00,7.917833333
1/11/2013 6:00,10.89548611
1/11/2013 12:00,9.382583333
1/11/2013 18:00,6.920069445
1/12/2013 0:00,10.45015278
1/12/2013 6:00,12.33059722
1/12/2013 12:00,4.835444444
1/12/2013 18:00,3.328930556
1/13/2013 0:00,10.97347222
1/13/2013 6:00,9.02225
1/13/2013 12:00,10.191875
1/13/2013 18:00,7.880472222
1/14/2013 0:00,8.366041667
1/14/2013 6:00,6.0535
1/14/2013 12:00,6.675388889
1/14/2013 18:00,13.08940278
1/15/2013 0:00,15.58765278
1/15/2013 6:00,11.90481945
1/15/2013 12:00,8.977958333
1/15/2013 18:00,10.99218055
1/16/2013 0:00,7.386847222
1/16/2013 6:00,4.790458334
1/16/2013 12:00,10.718375
1/16/2013 18:00,5.021555556
1/17/2013 0:00,3.831833333
1/17/2013 6:00,3.850819444
1/17/2013 12:00,6.86575
1/17/2013 18:00,9.742944444
1/18/2013 0:00,7.740875
1/18/2013 6:00,11.572625
1/18/2013 12:00,10.19429167
1/18/2013 18:00,12.09152778
1/19/2013 0:00,14.54376389
1/19/2013 6:00,7.287972223
1/19/2013 12:00,10.15325
1/19/2013 18:00,10.52915278
1/20/2013 0:00,13.42765278
1/20/2013 6:00,14.10456944
1/20/2013 12:00,4.627708333
1/20/2013 18:00,4.936833333
1/21/2013 0:00,11.69694445
1/21/2013 6:00,14.80222222
1/21/2013 12:00,7.10326389
1/21/2013 18:00,16.03958333
1/22/2013 0:00,14.05541667
1/22/2013 6:00,13.89019445
1/22/2013 12:00,11.22168056
1/22/2013 18:00,10.37023611
1/23/2013 0:00,7.842319445
1/23/2013 6:00,6.736083333
1/23/2013 12:00,8.022388889
1/23/2013 18:00,9.578125002
1/24/2013 0:00,6.825375
1/24/2013 6:00,7.468430555
1/24/2013 12:00,8.038833333
1/24/2013 18:00,4.494805556
1/25/2013 0:00,5.050083333
1/25/2013 6:00,4.890277778
1/25/2013 12:00,5.614138889
1/25/2013 18:00,15.44668056
1/26/2013 0:00,9.245833332
1/26/2013 6:00,7.158888889
1/26/2013 12:00,9.866513889
1/26/2013 18:00,12.377375
1/27/2013 0:00,11.50861111
1/27/2013 6:00,8.295888889
1/27/2013 12:00,8.008861111
1/27/2013 18:00,4.874916667
1/28/2013 0:00,7.519902778
1/28/2013 6:00,2.367875
1/28/2013 12:00,2.002097222
1/28/2013 18:00,6.961375
1/29/2013 0:00,6.993069445
1/29/2013 6:00,7.571805556
1/29/2013 12:00,2.901055555
1/29/2013 18:00,5.028222222
1/30/2013 0:00,7.295097222
1/30/2013 6:00,9.151000001
1/30/2013 12:00,5.957875
1/30/2013 18:00,4.453416667
1/31/2013 0:00,7.267513889
1/31/2013 6:00,3.739944444
1/31/2013 12:00,7.996347222
1/31/2013 18:00,9.280472223
2/1/2013 0:00,8.020402778
2/1/2013 6:00,4.792888889
2/1/2013 12:00,7.522777777
2/1/2013 18:00,11.66416667
2/2/2013 0:00,6.25675
2/2/2013 6:00,4.757458333
2/2/2013 12:00,4.224652778
2/2/2013 18:00,7.867097222
2/3/2013 0:00,7.90125
2/3/2013 6:00,11.11019445
2/3/2013 12:00,13.39683333
2/3/2013 18:00,12.47870833
2/4/2013 0:00,10.667
2/4/2013 6:00,7.989972222
2/4/2013 12:00,3.263944445
2/4/2013 18:00,1.976347222
2/5/2013 0:00,3.729861111
2/5/2013 6:00,2.503027778
2/5/2013 12:00,7.596222222
2/5/2013 18:00,12.24411111
2/6/2013 0:00,4.668444445
2/6/2013 6:00,4.433638889
2/6/2013 12:00,8.221638889
2/6/2013 18:00,11.07544444
2/7/2013 0:00,8.817958333
2/7/2013 6:00,5.232888889
2/7/2013 12:00,3.644597222
2/7/2013 18:00,13.78343056
2/8/2013 0:00,12.44716667
2/8/2013 6:00,7.069902778
2/8/2013 12:00,2.579166667
2/8/2013 18:00,1.969125
2/9/2013 0:00,4.70775
2/9/2013 6:00,4.761902778
2/9/2013 12:00,6.618611111
2/9/2013 18:00,3.556722222
2/10/2013 0:00,4.551166667
2/10/2013 6:00,4.640416667
2/10/2013 12:00,2.218902778
2/10/2013 18:00,5.281333333
2/11/2013 0:00,5.837819444
2/11/2013 6:00,8.465694444
2/11/2013 12:00,7.804333333
2/11/2013 18:00,14.64476389
2/12/2013 0:00,11.57411111
2/12/2013 6:00,9.103208333
2/12/2013 12:00,7.733291667
2/12/2013 18:00,8.241319444
2/13/2013 0:00,7.359152778
2/13/2013 6:00,3.930138889
2/13/2013 12:00,2.684888889
2/13/2013 18:00,6.784375
2/14/2013 0:00,7.458902778
2/14/2013 6:00,7.633222222
2/14/2013 12:00,5.237277778
2/14/2013 18:00,6.696513889
2/15/2013 0:00,5.69975
2/15/2013 6:00,4.232472222
2/15/2013 12:00,4.296708333
2/15/2013 18:00,8.249652777
2/16/2013 0:00,9.346708335
2/16/2013 6:00,3.673375
2/16/2013 12:00,3.457416667
2/16/2013 18:00,5.460222222
2/17/2013 0:00,2.945888889
2/17/2013 6:00,1.777430556
2/17/2013 12:00,4.927458334
2/17/2013 18:00,3.236402778
2/18/2013 0:00,5.934111111
2/18/2013 6:00,6.348722222
2/18/2013 12:00,8.405388889
2/18/2013 18:00,10.67019444
2/19/2013 0:00,9.264194444
2/19/2013 6:00,6.466597222
2/19/2013 12:00,11.77108333
2/19/2013 18:00,7.323541666
2/20/2013 0:00,9.701194446
2/20/2013 6:00,14.34688889
2/20/2013 12:00,7.127875
2/20/2013 18:00,7.148916666
2/21/2013 0:00,10.95591667
2/21/2013 6:00,9.608930556
2/21/2013 12:00,4.710111112
2/21/2013 18:00,13.74445834
2/22/2013 0:00,17.97390278
2/22/2013 6:00,17.48483334
2/22/2013 12:00,14.29525
2/22/2013 18:00,11.21394444
2/23/2013 0:00,10.87627778
2/23/2013 6:00,10.89219445
2/23/2013 12:00,11.44358333
2/23/2013 18:00,7.270722222
2/24/2013 0:00,10.05438889
2/24/2013 6:00,3.925986111
2/24/2013 12:00,3.917472222
2/24/2013 18:00,12.55879167
2/25/2013 0:00,12.97370833
2/25/2013 6:00,11.55886111
2/25/2013 12:00,13.17581945
2/25/2013 18:00,14.25777778
2/26/2013 0:00,9.898444445
2/26/2013 6:00,6.892097222
2/26/2013 12:00,6.592208333
2/26/2013 18:00,6.036583334
2/27/2013 0:00,14.01748611
2/27/2013 6:00,20.25993055
2/27/2013 12:00,16.65038889
2/27/2013 18:00,14.00452778
2/28/2013 0:00,16.30640278
2/28/2013 6:00,14.67973611
2/28/2013 12:00,12.67579167
2/28/2013 18:00,13.77602778
3/1/2013 0:00,13.56188889
3/1/2013 6:00,9.895930556
3/1/2013 12:00,7.417069445
3/1/2013 18:00,4.474138889
3/2/2013 0:00,2.954486111
3/2/2013 6:00,4.471944445
3/2/2013 12:00,6.62825
3/2/2013 18:00,6.481083333
3/3/2013 0:00,7.092805555
3/3/2013 6:00,9.855222223
3/3/2013 12:00,7.940152778
3/3/2013 18:00,12.33583333
3/4/2013 0:00,11.25005556
3/4/2013 6:00,8.877430557
3/4/2013 12:00,2.588222222
3/4/2013 18:00,8.274097222
3/5/2013 0:00,9.509972221
3/5/2013 6:00,10.68186111
3/5/2013 12:00,8.362236111
3/5/2013 18:00,14.95336111
3/6/2013 0:00,10.642375
3/6/2013 6:00,6.738069445
3/6/2013 12:00,8.890402778
3/6/2013 18:00,10.12945833
3/7/2013 0:00,9.73611111
3/7/2013 6:00,6.297652778
3/7/2013 12:00,4.768180556
3/7/2013 18:00,6.589583334
3/8/2013 0:00,8.369944444
3/8/2013 6:00,5.775236111
3/8/2013 12:00,3.567263889
3/8/2013 18:00,1.552972222
3/9/2013 0:00,1.839291667
3/9/2013 6:00,3.225013889
3/9/2013 12:00,6.89188889
3/9/2013 18:00,13.50698611
3/10/2013 0:00,11.77408333
3/10/2013 6:00,8.966611112
3/10/2013 12:00,10.93277778
3/10/2013 18:00,10.53020833
3/11/2013 0:00,7.395930555
3/11/2013 6:00,6.128805555
3/11/2013 12:00,4.813375
3/11/2013 18:00,13.29765278
3/12/2013 0:00,13.96020833
3/12/2013 6:00,6.34826389
3/12/2013 12:00,6.347847222
3/12/2013 18:00,12.84356944
3/13/2013 0:00,14.13797222
3/13/2013 6:00,6.301861111
3/13/2013 12:00,6.880861111
3/13/2013 18:00,8.892486112
3/14/2013 0:00,12.87068055
3/14/2013 6:00,6.574013888
3/14/2013 12:00,3.988097222
3/14/2013 18:00,12.80001389
3/15/2013 0:00,7.990888888
3/15/2013 6:00,3.492611111
3/15/2013 12:00,8.279930556
3/15/2013 18:00,11.69883333
3/16/2013 0:00,10.54193056
3/16/2013 6:00,7.261708333
3/16/2013 12:00,3.857597222
3/16/2013 18:00,11.37918056
3/17/2013 0:00,10.05251389
3/17/2013 6:00,9.130222222
3/17/2013 12:00,8.454236111
3/17/2013 18:00,12.07263889
3/18/2013 0:00,13.43231944
3/18/2013 6:00,15.58191667
3/18/2013 12:00,19.19948611
3/18/2013 18:00,10.95348611
3/19/2013 0:00,9.028277778
3/19/2013 6:00,4.938194445
3/19/2013 12:00,4.407666667
3/19/2013 18:00,10.39434722
3/20/2013 0:00,10.48279167
3/20/2013 6:00,11.47102778
3/20/2013 12:00,9.300305556
3/20/2013 18:00,5.0895
3/21/2013 0:00,4.310861111
3/21/2013 6:00,8.588208333
3/21/2013 12:00,11.37886111
3/21/2013 18:00,11.08309722
3/22/2013 0:00,13.72701389
3/22/2013 6:00,10.47002778
3/22/2013 12:00,7.446736111
3/22/2013 18:00,2.686541667
3/23/2013 0:00,5.677208333
3/23/2013 6:00,3.355319445
3/23/2013 12:00,3.355416667
3/23/2013 18:00,7.603583333
3/24/2013 0:00,8.677666667
3/24/2013 6:00,7.192472222
3/24/2013 12:00,5.750305556
3/24/2013 18:00,6.282458333
3/25/2013 0:00,3.460666667
3/25/2013 6:00,5.541013889
3/25/2013 12:00,9.569388889
3/25/2013 18:00,10.79918055
3/26/2013 0:00,10.7345
3/26/2013 6:00,15.40976389
3/26/2013 12:00,17.71768056
3/26/2013 18:00,7.444680555
3/27/2013 0:00,9.454097224
3/27/2013 6:00,6.292430556
3/27/2013 12:00,9.628652779
3/27/2013 18:00,4.661125
3/28/2013 0:00,9.420833332
3/28/2013 6:00,3.730763889
3/28/2013 12:00,7.163847223
3/28/2013 18:00,8.574722222
3/29/2013 0:00,8.882222223
3/29/2013 6:00,6.814458333
3/29/2013 12:00,3.371319445
3/29/2013 18:00,6.811652778
3/30/2013 0:00,4.08275
3/30/2013 6:00,3.180652778
3/30/2013 12:00,5.361402778
3/30/2013 18:00,10.20327778
3/31/2013 0:00,5.511194445
3/31/2013 6:00,4.538902778
3/31/2013 12:00,11.27123611
3/31/2013 18:00,10.95438889
4/1/2013 0:00,10.19338889
4/1/2013 6:00,7.407680556
4/1/2013 12:00,4.523305555
4/1/2013 18:00,12.08316667
4/2/2013 0:00,13.16084722
4/2/2013 6:00,13.23209722
4/2/2013 12:00,12.73633333
4/2/2013 18:00,13.38283333
4/3/2013 0:00,12.00194445
4/3/2013 6:00,11.16519444
4/3/2013 12:00,9.215805554
4/3/2013 18:00,8.614694445
4/4/2013 0:00,8.265597222
4/4/2013 6:00,5.872375
4/4/2013 12:00,2.285430556
4/4/2013 18:00,8.199458333
4/5/2013 0:00,4.933388889
4/5/2013 6:00,2.484791667
4/5/2013 12:00,10.50176389
4/5/2013 18:00,14.67606944
4/6/2013 0:00,12.34577778
4/6/2013 6:00,13.20665278
4/6/2013 12:00,14.53923611
4/6/2013 18:00,8.003986112
4/7/2013 0:00,7.730888889
4/7/2013 6:00,5.401236111
4/7/2013 12:00,9.610041667
4/7/2013 18:00,15.44
4/8/2013 0:00,10.34304167
4/8/2013 6:00,4.790958333
4/8/2013 12:00,5.377708333
4/8/2013 18:00,9.788833334
4/9/2013 0:00,9.284263888
4/9/2013 6:00,2.993833333
4/9/2013 12:00,5.286930556
4/9/2013 18:00,8.433361111
4/10/2013 0:00,10.72213889
4/10/2013 6:00,7.36601389
4/10/2013 12:00,9.61213889
4/10/2013 18:00,13.37623611
4/11/2013 0:00,9.047638888
4/11/2013 6:00,8.367402777
4/11/2013 12:00,11.48672222
4/11/2013 18:00,15.83445833
4/12/2013 0:00,12.05829167
4/12/2013 6:00,7.631055556
4/12/2013 12:00,8.209152778
4/12/2013 18:00,11.29281945
4/13/2013 0:00,9.998069445
4/13/2013 6:00,7.709
4/13/2013 12:00,7.853069444
4/13/2013 18:00,8.899763888
4/14/2013 0:00,3.833694444
4/14/2013 6:00,4.701277778
4/14/2013 12:00,10.28438889
4/14/2013 18:00,7.046375
4/15/2013 0:00,14.81170833
4/15/2013 6:00,17.97422222
4/15/2013 12:00,12.48904167
4/15/2013 18:00,6.854305555
4/16/2013 0:00,7.104208333
4/16/2013 6:00,6.167763889
4/16/2013 12:00,2.395458334
4/16/2013 18:00,5.332347222
4/17/2013 0:00,6.670527778
4/17/2013 6:00,2.694472222
4/17/2013 12:00,3.703430556
4/17/2013 18:00,6.22425
4/18/2013 0:00,2.306277778
4/18/2013 6:00,6.446472222
4/18/2013 12:00,9.913944443
4/18/2013 18:00,4.531486111
4/19/2013 0:00,6.5985
4/19/2013 6:00,4.923777778
4/19/2013 12:00,4.771208333
4/19/2013 18:00,4.012152778
4/20/2013 0:00,6.174361111
4/20/2013 6:00,2.078416667
4/20/2013 12:00,2.474041667
4/20/2013 18:00,8.123208333
4/21/2013 0:00,9.240236112
4/21/2013 6:00,5.170694444
4/21/2013 12:00,2.212944445
4/21/2013 18:00,6.795166667
4/22/2013 0:00,5.424763889
4/22/2013 6:00,5.751375
4/22/2013 12:00,3.964388889
4/22/2013 18:00,9.231736111
4/23/2013 0:00,9.773652778
4/23/2013 6:00,3.32175
4/23/2013 12:00,3.15488889
4/23/2013 18:00,9.193722223
4/24/2013 0:00,12.01113889
4/24/2013 6:00,6.91025
4/24/2013 12:00,8.616527779
4/24/2013 18:00,9.237222223
4/25/2013 0:00,11.32305556
4/25/2013 6:00,4.505875
4/25/2013 12:00,4.415791667
4/25/2013 18:00,3.997430556
4/26/2013 0:00,5.635319444
4/26/2013 6:00,6.738458333
4/26/2013 12:00,12.14316667
4/26/2013 18:00,7.525222223
4/27/2013 0:00,7.693847223
4/27/2013 6:00,5.173888889
4/27/2013 12:00,9.413750001
4/27/2013 18:00,7.277638889
4/28/2013 0:00,4.897125
4/28/2013 6:00,3.773194445
4/28/2013 12:00,6.971847222
4/28/2013 18:00,10.98580556
4/29/2013 0:00,8.694513888
4/29/2013 6:00,2.776222222
4/29/2013 12:00,3.644291667
4/29/2013 18:00,5.772694444
4/30/2013 0:00,4.728458334
4/30/2013 6:00,3.611013889
4/30/2013 12:00,3.498152778
4/30/2013 18:00,6.236541667
5/1/2013 0:00,9.640874999
5/1/2013 6:00,8.566861111
5/1/2013 12:00,6.441083333
5/1/2013 18:00,4.676541667
5/2/2013 0:00,7.169722222
5/2/2013 6:00,9.574916665
5/2/2013 12:00,8.534
5/2/2013 18:00,7.559902778
5/3/2013 0:00,3.972125
5/3/2013 6:00,6.085777778
5/3/2013 12:00,10.43118056
5/3/2013 18:00,7.958583334
5/4/2013 0:00,9.952444445
5/4/2013 6:00,6.823986111
5/4/2013 12:00,5.374930556
5/4/2013 18:00,8.175472223
5/5/2013 0:00,6.072055555
5/5/2013 6:00,2.617361111
5/5/2013 12:00,3.369888889
5/5/2013 18:00,9.027027777
5/6/2013 0:00,9.870875
5/6/2013 6:00,7.152430556
5/6/2013 12:00,7.068708333
5/6/2013 18:00,6.632652778
5/7/2013 0:00,5.1975
5/7/2013 6:00,4.647305556
5/7/2013 12:00,4.847666667
5/7/2013 18:00,2.179333333
5/8/2013 0:00,2.401416667
5/8/2013 6:00,2.482430556
5/8/2013 12:00,2.35025
5/8/2013 18:00,5.064944445
5/9/2013 0:00,9.536166666
5/9/2013 6:00,4.086763889
5/9/2013 12:00,2.252111111
5/9/2013 18:00,6.723208332
5/10/2013 0:00,9.159750001
5/10/2013 6:00,3.290583333
5/10/2013 12:00,3.993430556
5/10/2013 18:00,6.382111111
5/11/2013 0:00,11.91158333
5/11/2013 6:00,7.517361112
5/11/2013 12:00,5.184138889
5/11/2013 18:00,3.912763889
5/12/2013 0:00,6.072208334
5/12/2013 6:00,2.826375
5/12/2013 12:00,3.946708334
5/12/2013 18:00,4.168597222
5/13/2013 0:00,5.865527778
5/13/2013 6:00,3.886458333
5/13/2013 12:00,3.046138889
5/13/2013 18:00,3.35325
5/14/2013 0:00,4.246041667
5/14/2013 6:00,1.996819444
5/14/2013 12:00,2.811708333
5/14/2013 18:00,2.150291667
5/15/2013 0:00,3.500486111
5/15/2013 6:00,2.324152778
5/15/2013 12:00,4.563152778
5/15/2013 18:00,11.20295833
5/16/2013 0:00,13.20822222
5/16/2013 6:00,7.302958333
5/16/2013 12:00,10.64143056
5/16/2013 18:00,7.596083333
5/17/2013 0:00,8.786027777
5/17/2013 6:00,7.891388889
5/17/2013 12:00,6.954361111
5/17/2013 18:00,6.339777778
5/18/2013 0:00,10.02468056
5/18/2013 6:00,6.955069445
5/18/2013 12:00,8.272041667
5/18/2013 18:00,5.547680556
5/19/2013 0:00,7.692013889
5/19/2013 6:00,7.740611111
5/19/2013 12:00,5.598138889
5/19/2013 18:00,2.643986111
5/20/2013 0:00,5.762638889
5/20/2013 6:00,5.057388889
5/20/2013 12:00,6.976375
5/20/2013 18:00,9.174736112
5/21/2013 0:00,11.200875
5/21/2013 6:00,3.186625
5/21/2013 12:00,3.827527778
5/21/2013 18:00,9.381138889
5/22/2013 0:00,10.72206944
5/22/2013 6:00,7.780958333
5/22/2013 12:00,8.001902778
5/22/2013 18:00,10.86748611
5/23/2013 0:00,10.21031945
5/23/2013 6:00,5.239222222
5/23/2013 12:00,8.379763889
5/23/2013 18:00,4.575486111
5/24/2013 0:00,5.290541667
5/24/2013 6:00,6.818916667
5/24/2013 12:00,7.980013889
5/24/2013 18:00,7.702833333
5/25/2013 0:00,8.054722223
5/25/2013 6:00,10.62715278
5/25/2013 12:00,11.63102778
5/25/2013 18:00,7.757611111
5/26/2013 0:00,9.214888888
5/26/2013 6:00,11.92140278
5/26/2013 12:00,18.78026389
5/26/2013 18:00,13.14241667
5/27/2013 0:00,13.37193056
5/27/2013 6:00,9.92275
5/27/2013 12:00,10.38798611
5/27/2013 18:00,9.321125
5/28/2013 0:00,6.856416667
5/28/2013 6:00,5.223333334
5/28/2013 12:00,3.334972223
5/28/2013 18:00,6.774625
5/29/2013 0:00,3.627361111
5/29/2013 6:00,2.603625
5/29/2013 12:00,6.557402778
5/29/2013 18:00,9.793958333
5/30/2013 0:00,13.14570833
5/30/2013 6:00,4.939888889
5/30/2013 12:00,6.692736111
5/30/2013 18:00,8.634652777
5/31/2013 0:00,3.684083333
5/31/2013 6:00,2.056013889
5/31/2013 12:00,4.227888889
5/31/2013 18:00,8.641625
6/1/2013 0:00,12.63961111
6/1/2013 6:00,5.295736111
6/1/2013 12:00,5.283486111
6/1/2013 18:00,4.710708333
6/2/2013 0:00,11.56638889
6/2/2013 6:00,4.095416667
6/2/2013 12:00,6.977222223
6/2/2013 18:00,8.089736111
6/3/2013 0:00,7.869236111
6/3/2013 6:00,3.649
6/3/2013 12:00,5.696986112
6/3/2013 18:00,11.72740278
6/4/2013 0:00,5.602347222
6/4/2013 6:00,6.368236111
6/4/2013 12:00,9.666166666
6/4/2013 18:00,12.13947222
6/5/2013 0:00,12.58670833
6/5/2013 6:00,15.10208333
6/5/2013 12:00,14.683875
6/5/2013 18:00,13.07948611
6/6/2013 0:00,12.03481945
6/6/2013 6:00,6.712583333
6/6/2013 12:00,10.50879167
6/6/2013 18:00,10.27094445
6/7/2013 0:00,7.589819445
6/7/2013 6:00,7.968652778
6/7/2013 12:00,13.30155556
6/7/2013 18:00,16.00143056
6/8/2013 0:00,10.03536111
6/8/2013 6:00,6.424458333
6/8/2013 12:00,9.265625001
6/8/2013 18:00,8.118
6/9/2013 0:00,10.59870833
6/9/2013 6:00,8.597097222
6/9/2013 12:00,7.495847222
6/9/2013 18:00,11.95713889
6/10/2013 0:00,11.30701389
6/10/2013 6:00,7.268569444
6/10/2013 12:00,8.183222223
6/10/2013 18:00,5.639263889
6/11/2013 0:00,4.680513889
6/11/2013 6:00,3.910277778
6/11/2013 12:00,6.905527778
6/11/2013 18:00,10.80541667
6/12/2013 0:00,16.34530556
6/12/2013 6:00,4.566736111
6/12/2013 12:00,5.580041667
6/12/2013 18:00,8.361944444
6/13/2013 0:00,7.197666667
6/13/2013 6:00,3.26175
6/13/2013 12:00,5.705416667
6/13/2013 18:00,11.05144444
6/14/2013 0:00,8.694027778
6/14/2013 6:00,6.357708333
6/14/2013 12:00,9.818680556
6/14/2013 18:00,8.029541666
6/15/2013 0:00,7.973902778
6/15/2013 6:00,11.13716667
6/15/2013 12:00,11.13609722
6/15/2013 18:00,7.729069445
6/16/2013 0:00,11.19436111
6/16/2013 6:00,8.750694445
6/16/2013 12:00,6.11325
6/16/2013 18:00,9.589986112
6/17/2013 0:00,12.29120833
6/17/2013 6:00,7.039791666
6/17/2013 12:00,7.774902778
6/17/2013 18:00,9.96475
6/18/2013 0:00,7.664861111
6/18/2013 6:00,4.422194445
6/18/2013 12:00,4.96175
6/18/2013 18:00,10.09866667
6/19/2013 0:00,9.700708335
6/19/2013 6:00,5.977611111
6/19/2013 12:00,4.970736111
6/19/2013 18:00,8.678333334
6/20/2013 0:00,9.760180556
6/20/2013 6:00,7.392847222
6/20/2013 12:00,5.712013889
6/20/2013 18:00,5.422097222
6/21/2013 0:00,7.21875
6/21/2013 6:00,12.50236111
6/21/2013 12:00,14.73756945
6/21/2013 18:00,12.99841667
6/22/2013 0:00,11.22427778
6/22/2013 6:00,7.114847222
6/22/2013 12:00,8.065777777
6/22/2013 18:00,9.134916666
6/23/2013 0:00,10.72843056
6/23/2013 6:00,5.617013889
6/23/2013 12:00,5.474236111
6/23/2013 18:00,12.15511111
6/24/2013 0:00,10.14955556
6/24/2013 6:00,5.851361111
6/24/2013 12:00,3.672416667
6/24/2013 18:00,6.769708334
6/25/2013 0:00,6.786888889
6/25/2013 6:00,4.474291667
6/25/2013 12:00,8.944916666
6/25/2013 18:00,12.26170833
6/26/2013 0:00,7.748416667
6/26/2013 6:00,5.678583333
6/26/2013 12:00,8.733749999
6/26/2013 18:00,4.777819445
6/27/2013 0:00,8.785972222
6/27/2013 6:00,5.448194445
6/27/2013 12:00,8.639875001
6/27/2013 18:00,7.542055556
6/28/2013 0:00,10.52204167
6/28/2013 6:00,3.668361111
6/28/2013 12:00,9.355944445
6/28/2013 18:00,8.439708334
6/29/2013 0:00,8.584041666
6/29/2013 6:00,4.531319444
6/29/2013 12:00,6.816249999
6/29/2013 18:00,5.579305555
6/30/2013 0:00,6.3795
6/30/2013 6:00,7.58675
6/30/2013 12:00,5.287069445
6/30/2013 18:00,9.215861111
7/1/2013 0:00,9.648208333
7/1/2013 6:00,5.005222222
7/1/2013 12:00,8.106875
7/1/2013 18:00,13.010875
7/2/2013 0:00,11.86566667
7/2/2013 6:00,5.601402778
7/2/2013 12:00,6.750666666
7/2/2013 18:00,5.428291667
7/3/2013 0:00,4.165722222
7/3/2013 6:00,5.135180556
7/3/2013 12:00,10.72858333
7/3/2013 18:00,7.914486111
7/4/2013 0:00,6.166277778
7/4/2013 6:00,5.582027778
7/4/2013 12:00,7.905555556
7/4/2013 18:00,7.879874999
7/5/2013 0:00,7.590583333
7/5/2013 6:00,3.096444445
7/5/2013 12:00,8.83326389
7/5/2013 18:00,9.925805555
7/6/2013 0:00,6
7/6/2013 6:00,6.201861111
7/6/2013 12:00,7.801569445
7/6/2013 18:00,7.090902778
7/7/2013 0:00,5.879597222
7/7/2013 6:00,3.350916667
7/7/2013 12:00,5.447347222
7/7/2013 18:00,5.285861111
7/8/2013 0:00,3.970777778
7/8/2013 6:00,2.129236111
7/8/2013 12:00,6.126791667
7/8/2013 18:00,5.495083333
7/9/2013 0:00,3.598708333
7/9/2013 6:00,2.935763889
7/9/2013 12:00,5.07975
7/9/2013 18:00,6.088763889
7/10/2013 0:00,7.232402778
7/10/2013 6:00,3.005486111
7/10/2013 12:00,4.367555556
7/10/2013 18:00,9.158833333
7/11/2013 0:00,11.78755555
7/11/2013 6:00,6.631097222
7/11/2013 12:00,3.933527778
7/11/2013 18:00,8.832138888
7/12/2013 0:00,9.1255
7/12/2013 6:00,2.541791667
7/12/2013 12:00,7.882138888
7/12/2013 18:00,4.762083333
7/13/2013 0:00,7.450027778
7/13/2013 6:00,2.492930556
7/13/2013 12:00,4.501541667
7/13/2013 18:00,10.29344445
7/14/2013 0:00,9.919430557
7/14/2013 6:00,6.056041667
7/14/2013 12:00,8.417111111
7/14/2013 18:00,6.295472222
7/15/2013 0:00,10.01634722
7/15/2013 6:00,4.501888889
7/15/2013 12:00,4.959777778
7/15/2013 18:00,6.020013889
7/16/2013 0:00,3.607638889
7/16/2013 6:00,4.163375
7/16/2013 12:00,10.562375
7/16/2013 18:00,6.719986111
7/17/2013 0:00,6.054958334
7/17/2013 6:00,6.351569445
7/17/2013 12:00,4.447027778
7/17/2013 18:00,6.733722222
7/18/2013 0:00,5.337902778
7/18/2013 6:00,2.54275
7/18/2013 12:00,6.809958333
7/18/2013 18:00,6.366736111
7/19/2013 0:00,6.021916667
7/19/2013 6:00,5.843833334
7/19/2013 12:00,6.932763889
7/19/2013 18:00,10.85973611
7/20/2013 0:00,10.46980556
7/20/2013 6:00,7.179055556
7/20/2013 12:00,8.231597222
7/20/2013 18:00,10.63088889
7/21/2013 0:00,8.978888889
7/21/2013 6:00,2.003263889
7/21/2013 12:00,6.899944445
7/21/2013 18:00,3.591
7/22/2013 0:00,4.063958333
7/22/2013 6:00,2.485305555
7/22/2013 12:00,7.090166667
7/22/2013 18:00,4.769527778
7/23/2013 0:00,5.765972222
7/23/2013 6:00,2.729430556
7/23/2013 12:00,6.491986111
7/23/2013 18:00,6.362708333
7/24/2013 0:00,3.662041667
7/24/2013 6:00,3.218166667
7/24/2013 12:00,8.005236112
7/24/2013 18:00,9.157416668
7/25/2013 0:00,7.631
7/25/2013 6:00,6.124847223
7/25/2013 12:00,5.397194444
7/25/2013 18:00,2.8305
7/26/2013 0:00,3.224958333
7/26/2013 6:00,3.545527778
7/26/2013 12:00,4.94625
7/26/2013 18:00,7.980124999
7/27/2013 0:00,8.074972222
7/27/2013 6:00,8.674722222
7/27/2013 12:00,9.322777776
7/27/2013 18:00,6.976277778
7/28/2013 0:00,8.213680556
7/28/2013 6:00,2.425111111
7/28/2013 12:00,4.905763889
7/28/2013 18:00,3.935055556
7/29/2013 0:00,3.125541667
7/29/2013 6:00,3.704541667
7/29/2013 12:00,6.862652777
7/29/2013 18:00,7.892263888
7/30/2013 0:00,4.553388889
7/30/2013 6:00,2.857277778
7/30/2013 12:00,4.305333333
7/30/2013 18:00,4.335777778
7/31/2013 0:00,10.44795833
7/31/2013 6:00,4.609069445
7/31/2013 12:00,4.205263888
7/31/2013 18:00,8.618569445
8/1/2013 0:00,11.82815278
8/1/2013 6:00,3.630861111
8/1/2013 12:00,7.268375
8/1/2013 18:00,7.672291667
8/2/2013 0:00,6.349791667
8/2/2013 6:00,4.502763889
8/2/2013 12:00,8.432763889
8/2/2013 18:00,9.015180555
8/3/2013 0:00,7.264013889
8/3/2013 6:00,3.758041667
8/3/2013 12:00,5.311777778
8/3/2013 18:00,5.102361111
8/4/2013 0:00,7.488902778
8/4/2013 6:00,4.739958333
8/4/2013 12:00,4.655458333
8/4/2013 18:00,6.939347221
8/5/2013 0:00,10.874
8/5/2013 6:00,8.798666666
8/5/2013 12:00,6.379708333
8/5/2013 18:00,6.964791667
8/6/2013 0:00,9.219555555
8/6/2013 6:00,4.363833333
8/6/2013 12:00,9.701499999
8/6/2013 18:00,5.789486111
8/7/2013 0:00,5.163166667
8/7/2013 6:00,5.498236111
8/7/2013 12:00,6.734833333
8/7/2013 18:00,6.539902778
8/8/2013 0:00,7.364194445
8/8/2013 6:00,4.081444445
8/8/2013 12:00,3.725777778
8/8/2013 18:00,5.654708333
8/9/2013 0:00,8.327569445
8/9/2013 6:00,5.390958333
8/9/2013 12:00,7.436611111
8/9/2013 18:00,10.20779167
8/10/2013 0:00,8.69761111
8/10/2013 6:00,2.774222222
8/10/2013 12:00,6.898236111
8/10/2013 18:00,6.026333333
8/11/2013 0:00,6.923916667
8/11/2013 6:00,6.003513889
8/11/2013 12:00,9.496430557
8/11/2013 18:00,2.751222222
8/12/2013 0:00,4.077111111
8/12/2013 6:00,2.675
8/12/2013 12:00,4.445472222
8/12/2013 18:00,8.036847222
8/13/2013 0:00,11.66565278
8/13/2013 6:00,5.638555556
8/13/2013 12:00,6.394500001
8/13/2013 18:00,8.474694445
8/14/2013 0:00,6.42825
8/14/2013 6:00,4.327986111
8/14/2013 12:00,4.348819444
8/14/2013 18:00,9.536194445
8/15/2013 0:00,8.10026389
8/15/2013 6:00,4.434263889
8/15/2013 12:00,10.56808333
8/15/2013 18:00,6.034805556
8/16/2013 0:00,4.719847222
8/16/2013 6:00,6.769902778
8/16/2013 12:00,7.329319445
8/16/2013 18:00,7.140611111
8/17/2013 0:00,7.579930556
8/17/2013 6:00,4.046694445
8/17/2013 12:00,7.856402777
8/17/2013 18:00,8.851722222
8/18/2013 0:00,6.0075
8/18/2013 6:00,7.272986111
8/18/2013 12:00,6.058833333
8/18/2013 18:00,6.911041667
8/19/2013 0:00,9.184000001
8/19/2013 6:00,4.624555556
8/19/2013 12:00,3.839625
8/19/2013 18:00,9.101250001
8/20/2013 0:00,9.627319444
8/20/2013 6:00,5.477180555
8/20/2013 12:00,6.587986111
8/20/2013 18:00,4.981347222
8/21/2013 0:00,6.83675
8/21/2013 6:00,2.891138889
8/21/2013 12:00,4.965277778
8/21/2013 18:00,9.888333334
8/22/2013 0:00,10.41625
8/22/2013 6:00,5.981013889
8/22/2013 12:00,4.605347222
8/22/2013 18:00,5.837277778
8/23/2013 0:00,4.620194444
8/23/2013 6:00,5.003680556
8/23/2013 12:00,4.050194444
8/23/2013 18:00,4.216611111
8/24/2013 0:00,3.528069445
8/24/2013 6:00,2.134138889
8/24/2013 12:00,5.437013889
8/24/2013 18:00,8.968611111
8/25/2013 0:00,9.647027779
8/25/2013 6:00,9.349875
8/25/2013 12:00,3.699944445
8/25/2013 18:00,7.982041667
8/26/2013 0:00,12.35998611
8/26/2013 6:00,4.408972222
8/26/2013 12:00,6.968652778
8/26/2013 18:00,11.37176389
8/27/2013 0:00,10.64975
8/27/2013 6:00,7.002958334
8/27/2013 12:00,7.556041667
8/27/2013 18:00,7.398638889
8/28/2013 0:00,7.385430555
8/28/2013 6:00,5.766361111
8/28/2013 12:00,6.936041666
8/28/2013 18:00,4.862166667
8/29/2013 0:00,8.932263889
8/29/2013 6:00,6.376861111
8/29/2013 12:00,6.180361111
8/29/2013 18:00,3.358347222
8/30/2013 0:00,1.769694445
8/30/2013 6:00,2.990888889
8/30/2013 12:00,6.546444444
8/30/2013 18:00,5.943763888
8/31/2013 0:00,14.49175
8/31/2013 6:00,11.43913889
8/31/2013 12:00,10.92365278
8/31/2013 18:00,12.931375
9/1/2013 0:00,11.69938889
9/1/2013 6:00,3.737541666
9/1/2013 12:00,6.723305555
9/1/2013 18:00,3.720555555
9/2/2013 0:00,7.565888888
9/2/2013 6:00,3.495722222
9/2/2013 12:00,4.698805556
9/2/2013 18:00,4.696791667
9/3/2013 0:00,4.663277778
9/3/2013 6:00,5.751722222
9/3/2013 12:00,2.583736111
9/3/2013 18:00,4.247694444
9/4/2013 0:00,4.897986111
9/4/2013 6:00,5.839819445
9/4/2013 12:00,4.369486111
9/4/2013 18:00,6.716791667
9/5/2013 0:00,9.416930555
9/5/2013 6:00,4.218527778
9/5/2013 12:00,6.900638889
9/5/2013 18:00,10.63929167
9/6/2013 0:00,9.760791667
9/6/2013 6:00,3.727375
9/6/2013 12:00,2.495347222
9/6/2013 18:00,4.852555556
9/7/2013 0:00,8.797833333
9/7/2013 6:00,4.276972222
9/7/2013 12:00,6.253083334
9/7/2013 18:00,1.591986111
9/8/2013 0:00,2.012541667
9/8/2013 6:00,1.31825
9/8/2013 12:00,2.200388889
9/8/2013 18:00,5.447263889
9/9/2013 0:00,5.789513889
9/9/2013 6:00,8.478083334
9/9/2013 12:00,11.11577778
9/9/2013 18:00,12.66679167
9/10/2013 0:00,8.484569445
9/10/2013 6:00,3.794277778
9/10/2013 12:00,3.309652778
9/10/2013 18:00,5.506680556
9/11/2013 0:00,5.042736111
9/11/2013 6:00,3.856486111
9/11/2013 12:00,5.443749999
9/11/2013 18:00,7.275263889
9/12/2013 0:00,7.069083333
9/12/2013 6:00,6.114333333
9/12/2013 12:00,3.808152777
9/12/2013 18:00,2.877208333
9/13/2013 0:00,2.866236111
9/13/2013 6:00,2.519777778
9/13/2013 12:00,2.424402778
9/13/2013 18:00,5.126805556
9/14/2013 0:00,4.658361111
9/14/2013 6:00,1.9605
9/14/2013 12:00,2.675138889
9/14/2013 18:00,11.28266667
9/15/2013 0:00,8.617319445
9/15/2013 6:00,3.474555556
9/15/2013 12:00,4.108291667
9/15/2013 18:00,10.13591667
9/16/2013 0:00,8.272722222
9/16/2013 6:00,6.239597222
9/16/2013 12:00,3.714152778
9/16/2013 18:00,7.333125
9/17/2013 0:00,8.076055556
9/17/2013 6:00,6.135069445
9/17/2013 12:00,3.924291667
9/17/2013 18:00,6.899194445
9/18/2013 0:00,8.069611112
9/18/2013 6:00,4.760833333
9/18/2013 12:00,2.452291667
9/18/2013 18:00,7.915583333
9/19/2013 0:00,5.266513889
9/19/2013 6:00,6.331611111
9/19/2013 12:00,4.4455
9/19/2013 18:00,7.175694444
9/20/2013 0:00,11.79179167
9/20/2013 6:00,6.877958334
9/20/2013 12:00,5.110152778
9/20/2013 18:00,4.905930555
9/21/2013 0:00,8.574
9/21/2013 6:00,4.912222222
9/21/2013 12:00,4.579722223
9/21/2013 18:00,3.257736111
9/22/2013 0:00,2.442027778
9/22/2013 6:00,4.370597222
9/22/2013 12:00,8.793166666
9/22/2013 18:00,12.37938889
9/23/2013 0:00,11.26286111
9/23/2013 6:00,6.494138889
9/23/2013 12:00,2.965555556
9/23/2013 18:00,2.466361111
9/24/2013 0:00,6.830750001
9/24/2013 6:00,6.571069444
9/24/2013 12:00,5.672194445
9/24/2013 18:00,4.069972222
9/25/2013 0:00,3.744
9/25/2013 6:00,5.571555555
9/25/2013 12:00,2.971791667
9/25/2013 18:00,6.102513889
9/26/2013 0:00,3.646402778
9/26/2013 6:00,2.258763889
9/26/2013 12:00,8.696916667
9/26/2013 18:00,5.466069444
9/27/2013 0:00,7.481208333
9/27/2013 6:00,4.743694445
9/27/2013 12:00,3.40025
9/27/2013 18:00,3.007638889
9/28/2013 0:00,3.649111111
9/28/2013 6:00,2.089638889
9/28/2013 12:00,3.064625
9/28/2013 18:00,9.214527777
9/29/2013 0:00,9.623763888
9/29/2013 6:00,3.671694445
9/29/2013 12:00,4.518041667
9/29/2013 18:00,8.903388889
9/30/2013 0:00,7.546666667
9/30/2013 6:00,9.387444445
9/30/2013 12:00,8.761555556
9/30/2013 18:00,8.978583334
10/1/2013 0:00,9.885013889
10/1/2013 6:00,6.926694445
10/1/2013 12:00,6.062902778
10/1/2013 18:00,5.901555556
10/2/2013 0:00,9.271972222
10/2/2013 6:00,4.025680556
10/2/2013 12:00,1.956166667
10/2/2013 18:00,9.085541666
10/3/2013 0:00,7.042236111
10/3/2013 6:00,7.040152777
10/3/2013 12:00,6.056763889
10/3/2013 18:00,10.43066667
10/4/2013 0:00,6.961972222
10/4/2013 6:00,3.164
10/4/2013 12:00,6.901930556
10/4/2013 18:00,9.474930556
10/5/2013 0:00,7.491583334
10/5/2013 6:00,4.67775
10/5/2013 12:00,3.452472222
10/5/2013 18:00,5.764833334
10/6/2013 0:00,6.277625
10/6/2013 6:00,4.657472222
10/6/2013 12:00,5.764541667
10/6/2013 18:00,4.625416667
10/7/2013 0:00,8.323180556
10/7/2013 6:00,4.935583333
10/7/2013 12:00,3.487180556
10/7/2013 18:00,10.18234722
10/8/2013 0:00,5.051763889
10/8/2013 6:00,3.014569445
10/8/2013 12:00,3.236083334
10/8/2013 18:00,7.214777778
10/9/2013 0:00,13.85251389
10/9/2013 6:00,5.733166667
10/9/2013 12:00,3.957097222
10/9/2013 18:00,4.480847222
10/10/2013 0:00,12.28552778
10/10/2013 6:00,6.446388889
10/10/2013 12:00,6.248611111
10/10/2013 18:00,7.931097222
10/11/2013 0:00,6.078916667
10/11/2013 6:00,4.664430556
10/11/2013 12:00,5.60375
10/11/2013 18:00,7.147222222
10/12/2013 0:00,11.75972222
10/12/2013 6:00,11.8465
10/12/2013 12:00,12.174625
10/12/2013 18:00,10.00222222
10/13/2013 0:00,11.41638889
10/13/2013 6:00,9.172763888
10/13/2013 12:00,11.00211111
10/13/2013 18:00,10.81568056
10/14/2013 0:00,7.994291667
10/14/2013 6:00,3.993069444
10/14/2013 12:00,3.312347222
10/14/2013 18:00,8.170111111
10/15/2013 0:00,5.187013889
10/15/2013 6:00,3.772569444
10/15/2013 12:00,3.466013889
10/15/2013 18:00,9.887541666
10/16/2013 0:00,6.667861111
10/16/2013 6:00,8.133819445
10/16/2013 12:00,7.378486111
10/16/2013 18:00,12.40594444
10/17/2013 0:00,15.20573611
10/17/2013 6:00,12.62079166
10/17/2013 12:00,12.27038889
10/17/2013 18:00,7.4555
10/18/2013 0:00,7.513694445
10/18/2013 6:00,2.289916667
10/18/2013 12:00,6.2875
10/18/2013 18:00,2.964833333
10/19/2013 0:00,4.803763889
10/19/2013 6:00,4.30125
10/19/2013 12:00,4.414958334
10/19/2013 18:00,4.741847222
10/20/2013 0:00,5.325416667
10/20/2013 6:00,4.937041667
10/20/2013 12:00,5.457208333
10/20/2013 18:00,10.23533333
10/21/2013 0:00,11.80002778
10/21/2013 6:00,5.310333333
10/21/2013 12:00,6.111777778
10/21/2013 18:00,4.452305556
10/22/2013 0:00,4.789805556
10/22/2013 6:00,4.459222222
10/22/2013 12:00,9.273708334
10/22/2013 18:00,7.805097222
10/23/2013 0:00,8.101125001
10/23/2013 6:00,6.986222222
10/23/2013 12:00,8.530944445
10/23/2013 18:00,4.569513889
10/24/2013 0:00,5.740625
10/24/2013 6:00,4.124555556
10/24/2013 12:00,4.645638889
10/24/2013 18:00,8.488138889
10/25/2013 0:00,8.073291667
10/25/2013 6:00,4.467263889
10/25/2013 12:00,5.265194444
10/25/2013 18:00,7.404597222
10/26/2013 0:00,8.069819444
10/26/2013 6:00,4.242680556
10/26/2013 12:00,3.530527778
10/26/2013 18:00,11.39865278
10/27/2013 0:00,8.532875001
10/27/2013 6:00,2.202111111
10/27/2013 12:00,3.774888889
10/27/2013 18:00,11.407375
10/28/2013 0:00,9.305222221
10/28/2013 6:00,3.407583334
10/28/2013 12:00,2.391583333
10/28/2013 18:00,2.905958333
10/29/2013 0:00,5.903125
10/29/2013 6:00,4.494472222
10/29/2013 12:00,3.819013889
10/29/2013 18:00,2.06775
10/30/2013 0:00,4.384027778
10/30/2013 6:00,3.107833334
10/30/2013 12:00,5.194819444
10/30/2013 18:00,6.8335
10/31/2013 0:00,4.849666667
10/31/2013 6:00,3.541430556
10/31/2013 12:00,2.899569444
10/31/2013 18:00,5.837125
11/1/2013 0:00,12.01033333
11/1/2013 6:00,5.987819444
11/1/2013 12:00,2.916055556
11/1/2013 18:00,7.103180555
11/2/2013 0:00,10.358875
11/2/2013 6:00,5.566138889
11/2/2013 12:00,6.226055555
11/2/2013 18:00,6.142444444
11/3/2013 0:00,9.130305557
11/3/2013 6:00,6.526638888
11/3/2013 12:00,2.742291667
11/3/2013 18:00,4.440833333
11/4/2013 0:00,3.745055556
11/4/2013 6:00,5.550513889
11/4/2013 12:00,6.052152778
11/4/2013 18:00,5.358805556
11/5/2013 0:00,1.985583333
11/5/2013 6:00,0.836583334
11/5/2013 12:00,1.146541667
11/5/2013 18:00,8.023597222
11/6/2013 0:00,5.278958333
11/6/2013 6:00,1.581388889
11/6/2013 12:00,5.268569445
11/6/2013 18:00,6.489583333
11/7/2013 0:00,4.804277778
11/7/2013 6:00,5.402833333
11/7/2013 12:00,3.064916667
11/7/2013 18:00,4.624347222
11/8/2013 0:00,7.632319444
11/8/2013 6:00,4.234166667
11/8/2013 12:00,7.434861111
11/8/2013 18:00,9.945055556
11/9/2013 0:00,9.582375001
11/9/2013 6:00,11.64323611
11/9/2013 12:00,7.487472222
11/9/2013 18:00,11.33991667
11/10/2013 0:00,13.01954167
11/10/2013 6:00,15.59359722
11/10/2013 12:00,13.17209722
11/10/2013 18:00,7.022180555
11/11/2013 0:00,3.792805556
11/11/2013 6:00,2.952652778
11/11/2013 12:00,9.573833334
11/11/2013 18:00,6.30375
11/12/2013 0:00,4.76975
11/12/2013 6:00,4.000597222
11/12/2013 12:00,6.800583334
11/12/2013 18:00,11.50913889
11/13/2013 0:00,5.727152778
11/13/2013 6:00,6.282708334
11/13/2013 12:00,3.734916667
11/13/2013 18:00,5.409569445
11/14/2013 0:00,10.45098611
11/14/2013 6:00,7.06601389
11/14/2013 12:00,3.520472222
11/14/2013 18:00,6.384666667
11/15/2013 0:00,4.818430556
11/15/2013 6:00,4.219930556
11/15/2013 12:00,5.228291667
11/15/2013 18:00,12.15756944
11/16/2013 0:00,15.01616667
11/16/2013 6:00,8.897749999
11/16/2013 12:00,4.195305556
11/16/2013 18:00,10.19329167
11/17/2013 0:00,11.96504167
11/17/2013 6:00,5.076291667
11/17/2013 12:00,5.900888889
11/17/2013 18:00,8.372805555
11/18/2013 0:00,11.89980556
11/18/2013 6:00,9.825847222
11/18/2013 12:00,5.083458334
11/18/2013 18:00,6.590027778
11/19/2013 0:00,8.248375
11/19/2013 6:00,3.066180556
11/19/2013 12:00,4.140916667
11/19/2013 18:00,8.779319445
11/20/2013 0:00,3.500055556
11/20/2013 6:00,2.642625
11/20/2013 12:00,6.815388889
11/20/2013 18:00,10.00741667
11/21/2013 0:00,9.352361112
11/21/2013 6:00,7.069125
11/21/2013 12:00,6.314861111
11/21/2013 18:00,13.02295833
11/22/2013 0:00,10.44425
11/22/2013 6:00,5.512833333
11/22/2013 12:00,5.240458333
11/22/2013 18:00,4.695986111
11/23/2013 0:00,7.709416667
11/23/2013 6:00,7.266847223
11/23/2013 12:00,4.179736111
11/23/2013 18:00,6.625069445
11/24/2013 0:00,6.032444444
11/24/2013 6:00,7.473291667
11/24/2013 12:00,11.08275
11/24/2013 18:00,9.384791667
11/25/2013 0:00,5.367611111
11/25/2013 6:00,5.073430556
11/25/2013 12:00,6.223527778
11/25/2013 18:00,9.564333333
11/26/2013 0:00,9.132194445
11/26/2013 6:00,6.316138889
11/26/2013 12:00,4.753638889
11/26/2013 18:00,11.96730556
11/27/2013 0:00,11.04320833
11/27/2013 6:00,7.22726389
11/27/2013 12:00,5.351444444
11/27/2013 18:00,2.344055556
11/28/2013 0:00,9.994527777
11/28/2013 6:00,7.954874999
11/28/2013 12:00,3.488402778
11/28/2013 18:00,6.007291667
11/29/2013 0:00,6.424236111
11/29/2013 6:00,8.081194444
11/29/2013 12:00,5.840638889
11/29/2013 18:00,3.649097222
11/30/2013 0:00,2.363805556
11/30/2013 6:00,4.793152778
11/30/2013 12:00,6.479347222
11/30/2013 18:00,9.964972223
12/1/2013 0:00,6.321166666
12/1/2013 6:00,5.467986111
12/1/2013 12:00,3.696305556
12/1/2013 18:00,6.044416666
12/2/2013 0:00,11.84630556
12/2/2013 6:00,5.746472222
12/2/2013 12:00,7.455958334
12/2/2013 18:00,12.69586111
12/3/2013 0:00,11.08752778
12/3/2013 6:00,8.386986111
12/3/2013 12:00,5.015555556
12/3/2013 18:00,7.897041667
12/4/2013 0:00,5.905944445
12/4/2013 6:00,4.982013889
12/4/2013 12:00,8.270138889
12/4/2013 18:00,5.593111111
12/5/2013 0:00,7.178444444
12/5/2013 6:00,5.038291667
12/5/2013 12:00,7.78701389
12/5/2013 18:00,10.27973611
12/6/2013 0:00,6.138916667
12/6/2013 6:00,3.455083333
12/6/2013 12:00,5.304152778
12/6/2013 18:00,12.08788889
12/7/2013 0:00,9.036291667
12/7/2013 6:00,7.230319445
12/7/2013 12:00,5.374819445
12/7/2013 18:00,8.953347222
12/8/2013 0:00,14.23926389
12/8/2013 6:00,9.890097222
12/8/2013 12:00,11.09841667
12/8/2013 18:00,8.435041667
12/9/2013 0:00,8.747097222
12/9/2013 6:00,10.64541667
12/9/2013 12:00,9.102930556
12/9/2013 18:00,5.741833333
12/10/2013 0:00,8.316875001
12/10/2013 6:00,8.263236112
12/10/2013 12:00,9.597430555
12/10/2013 18:00,5.324319444
12/11/2013 0:00,2.351694445
12/11/2013 6:00,4.989375
12/11/2013 12:00,8.447097221
12/11/2013 18:00,10.36194445
12/12/2013 0:00,8.332930555
12/12/2013 6:00,12.07491667
12/12/2013 12:00,6.393972222
12/12/2013 18:00,7.856152778
12/13/2013 0:00,12.18684722
12/13/2013 6:00,11.29006944
12/13/2013 12:00,4.757013889
12/13/2013 18:00,8.365277778
12/14/2013 0:00,7.307472222
12/14/2013 6:00,3.940208333
12/14/2013 12:00,5.915083334
12/14/2013 18:00,9.033930556
12/15/2013 0:00,9.614916667
12/15/2013 6:00,9.562361112
12/15/2013 12:00,7.181597222
12/15/2013 18:00,6.199333333
12/16/2013 0:00,7.622513889
12/16/2013 6:00,8.885361111
12/16/2013 12:00,6.713111111
12/16/2013 18:00,10.47758334
12/17/2013 0:00,7.992777778
12/17/2013 6:00,12.674125
12/17/2013 12:00,14.25290278
12/17/2013 18:00,13.93841666
12/18/2013 0:00,11.39711111
12/18/2013 6:00,3.678791667
12/18/2013 12:00,11.22523611
12/18/2013 18:00,6.274388889
12/19/2013 0:00,9.263583333
12/19/2013 6:00,11.59868056
12/19/2013 12:00,14.84606945
12/19/2013 18:00,11.04876389
12/20/2013 0:00,10.36558333
12/20/2013 6:00,8.644708333
12/20/2013 12:00,6.488583333
12/20/2013 18:00,8.174333333
12/21/2013 0:00,11.73234722
12/21/2013 6:00,11.05327778
12/21/2013 12:00,5.920930556
12/21/2013 18:00,12.82809722
12/22/2013 0:00,11.14363889
12/22/2013 6:00,8.882999999
12/22/2013 12:00,5.430430556
12/22/2013 18:00,10.892875
12/23/2013 0:00,14.60927778
12/23/2013 6:00,10.03451389
12/23/2013 12:00,6.706847222
12/23/2013 18:00,9.97915278
12/24/2013 0:00,12.15623611
12/24/2013 6:00,5.303444445
12/24/2013 12:00,3.946069444
12/24/2013 18:00,3.430652778
12/25/2013 0:00,5.173958333
12/25/2013 6:00,5.663875
12/25/2013 12:00,3.333180556
12/25/2013 18:00,10.14511111
12/26/2013 0:00,9.020166666
12/26/2013 6:00,5.507166667
12/26/2013 12:00,3.684763889
12/26/2013 18:00,3.934416667
12/27/2013 0:00,4.636791667
12/27/2013 6:00,3.530069444
12/27/2013 12:00,4.133236111
12/27/2013 18:00,2.868819444
12/28/2013 0:00,1.671166667
12/28/2013 6:00,2.910625
12/28/2013 12:00,4.181152778
12/28/2013 18:00,3.648958334
12/29/2013 0:00,5.092694445
12/29/2013 6:00,5.622055556
12/29/2013 12:00,12.17954167
12/29/2013 18:00,11.29801389
12/30/2013 0:00,4.840333333
12/30/2013 6:00,3.612472222
12/30/2013 12:00,6.701666667
12/30/2013 18:00,3.160041667
12/31/2013 0:00,1.652805556
12/31/2013 6:00,2.987777778
12/31/2013 12:00,5.408430556
12/31/2013 18:00,7.114680555
