1/1/2013 0:00,13.874125
1/1/2013 6:00,14.97573611
1/1/2013 12:00,15.02188889
1/1/2013 18:00,14.11118055
1/2/2013 0:00,12.45715277
1/2/2013 6:00,13.28301389
1/2/2013 12:00,12.17211111
1/2/2013 18:00,9.934097223
1/3/2013 0:00,7.839680555
1/3/2013 6:00,4.169125
1/3/2013 12:00,5.637180556
1/3/2013 18:00,10.63980556
1/4/2013 0:00,10.51586111
1/4/2013 6:00,7.719472223
1/4/2013 12:00,7.644527777
1/4/2013 18:00,10.81538889
1/5/2013 0:00,7.492527778
1/5/2013 6:00,8.23738889
1/5/2013 12:00,9.568944445
1/5/2013 18:00,14.83195833
1/6/2013 0:00,13.92613889
1/6/2013 6:00,10.19794444
1/6/2013 12:00,7.323027778
1/6/2013 18:00,10.66627778
1/7/2013 0:00,10.02148611
1/7/2013 6:00,7.229236112
1/7/2013 12:00,5.644541666
1/7/2013 18:00,6.991111111
1/8/2013 0:00,6.079444444
1/8/2013 6:00,3.918958333
1/8/2013 12:00,1.823291667
1/8/2013 18:00,2.054
1/9/2013 0:00,2.368416667
1/9/2013 6:00,4.433486111
1/9/2013 12:00,8.408305555
1/9/2013 18:00,13.32836111
1/10/2013 0:00,8.749763888
1/10/2013 6:00,4.120541667
1/10/2013 12:00,3.992208333
1/10/2013 18:00,6.949291667
1/11/2013 0:00,7.266416667
1/11/2013 6:00,4.495736111
1/11/2013 12:00,3.870930555
1/11/2013 18:00,4.598708333
1/12/2013 0:00,8.827819445
1/12/2013 6:00,8.867847222
1/12/2013 12:00,11.40718056
1/12/2013 18:00,12.10306944
1/13/2013 0:00,11.17179167
1/13/2013 6:00,9.576416667
1/13/2013 12:00,8.182097222
1/13/2013 18:00,8.330888889
1/14/2013 0:00,5.36625
1/14/2013 6:00,2.264486111
1/14/2013 12:00,3.001097222
1/14/2013 18:00,3.410958334
1/15/2013 0:00,2.131583333
1/15/2013 6:00,6.200291667
1/15/2013 12:00,10.29186111
1/15/2013 18:00,15.34677778
1/16/2013 0:00,15.06436111
1/16/2013 6:00,13.77140278
1/16/2013 12:00,13.02566666
1/16/2013 18:00,13.97106945
1/17/2013 0:00,10.76186111
1/17/2013 6:00,9.773416667
1/17/2013 12:00,11.26331945
1/17/2013 18:00,10.87291667
1/18/2013 0:00,5.639138889
1/18/2013 6:00,2.189861111
1/18/2013 12:00,6.501638889
1/18/2013 18:00,11.53093055
1/19/2013 0:00,10.44401389
1/19/2013 6:00,7.237444445
1/19/2013 12:00,5.943041667
1/19/2013 18:00,5.390611111
1/20/2013 0:00,3.821486111
1/20/2013 6:00,6.12425
1/20/2013 12:00,6.907930556
1/20/2013 18:00,6.466930555
1/21/2013 0:00,7.611722222
1/21/2013 6:00,5.889180556
1/21/2013 12:00,5.328347222
1/21/2013 18:00,9.661388888
1/22/2013 0:00,11.05405556
1/22/2013 6:00,11.62848611
1/22/2013 12:00,12.41691667
1/22/2013 18:00,14.87752778
1/23/2013 0:00,14.02591667
1/23/2013 6:00,13.03541667
1/23/2013 12:00,12.19525
1/23/2013 18:00,9.675916666
1/24/2013 0:00,7.0385
1/24/2013 6:00,5.908861111
1/24/2013 12:00,4.153166667
1/24/2013 18:00,2.84175
1/25/2013 0:00,3.338694444
1/25/2013 6:00,3.747763889
1/25/2013 12:00,4.522375
1/25/2013 18:00,5.435555556
1/26/2013 0:00,3.958263889
1/26/2013 6:00,4.032013889
1/26/2013 12:00,5.038416667
1/26/2013 18:00,7.082013889
1/27/2013 0:00,8.660805556
1/27/2013 6:00,5.955527777
1/27/2013 12:00,3.7225
1/27/2013 18:00,7.055069444
1/28/2013 0:00,9.334486112
1/28/2013 6:00,10.40034722
1/28/2013 12:00,10.62973611
1/28/2013 18:00,13.27711111
1/29/2013 0:00,12.82306944
1/29/2013 6:00,10.69326389
1/29/2013 12:00,8.637347222
1/29/2013 18:00,5.263638889
1/30/2013 0:00,7.089152778
1/30/2013 6:00,12.06495834
1/30/2013 12:00,13.93626389
1/30/2013 18:00,17.403625
1/31/2013 0:00,16.59454167
1/31/2013 6:00,14.26781945
1/31/2013 12:00,13.47534722
1/31/2013 18:00,9.913319444
2/1/2013 0:00,6.198694444
2/1/2013 6:00,2.475375
2/1/2013 12:00,2.818291667
2/1/2013 18:00,3.915152778
2/2/2013 0:00,3.314194445
2/2/2013 6:00,1.631527778
2/2/2013 12:00,2.611847222
2/2/2013 18:00,2.941097222
2/3/2013 0:00,3.572305556
2/3/2013 6:00,4.213736111
2/3/2013 12:00,4.833138889
2/3/2013 18:00,8.486333334
2/4/2013 0:00,8.69875
2/4/2013 6:00,8.052833333
2/4/2013 12:00,7.413944444
2/4/2013 18:00,7.189069444
2/5/2013 0:00,7.611305556
2/5/2013 6:00,3.553222222
2/5/2013 12:00,2.478458333
2/5/2013 18:00,2.983569445
2/6/2013 0:00,3.265736111
2/6/2013 6:00,4.107305556
2/6/2013 12:00,6.204652778
2/6/2013 18:00,8.043777778
2/7/2013 0:00,6.026402778
2/7/2013 6:00,4.076916667
2/7/2013 12:00,6.528861111
2/7/2013 18:00,7.391347222
2/8/2013 0:00,6.234638889
2/8/2013 6:00,5.493138889
2/8/2013 12:00,4.8685
2/8/2013 18:00,6.217402778
2/9/2013 0:00,5.067680556
2/9/2013 6:00,4.517791667
2/9/2013 12:00,6.113847222
2/9/2013 18:00,7.771944444
2/10/2013 0:00,8.628097222
2/10/2013 6:00,7.507388889
2/10/2013 12:00,8.645861111
2/10/2013 18:00,12.26913889
2/11/2013 0:00,12.39711111
2/11/2013 6:00,10.83241667
2/11/2013 12:00,10.29069444
2/11/2013 18:00,9.583472223
2/12/2013 0:00,10.08923611
2/12/2013 6:00,7.903402778
2/12/2013 12:00,7.166263889
2/12/2013 18:00,9.079972222
2/13/2013 0:00,6.733833333
2/13/2013 6:00,6.429208334
2/13/2013 12:00,7.747819445
2/13/2013 18:00,8.775319445
2/14/2013 0:00,6.903361111
2/14/2013 6:00,4.774361111
2/14/2013 12:00,5.598625
2/14/2013 18:00,8.854652777
2/15/2013 0:00,9.456375
2/15/2013 6:00,8.139236111
2/15/2013 12:00,7.660430556
2/15/2013 18:00,8.169152778
2/16/2013 0:00,7.088736111
2/16/2013 6:00,6.634597222
2/16/2013 12:00,7.308138889
2/16/2013 18:00,10.57956944
2/17/2013 0:00,7.455930555
2/17/2013 6:00,3.965680555
2/17/2013 12:00,8.725833334
2/17/2013 18:00,12.12120833
2/18/2013 0:00,9.405375
2/18/2013 6:00,6.039083333
2/18/2013 12:00,5.773319444
2/18/2013 18:00,8.463194445
2/19/2013 0:00,6.931972222
2/19/2013 6:00,5.610680555
2/19/2013 12:00,5.909402778
2/19/2013 18:00,7.28975
2/20/2013 0:00,7.437944444
2/20/2013 6:00,6.343930556
2/20/2013 12:00,7.943013889
2/20/2013 18:00,11.96838889
2/21/2013 0:00,11.71455556
2/21/2013 6:00,9.963833333
2/21/2013 12:00,10.83144445
2/21/2013 18:00,12.71119444
2/22/2013 0:00,9.020166667
2/22/2013 6:00,5.270277778
2/22/2013 12:00,7.108875
2/22/2013 18:00,8.257027777
2/23/2013 0:00,2.269791667
2/23/2013 6:00,5.915152778
2/23/2013 12:00,8.537
2/23/2013 18:00,7.116069445
2/24/2013 0:00,4.889430556
2/24/2013 6:00,11.72380555
2/24/2013 12:00,12.58641667
2/24/2013 18:00,11.24366667
2/25/2013 0:00,9.202986111
2/25/2013 6:00,9.271722222
2/25/2013 12:00,5.157763889
2/25/2013 18:00,2.834930556
2/26/2013 0:00,8.623
2/26/2013 6:00,11.39795833
2/26/2013 12:00,12.98011111
2/26/2013 18:00,14.79633333
2/27/2013 0:00,12.911625
2/27/2013 6:00,8.708763889
2/27/2013 12:00,6.589027778
2/27/2013 18:00,6.954819444
2/28/2013 0:00,7.043416667
2/28/2013 6:00,5.733208333
2/28/2013 12:00,7.202402778
2/28/2013 18:00,13.65701389
3/1/2013 0:00,9.840638889
3/1/2013 6:00,6.949819445
3/1/2013 12:00,3.912597222
3/1/2013 18:00,6.913416667
3/2/2013 0:00,10.61675
3/2/2013 6:00,6.259777777
3/2/2013 12:00,8.033361111
3/2/2013 18:00,13.38852778
3/3/2013 0:00,12.24658333
3/3/2013 6:00,11.24784722
3/3/2013 12:00,11.17648611
3/3/2013 18:00,8.139805556
3/4/2013 0:00,5.898708333
3/4/2013 6:00,5.970930556
3/4/2013 12:00,6.292527778
3/4/2013 18:00,6.309527778
3/5/2013 0:00,7.069541667
3/5/2013 6:00,4.441930556
3/5/2013 12:00,3.976763889
3/5/2013 18:00,10.39452778
3/6/2013 0:00,14.55647222
3/6/2013 6:00,13.63326389
3/6/2013 12:00,14.88801389
3/6/2013 18:00,17.07320833
3/7/2013 0:00,16.709375
3/7/2013 6:00,15.76531945
3/7/2013 12:00,15.71056944
3/7/2013 18:00,15.34701389
3/8/2013 0:00,13.12580556
3/8/2013 6:00,9.472125001
3/8/2013 12:00,10.18368056
3/8/2013 18:00,10.75643055
3/9/2013 0:00,11.89922222
3/9/2013 6:00,8.996777778
3/9/2013 12:00,6.418263889
3/9/2013 18:00,6.744986111
3/10/2013 0:00,7.603847222
3/10/2013 6:00,8.249666667
3/10/2013 12:00,9.279013889
3/10/2013 18:00,13.07120833
3/11/2013 0:00,12.99783333
3/11/2013 6:00,7.242777778
3/11/2013 12:00,8.268513889
3/11/2013 18:00,12.62708334
3/12/2013 0:00,11.57958334
3/12/2013 6:00,10.85340278
3/12/2013 12:00,12.45783333
3/12/2013 18:00,8.939166667
3/13/2013 0:00,5.459888889
3/13/2013 6:00,2.196152778
3/13/2013 12:00,1.486041667
3/13/2013 18:00,7.144291667
3/14/2013 0:00,12.14923611
3/14/2013 6:00,6.821930556
3/14/2013 12:00,8.543736111
3/14/2013 18:00,12.19247222
3/15/2013 0:00,11.04473611
3/15/2013 6:00,7.591222222
3/15/2013 12:00,8.377944444
3/15/2013 18:00,6.757916667
3/16/2013 0:00,6.867444445
3/16/2013 6:00,4.892277778
3/16/2013 12:00,5.298236111
3/16/2013 18:00,9.927611112
3/17/2013 0:00,9.043847222
3/17/2013 6:00,5.667944445
3/17/2013 12:00,6.4335
3/17/2013 18:00,7.341694445
3/18/2013 0:00,8.394666667
3/18/2013 6:00,6.545791667
3/18/2013 12:00,7.250152778
3/18/2013 18:00,10.55572222
3/19/2013 0:00,10.61409722
3/19/2013 6:00,7.979597222
3/19/2013 12:00,8.585625
3/19/2013 18:00,12.14229167
3/20/2013 0:00,12.24443056
3/20/2013 6:00,9.159875
3/20/2013 12:00,10.14734722
3/20/2013 18:00,11.013
3/21/2013 0:00,12.12129167
3/21/2013 6:00,6.605444444
3/21/2013 12:00,8.504888889
3/21/2013 18:00,10.05468055
3/22/2013 0:00,10.50786111
3/22/2013 6:00,6.783541667
3/22/2013 12:00,6.333777779
3/22/2013 18:00,6.104222222
3/23/2013 0:00,4.83825
3/23/2013 6:00,2.968333333
3/23/2013 12:00,4.168763889
3/23/2013 18:00,4.888777778
3/24/2013 0:00,5.399583333
3/24/2013 6:00,3.972097222
3/24/2013 12:00,4.765305555
3/24/2013 18:00,6.075347222
3/25/2013 0:00,6.262611111
3/25/2013 6:00,5.238513889
3/25/2013 12:00,5.220986111
3/25/2013 18:00,7.908208333
3/26/2013 0:00,9.287305556
3/26/2013 6:00,8.029430556
3/26/2013 12:00,7.363069444
3/26/2013 18:00,9.951847223
3/27/2013 0:00,11.34615278
3/27/2013 6:00,9.621111112
3/27/2013 12:00,11.57018056
3/27/2013 18:00,13.02290278
3/28/2013 0:00,10.99180556
3/28/2013 6:00,7.203013889
3/28/2013 12:00,9.393763889
3/28/2013 18:00,9.333930556
3/29/2013 0:00,8.795472222
3/29/2013 6:00,6.347555556
3/29/2013 12:00,5.096861111
3/29/2013 18:00,8.760986112
3/30/2013 0:00,11.32984722
3/30/2013 6:00,5.946763889
3/30/2013 12:00,6.845652778
3/30/2013 18:00,7.172194445
3/31/2013 0:00,5.119569444
3/31/2013 6:00,4.082305556
3/31/2013 12:00,3.13025
3/31/2013 18:00,8.275680556
4/1/2013 0:00,10.74284722
4/1/2013 6:00,8.126347222
4/1/2013 12:00,6.169319445
4/1/2013 18:00,8.715722222
4/2/2013 0:00,10.06891667
4/2/2013 6:00,8.975597222
4/2/2013 12:00,8.239083333
4/2/2013 18:00,10.66295833
4/3/2013 0:00,11.76980556
4/3/2013 6:00,4.625638889
4/3/2013 12:00,4.431777777
4/3/2013 18:00,8.825972222
4/4/2013 0:00,8.240166667
4/4/2013 6:00,8.592736111
4/4/2013 12:00,9.314236112
4/4/2013 18:00,9.415972222
4/5/2013 0:00,8.726944444
4/5/2013 6:00,7.810347222
4/5/2013 12:00,9.320805556
4/5/2013 18:00,8.884027778
4/6/2013 0:00,8.980958334
4/6/2013 6:00,6.0235
4/6/2013 12:00,5.426138889
4/6/2013 18:00,8.723874999
4/7/2013 0:00,11.05238889
4/7/2013 6:00,5.901069445
4/7/2013 12:00,5.464111111
4/7/2013 18:00,6.316402778
4/8/2013 0:00,9.694791666
4/8/2013 6:00,7.232416667
4/8/2013 12:00,6.356819445
4/8/2013 18:00,10.24843056
4/9/2013 0:00,12.40922222
4/9/2013 6:00,9.282305556
4/9/2013 12:00,12.23444445
4/9/2013 18:00,11.12408333
4/10/2013 0:00,10.96433333
4/10/2013 6:00,9.369125
4/10/2013 12:00,11.39495833
4/10/2013 18:00,7.057152778
4/11/2013 0:00,8.012902777
4/11/2013 6:00,5.508222222
4/11/2013 12:00,5.308444445
4/11/2013 18:00,6.978666667
4/12/2013 0:00,2.690319445
4/12/2013 6:00,2.565916667
4/12/2013 12:00,3.182305555
4/12/2013 18:00,5.300458333
4/13/2013 0:00,7.777138889
4/13/2013 6:00,8.478805556
4/13/2013 12:00,8.572444445
4/13/2013 18:00,9.591152777
4/14/2013 0:00,10.02355556
4/14/2013 6:00,8.140430555
4/14/2013 12:00,7.396388889
4/14/2013 18:00,9.253597222
4/15/2013 0:00,14.71556945
4/15/2013 6:00,14.42488889
4/15/2013 12:00,14.70915278
4/15/2013 18:00,15.61091667
4/16/2013 0:00,15.40731944
4/16/2013 6:00,15.948625
4/16/2013 12:00,13.15188889
4/16/2013 18:00,9.049458333
4/17/2013 0:00,4.551736111
4/17/2013 6:00,2.098111111
4/17/2013 12:00,3.826958333
4/17/2013 18:00,7.224250001
4/18/2013 0:00,10.67390278
4/18/2013 6:00,6.205
4/18/2013 12:00,7.321916667
4/18/2013 18:00,10.83386111
4/19/2013 0:00,11.93327778
4/19/2013 6:00,7.570569445
4/19/2013 12:00,9.797722222
4/19/2013 18:00,11.46073611
4/20/2013 0:00,12.92416667
4/20/2013 6:00,8.338888889
4/20/2013 12:00,8.138027778
4/20/2013 18:00,10.82076389
4/21/2013 0:00,9.498833333
4/21/2013 6:00,5.868666666
4/21/2013 12:00,5.011944444
4/21/2013 18:00,6.471472222
4/22/2013 0:00,5.606736111
4/22/2013 6:00,6.673111111
4/22/2013 12:00,11.17766667
4/22/2013 18:00,10.37344444
4/23/2013 0:00,9.797861111
4/23/2013 6:00,8.021208333
4/23/2013 12:00,10.361375
4/23/2013 18:00,7.957680556
4/24/2013 0:00,10.86481945
4/24/2013 6:00,4.155236111
4/24/2013 12:00,4.371166667
4/24/2013 18:00,2.57025
4/25/2013 0:00,7.398222222
4/25/2013 6:00,7.139541667
4/25/2013 12:00,8.056041667
4/25/2013 18:00,5.478125
4/26/2013 0:00,4.753513889
4/26/2013 6:00,7.478222222
4/26/2013 12:00,9.189486111
4/26/2013 18:00,8.749194445
4/27/2013 0:00,10.31572222
4/27/2013 6:00,6.76975
4/27/2013 12:00,7.491625
4/27/2013 18:00,9.957583334
4/28/2013 0:00,11.33351389
4/28/2013 6:00,10.25527778
4/28/2013 12:00,8.009277778
4/28/2013 18:00,7.459125
4/29/2013 0:00,7.192805556
4/29/2013 6:00,6.201458333
4/29/2013 12:00,6.187569444
4/29/2013 18:00,8.678041667
4/30/2013 0:00,7.532097222
4/30/2013 6:00,6.338527778
4/30/2013 12:00,6.464763889
4/30/2013 18:00,4.349652778
5/1/2013 0:00,2.164083333
5/1/2013 6:00,5.320638889
5/1/2013 12:00,3.674194444
5/1/2013 18:00,5.25275
5/2/2013 0:00,12.63723611
5/2/2013 6:00,11.22251389
5/2/2013 12:00,11.004875
5/2/2013 18:00,11.89997222
5/3/2013 0:00,12.57423611
5/3/2013 6:00,7.842152778
5/3/2013 12:00,11.44286111
5/3/2013 18:00,6.653305556
5/4/2013 0:00,4.849305556
5/4/2013 6:00,2.865319445
5/4/2013 12:00,2.529388889
5/4/2013 18:00,6.147444445
5/5/2013 0:00,5.317583334
5/5/2013 6:00,2.534611111
5/5/2013 12:00,4.670527778
5/5/2013 18:00,7.903597222
5/6/2013 0:00,9.394541667
5/6/2013 6:00,6.064958333
5/6/2013 12:00,6.668180556
5/6/2013 18:00,8.965500001
5/7/2013 0:00,4.476333333
5/7/2013 6:00,3.942583333
5/7/2013 12:00,7.450527778
5/7/2013 18:00,4.403194444
5/8/2013 0:00,4.601875
5/8/2013 6:00,5.324722222
5/8/2013 12:00,7.714166666
5/8/2013 18:00,9.244125
5/9/2013 0:00,8.490388889
5/9/2013 6:00,6.545194445
5/9/2013 12:00,6.779041667
5/9/2013 18:00,5.434777778
5/10/2013 0:00,1.711027778
5/10/2013 6:00,3.096388889
5/10/2013 12:00,3.769833333
5/10/2013 18:00,7.983013889
5/11/2013 0:00,7.733680556
5/11/2013 6:00,5.126805556
5/11/2013 12:00,5.517611111
5/11/2013 18:00,8.754569444
5/12/2013 0:00,7.686944445
5/12/2013 6:00,2.741125
5/12/2013 12:00,4.696958333
5/12/2013 18:00,7.727416666
5/13/2013 0:00,7.15575
5/13/2013 6:00,5.690902778
5/13/2013 12:00,6.086236111
5/13/2013 18:00,8.557625
5/14/2013 0:00,8.707888889
5/14/2013 6:00,4.170861111
5/14/2013 12:00,3.297611111
5/14/2013 18:00,1.780097222
5/15/2013 0:00,4.199597222
5/15/2013 6:00,5.676583333
5/15/2013 12:00,6.054541667
5/15/2013 18:00,10.23570834
5/16/2013 0:00,11.12227778
5/16/2013 6:00,9.66225
5/16/2013 12:00,8.453694445
5/16/2013 18:00,9.982819445
5/17/2013 0:00,11.22975
5/17/2013 6:00,5.605402778
5/17/2013 12:00,5.227013889
5/17/2013 18:00,9.506694445
5/18/2013 0:00,10.68488889
5/18/2013 6:00,4.879986111
5/18/2013 12:00,5.369263889
5/18/2013 18:00,9.786972223
5/19/2013 0:00,11.10541667
5/19/2013 6:00,5.41125
5/19/2013 12:00,6.277458333
5/19/2013 18:00,10.69256944
5/20/2013 0:00,11.44944445
5/20/2013 6:00,6.976208333
5/20/2013 12:00,6.925402778
5/20/2013 18:00,5.839888889
5/21/2013 0:00,6.198833333
5/21/2013 6:00,7.349305556
5/21/2013 12:00,8.469763889
5/21/2013 18:00,9.576500001
5/22/2013 0:00,10.13398611
5/22/2013 6:00,5.318069445
5/22/2013 12:00,4.580583333
5/22/2013 18:00,6.718791667
5/23/2013 0:00,4.0915
5/23/2013 6:00,3.784
5/23/2013 12:00,6.332083333
5/23/2013 18:00,11.58741667
5/24/2013 0:00,12.27709722
5/24/2013 6:00,10.38955556
5/24/2013 12:00,13.53402778
5/24/2013 18:00,12.90073611
5/25/2013 0:00,9.761791668
5/25/2013 6:00,2.689916667
5/25/2013 12:00,2.554722222
5/25/2013 18:00,7.709
5/26/2013 0:00,8.347569444
5/26/2013 6:00,3.303847222
5/26/2013 12:00,6.258958333
5/26/2013 18:00,10.52413889
5/27/2013 0:00,9.939166667
5/27/2013 6:00,4.135375
5/27/2013 12:00,6.452222222
5/27/2013 18:00,10.91995833
5/28/2013 0:00,10.46448611
5/28/2013 6:00,9.136277778
5/28/2013 12:00,11.19615278
5/28/2013 18:00,9.934
5/29/2013 0:00,8.156736112
5/29/2013 6:00,3.487111111
5/29/2013 12:00,8.045138888
5/29/2013 18:00,10.01488889
5/30/2013 0:00,7.300819444
5/30/2013 6:00,6.515
5/30/2013 12:00,7.186861111
5/30/2013 18:00,8.292819445
5/31/2013 0:00,9.15325
5/31/2013 6:00,7.810513889
5/31/2013 12:00,8.088111111
5/31/2013 18:00,9.755319444
6/1/2013 0:00,8.473041667
6/1/2013 6:00,8.289277778
6/1/2013 12:00,9.482583333
6/1/2013 18:00,9.845791666
6/2/2013 0:00,11.64102778
6/2/2013 6:00,8.088319445
6/2/2013 12:00,7.185972222
6/2/2013 18:00,6.926319444
6/3/2013 0:00,8.539180555
6/3/2013 6:00,5.398236111
6/3/2013 12:00,5.959138889
6/3/2013 18:00,5.636194444
6/4/2013 0:00,4.173986111
6/4/2013 6:00,2.236069445
6/4/2013 12:00,6.582708333
6/4/2013 18:00,9.39525
6/5/2013 0:00,7.866555556
6/5/2013 6:00,4.912791666
6/5/2013 12:00,7.432097222
6/5/2013 18:00,8.995125
6/6/2013 0:00,6.654319445
6/6/2013 6:00,4.203125
6/6/2013 12:00,4.552986111
6/6/2013 18:00,7.867111111
6/7/2013 0:00,3.653847222
6/7/2013 6:00,1.001319444
6/7/2013 12:00,1.472819445
6/7/2013 18:00,4.823986111
6/8/2013 0:00,6.355111111
6/8/2013 6:00,3.028013889
6/8/2013 12:00,3.574097222
6/8/2013 18:00,6.246888889
6/9/2013 0:00,8.625055556
6/9/2013 6:00,5.581416667
6/9/2013 12:00,5.772791666
6/9/2013 18:00,8.583305555
6/10/2013 0:00,9.931500002
6/10/2013 6:00,5.718388889
6/10/2013 12:00,9.033138889
6/10/2013 18:00,10.55505556
6/11/2013 0:00,8.623222222
6/11/2013 6:00,4.702027778
6/11/2013 12:00,7.201055556
6/11/2013 18:00,8.499152777
6/12/2013 0:00,11.71211111
6/12/2013 6:00,7.23775
6/12/2013 12:00,7.659
6/12/2013 18:00,8.714986112
6/13/2013 0:00,11.28526389
6/13/2013 6:00,4.747097222
6/13/2013 12:00,4.622333333
6/13/2013 18:00,9.331819445
6/14/2013 0:00,11.16547222
6/14/2013 6:00,5.169194444
6/14/2013 12:00,5.955708333
6/14/2013 18:00,9.778638889
6/15/2013 0:00,8.561361111
6/15/2013 6:00,4.416180556
6/15/2013 12:00,5.543652778
6/15/2013 18:00,11.30522222
6/16/2013 0:00,10.32202778
6/16/2013 6:00,5.469277778
6/16/2013 12:00,7.185444444
6/16/2013 18:00,7.775263889
6/17/2013 0:00,6.699486111
6/17/2013 6:00,5.115013889
6/17/2013 12:00,4.975763889
6/17/2013 18:00,4.122208333
6/18/2013 0:00,10.58711111
6/18/2013 6:00,10.08583333
6/18/2013 12:00,13.08501389
6/18/2013 18:00,13.33023611
6/19/2013 0:00,11.93090278
6/19/2013 6:00,8.343027778
6/19/2013 12:00,9.739944444
6/19/2013 18:00,11.29916667
6/20/2013 0:00,12.41709722
6/20/2013 6:00,8.626180556
6/20/2013 12:00,9.336277778
6/20/2013 18:00,12.16886111
6/21/2013 0:00,12.14909722
6/21/2013 6:00,7.958513889
6/21/2013 12:00,5.559708333
6/21/2013 18:00,6.20425
6/22/2013 0:00,7.595083333
6/22/2013 6:00,3.689402778
6/22/2013 12:00,3.448986111
6/22/2013 18:00,4.722416667
6/23/2013 0:00,3.639361111
6/23/2013 6:00,1.880944444
6/23/2013 12:00,3.290708333
6/23/2013 18:00,4.067638889
6/24/2013 0:00,4.716277778
6/24/2013 6:00,3.323027778
6/24/2013 12:00,3.077972222
6/24/2013 18:00,7.213319445
6/25/2013 0:00,9.313097222
6/25/2013 6:00,8.629277777
6/25/2013 12:00,8.403930556
6/25/2013 18:00,10.559625
6/26/2013 0:00,9.78475
6/26/2013 6:00,4.30525
6/26/2013 12:00,3.190569444
6/26/2013 18:00,6.203333333
6/27/2013 0:00,8.873930556
6/27/2013 6:00,7.276944444
6/27/2013 12:00,8.743555555
6/27/2013 18:00,13.189875
6/28/2013 0:00,13.53602778
6/28/2013 6:00,8.857055556
6/28/2013 12:00,10.95148611
6/28/2013 18:00,7.387527778
6/29/2013 0:00,4.030361111
6/29/2013 6:00,6.030583333
6/29/2013 12:00,5.639430555
6/29/2013 18:00,8.939680555
6/30/2013 0:00,4.230069444
6/30/2013 6:00,5.161569445
6/30/2013 12:00,6.525333333
6/30/2013 18:00,5.57225
7/1/2013 0:00,2.223097222
7/1/2013 6:00,2.158861111
7/1/2013 12:00,7.485069445
7/1/2013 18:00,11.15740278
7/2/2013 0:00,4.334444445
7/2/2013 6:00,2.382472222
7/2/2013 12:00,5.133888888
7/2/2013 18:00,10.63095833
7/3/2013 0:00,9.793083334
7/3/2013 6:00,4.298416667
7/3/2013 12:00,6.240236111
7/3/2013 18:00,8.693791667
7/4/2013 0:00,9.780708333
7/4/2013 6:00,5.942986111
7/4/2013 12:00,5.345263889
7/4/2013 18:00,6.171611111
7/5/2013 0:00,5.431305556
7/5/2013 6:00,3.437694444
7/5/2013 12:00,5.550277778
7/5/2013 18:00,5.683944444
7/6/2013 0:00,4.812694444
7/6/2013 6:00,3.689069444
7/6/2013 12:00,3.709097222
7/6/2013 18:00,3.524569445
7/7/2013 0:00,3.384208333
7/7/2013 6:00,2.929041667
7/7/2013 12:00,4.168027778
7/7/2013 18:00,8.78075
7/8/2013 0:00,8.009111111
7/8/2013 6:00,6.773875
7/8/2013 12:00,8.172930556
7/8/2013 18:00,10.10145833
7/9/2013 0:00,8.362375001
7/9/2013 6:00,3.197208333
7/9/2013 12:00,3.5805
7/9/2013 18:00,8.501500001
7/10/2013 0:00,9.149916667
7/10/2013 6:00,7.035583333
7/10/2013 12:00,6.960263889
7/10/2013 18:00,8.948694444
7/11/2013 0:00,7.968791667
7/11/2013 6:00,3.596333333
7/11/2013 12:00,3.782694445
7/11/2013 18:00,10.56302778
7/12/2013 0:00,11.00206944
7/12/2013 6:00,4.528819444
7/12/2013 12:00,4.265916667
7/12/2013 18:00,6.574319444
7/13/2013 0:00,6.713666667
7/13/2013 6:00,2.374847222
7/13/2013 12:00,4.369472222
7/13/2013 18:00,2.350333333
7/14/2013 0:00,2.884416667
7/14/2013 6:00,1.369486111
7/14/2013 12:00,4.905416667
7/14/2013 18:00,5.747555556
7/15/2013 0:00,6.57975
7/15/2013 6:00,3.589541667
7/15/2013 12:00,3.756625
7/15/2013 18:00,3.551069444
7/16/2013 0:00,5.736041667
7/16/2013 6:00,4.663694444
7/16/2013 12:00,5.937708333
7/16/2013 18:00,9.224055556
7/17/2013 0:00,10.27948611
7/17/2013 6:00,5.006430556
7/17/2013 12:00,6.027291667
7/17/2013 18:00,9.108236111
7/18/2013 0:00,11.13459722
7/18/2013 6:00,4.908027778
7/18/2013 12:00,4.416541667
7/18/2013 18:00,6.284222222
7/19/2013 0:00,6.661763889
7/19/2013 6:00,5.077916667
7/19/2013 12:00,8.395486111
7/19/2013 18:00,8.978763888
7/20/2013 0:00,8.432055556
7/20/2013 6:00,6.971333333
7/20/2013 12:00,6.754722222
7/20/2013 18:00,10.12738889
7/21/2013 0:00,6.885125
7/21/2013 6:00,1.666222222
7/21/2013 12:00,2.633541667
7/21/2013 18:00,5.606875
7/22/2013 0:00,7.767138889
7/22/2013 6:00,4.139638889
7/22/2013 12:00,5.709763889
7/22/2013 18:00,10.90322222
7/23/2013 0:00,11.78851389
7/23/2013 6:00,8.706486111
7/23/2013 12:00,7.105527778
7/23/2013 18:00,9.958027777
7/24/2013 0:00,6.735333334
7/24/2013 6:00,3.363583333
7/24/2013 12:00,4.864777778
7/24/2013 18:00,10.249375
7/25/2013 0:00,9.719138889
7/25/2013 6:00,6.581111111
7/25/2013 12:00,10.56597222
7/25/2013 18:00,12.42780555
7/26/2013 0:00,11.22230556
7/26/2013 6:00,8.520944445
7/26/2013 12:00,8.721125
7/26/2013 18:00,5.320652778
7/27/2013 0:00,8.82225
7/27/2013 6:00,8.287277778
7/27/2013 12:00,9.718819445
7/27/2013 18:00,8.598638889
7/28/2013 0:00,7.137638889
7/28/2013 6:00,4.6505
7/28/2013 12:00,4.900555556
7/28/2013 18:00,8.871777779
7/29/2013 0:00,5.422972222
7/29/2013 6:00,3.512972222
7/29/2013 12:00,4.446291667
7/29/2013 18:00,7.384152778
7/30/2013 0:00,8.684805555
7/30/2013 6:00,4.209319444
7/30/2013 12:00,4.227055556
7/30/2013 18:00,6.830027778
7/31/2013 0:00,6.808486111
7/31/2013 6:00,4.479263889
7/31/2013 12:00,7.8725
7/31/2013 18:00,10.10055556
8/1/2013 0:00,6.674763889
8/1/2013 6:00,3.136416667
8/1/2013 12:00,2.603958333
8/1/2013 18:00,3.617625
8/2/2013 0:00,5.647055556
8/2/2013 6:00,4.255611111
8/2/2013 12:00,5.425597222
8/2/2013 18:00,3.071680556
8/3/2013 0:00,2.489430555
8/3/2013 6:00,2.575194445
8/3/2013 12:00,4.288513889
8/3/2013 18:00,7.112708334
8/4/2013 0:00,8.366680556
8/4/2013 6:00,5.129652778
8/4/2013 12:00,7.263055556
8/4/2013 18:00,8.264333334
8/5/2013 0:00,7.02775
8/5/2013 6:00,5.362736111
8/5/2013 12:00,6.098763889
8/5/2013 18:00,6.424847222
8/6/2013 0:00,4.914722222
8/6/2013 6:00,2.780291667
8/6/2013 12:00,2.616
8/6/2013 18:00,2.576111111
8/7/2013 0:00,0.788291667
8/7/2013 6:00,2.143055556
8/7/2013 12:00,4.170444445
8/7/2013 18:00,5.891569444
8/8/2013 0:00,7.348138889
8/8/2013 6:00,2.748027778
8/8/2013 12:00,6.684555555
8/8/2013 18:00,6.372916667
8/9/2013 0:00,2.719444445
8/9/2013 6:00,2.705597222
8/9/2013 12:00,4.988347222
8/9/2013 18:00,7.987430556
8/10/2013 0:00,7.945083333
8/10/2013 6:00,9.337875001
8/10/2013 12:00,9.390000001
8/10/2013 18:00,6.752152778
8/11/2013 0:00,6.777694444
8/11/2013 6:00,5.598180556
8/11/2013 12:00,4.171222222
8/11/2013 18:00,3.925763889
8/12/2013 0:00,4.58025
8/12/2013 6:00,3.026069445
8/12/2013 12:00,2.995513889
8/12/2013 18:00,5.416861111
8/13/2013 0:00,4.3615
8/13/2013 6:00,4.488111111
8/13/2013 12:00,2.949625
8/13/2013 18:00,5.360305555
8/14/2013 0:00,4.766375
8/14/2013 6:00,2.429277778
8/14/2013 12:00,2.482388889
8/14/2013 18:00,2.675625
8/15/2013 0:00,4.143763889
8/15/2013 6:00,3.755041667
8/15/2013 12:00,4.651194445
8/15/2013 18:00,8.499694446
8/16/2013 0:00,12.54120833
8/16/2013 6:00,8.735388888
8/16/2013 12:00,8.866333334
8/16/2013 18:00,10.24483333
8/17/2013 0:00,10.56041667
8/17/2013 6:00,5.571111111
8/17/2013 12:00,4.655263889
8/17/2013 18:00,6.108708333
8/18/2013 0:00,3.622013889
8/18/2013 6:00,2.107763889
8/18/2013 12:00,1.133638889
8/18/2013 18:00,5.717222222
8/19/2013 0:00,3.062916667
8/19/2013 6:00,1.118222222
8/19/2013 12:00,3.421083333
8/19/2013 18:00,2.198805556
8/20/2013 0:00,2.747333333
8/20/2013 6:00,2.544111111
8/20/2013 12:00,5.370444445
8/20/2013 18:00,1.845944444
8/21/2013 0:00,3.015111111
8/21/2013 6:00,2.731208334
8/21/2013 12:00,2.091638889
8/21/2013 18:00,3.571180556
8/22/2013 0:00,3.634166667
8/22/2013 6:00,4.048055556
8/22/2013 12:00,3.1405
8/22/2013 18:00,6.660930556
8/23/2013 0:00,7.547736111
8/23/2013 6:00,4.445902778
8/23/2013 12:00,4.885111111
8/23/2013 18:00,7.118388889
8/24/2013 0:00,8.577194445
8/24/2013 6:00,5.530069445
8/24/2013 12:00,5.394027778
8/24/2013 18:00,7.895402778
8/25/2013 0:00,5.144361111
8/25/2013 6:00,3.324888889
8/25/2013 12:00,6.951041667
8/25/2013 18:00,8.911388889
8/26/2013 0:00,10.08611111
8/26/2013 6:00,8.047388889
8/26/2013 12:00,8.923944445
8/26/2013 18:00,7.139583334
8/27/2013 0:00,5.461902778
8/27/2013 6:00,4.665208333
8/27/2013 12:00,6.628597222
8/27/2013 18:00,4.015180556
8/28/2013 0:00,1.557652778
8/28/2013 6:00,2.3575
8/28/2013 12:00,3.396597223
8/28/2013 18:00,5.548402778
8/29/2013 0:00,6.538319444
8/29/2013 6:00,3.035277778
8/29/2013 12:00,3.602111111
8/29/2013 18:00,6.096027778
8/30/2013 0:00,9.189333333
8/30/2013 6:00,5.370027778
8/30/2013 12:00,5.604388889
8/30/2013 18:00,9.694666667
8/31/2013 0:00,10.57533333
8/31/2013 6:00,7.088805556
8/31/2013 12:00,5.145041666
8/31/2013 18:00,6.217652778
9/1/2013 0:00,6.159791666
9/1/2013 6:00,7.893416667
9/1/2013 12:00,7.424805556
9/1/2013 18:00,8.837972223
9/2/2013 0:00,7.712805556
9/2/2013 6:00,8.952222222
9/2/2013 12:00,7.495375
9/2/2013 18:00,7.446597222
9/3/2013 0:00,7.537055556
9/3/2013 6:00,4.215583333
9/3/2013 12:00,4.767194444
9/3/2013 18:00,4.006166666
9/4/2013 0:00,2.651
9/4/2013 6:00,4.019097222
9/4/2013 12:00,1.497805556
9/4/2013 18:00,2.932277778
9/5/2013 0:00,5.190944445
9/5/2013 6:00,5.078888888
9/5/2013 12:00,4.027805556
9/5/2013 18:00,6.5775
9/6/2013 0:00,8.033430555
9/6/2013 6:00,3.610597222
9/6/2013 12:00,3.893236111
9/6/2013 18:00,3.832444444
9/7/2013 0:00,5.85338889
9/7/2013 6:00,8.100027778
9/7/2013 12:00,8.763805555
9/7/2013 18:00,8.050236111
9/8/2013 0:00,10.04888889
9/8/2013 6:00,7.225333333
9/8/2013 12:00,7.070444445
9/8/2013 18:00,8.689874999
9/9/2013 0:00,9.057263889
9/9/2013 6:00,7.089736111
9/9/2013 12:00,6.307236111
9/9/2013 18:00,8.957444444
9/10/2013 0:00,4.430277778
9/10/2013 6:00,2.108083333
9/10/2013 12:00,2.503180556
9/10/2013 18:00,6.966430556
9/11/2013 0:00,8.281152778
9/11/2013 6:00,6.811097222
9/11/2013 12:00,7.891583334
9/11/2013 18:00,12.70163889
9/12/2013 0:00,11.28675
9/12/2013 6:00,6.778902778
9/12/2013 12:00,7.634555555
9/12/2013 18:00,9.302472222
9/13/2013 0:00,8.868152778
9/13/2013 6:00,5.957708333
9/13/2013 12:00,7.874944444
9/13/2013 18:00,8.349444445
9/14/2013 0:00,6.660222222
9/14/2013 6:00,4.754375
9/14/2013 12:00,3.859194445
9/14/2013 18:00,3.222972222
9/15/2013 0:00,2.198111111
9/15/2013 6:00,2.23275
9/15/2013 12:00,1.988041667
9/15/2013 18:00,4.245819445
9/16/2013 0:00,3.029958334
9/16/2013 6:00,3.273861111
9/16/2013 12:00,4.178361111
9/16/2013 18:00,6.255083333
9/17/2013 0:00,5.282805556
9/17/2013 6:00,4.199263889
9/17/2013 12:00,5.052375
9/17/2013 18:00,8.462319445
9/18/2013 0:00,10.84809722
9/18/2013 6:00,10.11109722
9/18/2013 12:00,8.021638889
9/18/2013 18:00,4.411486111
9/19/2013 0:00,4.078652778
9/19/2013 6:00,7.390458333
9/19/2013 12:00,11.33973611
9/19/2013 18:00,14.30759722
9/20/2013 0:00,11.876875
9/20/2013 6:00,6.039833333
9/20/2013 12:00,7.592916667
9/20/2013 18:00,6.873930556
9/21/2013 0:00,3.738583333
9/21/2013 6:00,4.390916667
9/21/2013 12:00,3.444430556
9/21/2013 18:00,8.376333333
9/22/2013 0:00,6.087569445
9/22/2013 6:00,9.913277778
9/22/2013 12:00,9.089027778
9/22/2013 18:00,9.475083333
9/23/2013 0:00,8.38325
9/23/2013 6:00,4.990152778
9/23/2013 12:00,5.504791667
9/23/2013 18:00,4.612222222
9/24/2013 0:00,3.094708333
9/24/2013 6:00,6.549819445
9/24/2013 12:00,8.473319444
9/24/2013 18:00,11.73806945
9/25/2013 0:00,9.750500001
9/25/2013 6:00,6.925375
9/25/2013 12:00,6.334402778
9/25/2013 18:00,8.441347222
9/26/2013 0:00,8.218402778
9/26/2013 6:00,5.206666666
9/26/2013 12:00,5.657722222
9/26/2013 18:00,8.620902778
9/27/2013 0:00,6.850875
9/27/2013 6:00,5.308347222
9/27/2013 12:00,3.925666667
9/27/2013 18:00,8.034236111
9/28/2013 0:00,7.013986111
9/28/2013 6:00,5.882916666
9/28/2013 12:00,6.092527778
9/28/2013 18:00,8.569347222
9/29/2013 0:00,4.741972222
9/29/2013 6:00,2.725125
9/29/2013 12:00,3.758375
9/29/2013 18:00,6.517222222
9/30/2013 0:00,9.691638888
9/30/2013 6:00,6.9535
9/30/2013 12:00,5.896097222
9/30/2013 18:00,8.588736111
10/1/2013 0:00,8.485388889
10/1/2013 6:00,6.128291667
10/1/2013 12:00,6.881763889
10/1/2013 18:00,6.627402778
10/2/2013 0:00,8.033222222
10/2/2013 6:00,7.385180556
10/2/2013 12:00,7.593486111
10/2/2013 18:00,4.956916667
10/3/2013 0:00,2.114763889
10/3/2013 6:00,5.031513889
10/3/2013 12:00,6.134694444
10/3/2013 18:00,5.097125
10/4/2013 0:00,8.447097222
10/4/2013 6:00,8.760458334
10/4/2013 12:00,9.947416667
10/4/2013 18:00,7.984888889
10/5/2013 0:00,6.006388889
10/5/2013 6:00,4.716
10/5/2013 12:00,4.084
10/5/2013 18:00,7.632013888
10/6/2013 0:00,10.75236111
10/6/2013 6:00,6.943208333
10/6/2013 12:00,6.63975
10/6/2013 18:00,7.702736111
10/7/2013 0:00,6.690152778
10/7/2013 6:00,5.236208333
10/7/2013 12:00,4.876763889
10/7/2013 18:00,4.632666667
10/8/2013 0:00,6.406986111
10/8/2013 6:00,6.474305556
10/8/2013 12:00,7.569319444
10/8/2013 18:00,11.57234722
10/9/2013 0:00,12.268
10/9/2013 6:00,9.597750001
10/9/2013 12:00,10.86273611
10/9/2013 18:00,10.173375
10/10/2013 0:00,7.775694445
10/10/2013 6:00,8.660638889
10/10/2013 12:00,7.438291667
10/10/2013 18:00,6.383291667
10/11/2013 0:00,10.49583333
10/11/2013 6:00,9.389666667
10/11/2013 12:00,9.245972222
10/11/2013 18:00,9.985541666
10/12/2013 0:00,9.293111112
10/12/2013 6:00,7.600555556
10/12/2013 12:00,5.053708333
10/12/2013 18:00,10.51473611
10/13/2013 0:00,11.02831945
10/13/2013 6:00,8.071583333
10/13/2013 12:00,11.01295833
10/13/2013 18:00,13.020125
10/14/2013 0:00,13.15730556
10/14/2013 6:00,12.99097222
10/14/2013 12:00,15.16911111
10/14/2013 18:00,11.04397222
10/15/2013 0:00,9.778527777
10/15/2013 6:00,7.315041667
10/15/2013 12:00,5.411541667
10/15/2013 18:00,1.500083333
10/16/2013 0:00,6.688902778
10/16/2013 6:00,9.392902779
10/16/2013 12:00,12.39363889
10/16/2013 18:00,13.88244445
10/17/2013 0:00,13.39229167
10/17/2013 6:00,12.40452778
10/17/2013 12:00,13.40855556
10/17/2013 18:00,10.72993056
10/18/2013 0:00,10.10354167
10/18/2013 6:00,9.403166666
10/18/2013 12:00,11.49277778
10/18/2013 18:00,8.9725
10/19/2013 0:00,8.255486111
10/19/2013 6:00,7.190944445
10/19/2013 12:00,7.397166667
10/19/2013 18:00,9.455291666
10/20/2013 0:00,7.315111111
10/20/2013 6:00,3.997361111
10/20/2013 12:00,4.057111111
10/20/2013 18:00,3.137069444
10/21/2013 0:00,8.002819445
10/21/2013 6:00,7.143333333
10/21/2013 12:00,7.014472222
10/21/2013 18:00,11.99119445
10/22/2013 0:00,10.85502778
10/22/2013 6:00,8.184722222
10/22/2013 12:00,8.98151389
10/22/2013 18:00,11.33515278
10/23/2013 0:00,10.61651389
10/23/2013 6:00,8.730763889
10/23/2013 12:00,7.899319444
10/23/2013 18:00,11.22248611
10/24/2013 0:00,11.16633333
10/24/2013 6:00,8.042444444
10/24/2013 12:00,9.682083333
10/24/2013 18:00,13.17284722
10/25/2013 0:00,12.53920833
10/25/2013 6:00,11.58465278
10/25/2013 12:00,12.16759722
10/25/2013 18:00,10.80098611
10/26/2013 0:00,9.255777777
10/26/2013 6:00,9.022027778
10/26/2013 12:00,7.742319445
10/26/2013 18:00,9.831694445
10/27/2013 0:00,11.19902778
10/27/2013 6:00,7.102430556
10/27/2013 12:00,7.124930556
10/27/2013 18:00,7.943
10/28/2013 0:00,8.510597222
10/28/2013 6:00,6.408833333
10/28/2013 12:00,9.261625001
10/28/2013 18:00,10.45298611
10/29/2013 0:00,10.56973611
10/29/2013 6:00,9.286597221
10/29/2013 12:00,10.69388889
10/29/2013 18:00,12.23955556
10/30/2013 0:00,14.02116667
10/30/2013 6:00,13.83763889
10/30/2013 12:00,12.07738889
10/30/2013 18:00,11.6825
10/31/2013 0:00,10.463375
10/31/2013 6:00,9.313180556
10/31/2013 12:00,9.315944444
10/31/2013 18:00,11.1685
11/1/2013 0:00,10.10380556
11/1/2013 6:00,6.154111111
11/1/2013 12:00,6.305888889
11/1/2013 18:00,10.25555556
11/2/2013 0:00,10.38881944
11/2/2013 6:00,5.382666667
11/2/2013 12:00,3.681111111
11/2/2013 18:00,6.379833334
11/3/2013 0:00,6.810138889
11/3/2013 6:00,5.310291667
11/3/2013 12:00,3.87275
11/3/2013 18:00,6.109930556
11/4/2013 0:00,5.694875
11/4/2013 6:00,3.508736111
11/4/2013 12:00,3.374208333
11/4/2013 18:00,5.373722222
11/5/2013 0:00,3.889791667
11/5/2013 6:00,3.802458333
11/5/2013 12:00,3.895263889
11/5/2013 18:00,5.961666667
11/6/2013 0:00,5.579638889
11/6/2013 6:00,3.647694444
11/6/2013 12:00,4.267222222
11/6/2013 18:00,4.071902778
11/7/2013 0:00,2.233125
11/7/2013 6:00,3.417375
11/7/2013 12:00,2.798097222
11/7/2013 18:00,3.852638889
11/8/2013 0:00,2.054263889
11/8/2013 6:00,1.640916667
11/8/2013 12:00,5.179722222
11/8/2013 18:00,9.971333334
11/9/2013 0:00,10.54516667
11/9/2013 6:00,8.390625001
11/9/2013 12:00,8.658194445
11/9/2013 18:00,11.27272222
11/10/2013 0:00,11.76491667
11/10/2013 6:00,10.35969444
11/10/2013 12:00,11.83063889
11/10/2013 18:00,14.73340278
11/11/2013 0:00,14.59805555
11/11/2013 6:00,14.93093055
11/11/2013 12:00,16.025625
11/11/2013 18:00,8.597569445
11/12/2013 0:00,7.970819445
11/12/2013 6:00,8.771388889
11/12/2013 12:00,9.853652778
11/12/2013 18:00,9.395402778
11/13/2013 0:00,6.052027778
11/13/2013 6:00,3.003416667
11/13/2013 12:00,1.040041667
11/13/2013 18:00,3.884305555
11/14/2013 0:00,5.138111111
11/14/2013 6:00,4.526583333
11/14/2013 12:00,2.919694444
11/14/2013 18:00,4.688847222
11/15/2013 0:00,3.058305556
11/15/2013 6:00,1.611625
11/15/2013 12:00,1.198666667
11/15/2013 18:00,1.057291667
11/16/2013 0:00,0.652125
11/16/2013 6:00,1.465888889
11/16/2013 12:00,1.792166667
11/16/2013 18:00,4.719027778
11/17/2013 0:00,6.422888889
11/17/2013 6:00,4.508666667
11/17/2013 12:00,3.676
11/17/2013 18:00,9.453819445
11/18/2013 0:00,9.761305556
11/18/2013 6:00,4.964541667
11/18/2013 12:00,3.623222222
11/18/2013 18:00,6.399847222
11/19/2013 0:00,8.023513889
11/19/2013 6:00,7.253569445
11/19/2013 12:00,5.112875
11/19/2013 18:00,8.847791667
11/20/2013 0:00,7.135125
11/20/2013 6:00,4.090763889
11/20/2013 12:00,3.014347222
11/20/2013 18:00,2.792625
11/21/2013 0:00,1.032388889
11/21/2013 6:00,1.990472222
11/21/2013 12:00,4.250486111
11/21/2013 18:00,7.074638889
11/22/2013 0:00,8.300319445
11/22/2013 6:00,9.763611112
11/22/2013 12:00,11.24201389
11/22/2013 18:00,12.08736111
11/23/2013 0:00,11.03797222
11/23/2013 6:00,11.57195833
11/23/2013 12:00,11.68234722
11/23/2013 18:00,9.793597222
11/24/2013 0:00,6.724097222
11/24/2013 6:00,4.571833334
11/24/2013 12:00,3.291
11/24/2013 18:00,7.205944445
11/25/2013 0:00,9.668152777
11/25/2013 6:00,7.523708333
11/25/2013 12:00,4.940180556
11/25/2013 18:00,7.029583333
11/26/2013 0:00,7.928472222
11/26/2013 6:00,6.267708333
11/26/2013 12:00,5.337805556
11/26/2013 18:00,6.959861111
11/27/2013 0:00,6.988986111
11/27/2013 6:00,2.868583333
11/27/2013 12:00,3.070972222
11/27/2013 18:00,6.576847222
11/28/2013 0:00,8.644833334
11/28/2013 6:00,4.809305556
11/28/2013 12:00,3.601513889
11/28/2013 18:00,8.130708334
11/29/2013 0:00,11.107
11/29/2013 6:00,9.143861111
11/29/2013 12:00,8.563708333
11/29/2013 18:00,12.37961111
11/30/2013 0:00,12.65431945
11/30/2013 6:00,7.964805554
11/30/2013 12:00,4.524791667
11/30/2013 18:00,7.285902778
12/1/2013 0:00,8.865180555
12/1/2013 6:00,9.125569446
12/1/2013 12:00,10.55893056
12/1/2013 18:00,13.57611111
12/2/2013 0:00,11.45681945
12/2/2013 6:00,8.356097221
12/2/2013 12:00,4.377236111
12/2/2013 18:00,5.297041667
12/3/2013 0:00,8.747319445
12/3/2013 6:00,10.28351389
12/3/2013 12:00,11.892125
12/3/2013 18:00,13.21225
12/4/2013 0:00,8.526236112
12/4/2013 6:00,6.062055555
12/4/2013 12:00,5.414152778
12/4/2013 18:00,10.43954167
12/5/2013 0:00,9.846652777
12/5/2013 6:00,4.840805556
12/5/2013 12:00,4.126416667
12/5/2013 18:00,9.424305556
12/6/2013 0:00,10.02179167
12/6/2013 6:00,6.936430555
12/6/2013 12:00,5.289902778
12/6/2013 18:00,7.978402778
12/7/2013 0:00,3.861583333
12/7/2013 6:00,3.703708333
12/7/2013 12:00,3.917555555
12/7/2013 18:00,3.609819444
12/8/2013 0:00,3.141833333
12/8/2013 6:00,4.683333333
12/8/2013 12:00,4.000930555
12/8/2013 18:00,6.802680555
12/9/2013 0:00,7.900166666
12/9/2013 6:00,7.153458333
12/9/2013 12:00,4.675930556
12/9/2013 18:00,7.272055556
12/10/2013 0:00,7.627916666
12/10/2013 6:00,7.159180555
12/10/2013 12:00,7.080847222
12/10/2013 18:00,6.903013889
12/11/2013 0:00,5.428125
12/11/2013 6:00,5.626638889
12/11/2013 12:00,8.028236111
12/11/2013 18:00,10.39243056
12/12/2013 0:00,7.735347222
12/12/2013 6:00,6.171805556
12/12/2013 12:00,7.467333333
12/12/2013 18:00,12.64544445
12/13/2013 0:00,12.21036111
12/13/2013 6:00,9.745111111
12/13/2013 12:00,10.86736111
12/13/2013 18:00,13.40119444
12/14/2013 0:00,10.94393056
12/14/2013 6:00,6.770708334
12/14/2013 12:00,5.981847222
12/14/2013 18:00,10.447125
12/15/2013 0:00,10.54618056
12/15/2013 6:00,12.24018056
12/15/2013 12:00,11.49494444
12/15/2013 18:00,10.24084722
12/16/2013 0:00,10.32794444
12/16/2013 6:00,6.232041667
12/16/2013 12:00,5.069333333
12/16/2013 18:00,5.794819445
12/17/2013 0:00,3.613722222
12/17/2013 6:00,3.102944445
12/17/2013 12:00,3.159986111
12/17/2013 18:00,4.728555556
12/18/2013 0:00,4.433375
12/18/2013 6:00,6.3125
12/18/2013 12:00,9.987847223
12/18/2013 18:00,12.23140278
12/19/2013 0:00,7.466111112
12/19/2013 6:00,2.742388889
12/19/2013 12:00,5.116069445
12/19/2013 18:00,10.89726389
12/20/2013 0:00,14.01720833
12/20/2013 6:00,11.20293056
12/20/2013 12:00,13.81881945
12/20/2013 18:00,17.35595834
12/21/2013 0:00,16.42693056
12/21/2013 6:00,15.25475
12/21/2013 12:00,13.11097222
12/21/2013 18:00,10.51951389
12/22/2013 0:00,5.975027778
12/22/2013 6:00,3.042291667
12/22/2013 12:00,5.654055556
12/22/2013 18:00,10.92386111
12/23/2013 0:00,8.034847222
12/23/2013 6:00,4.022375
12/23/2013 12:00,4.889638889
12/23/2013 18:00,8.159791667
12/24/2013 0:00,7.61375
12/24/2013 6:00,3.952041667
12/24/2013 12:00,6.354597222
12/24/2013 18:00,7.595416667
12/25/2013 0:00,7.131541666
12/25/2013 6:00,6.271625
12/25/2013 12:00,8.009097222
12/25/2013 18:00,10.372375
12/26/2013 0:00,11.61844444
12/26/2013 6:00,12.70594444
12/26/2013 12:00,11.51275
12/26/2013 18:00,9.964972223
12/27/2013 0:00,8.032694444
12/27/2013 6:00,4.574680556
12/27/2013 12:00,1.159791667
12/27/2013 18:00,2.467708334
12/28/2013 0:00,4.312222222
12/28/2013 6:00,4.318152778
12/28/2013 12:00,3.840208333
12/28/2013 18:00,2.017986111
12/29/2013 0:00,4.89825
12/29/2013 6:00,8.189652778
12/29/2013 12:00,9.753458335
12/29/2013 18:00,8.71848611
12/30/2013 0:00,5.706861111
12/30/2013 6:00,5.283611111
12/30/2013 12:00,7.395222222
12/30/2013 18:00,11.55081945
12/31/2013 0:00,11.08780556
12/31/2013 6:00,9.761680555
12/31/2013 12:00,6.806486111
12/31/2013 18:00,14.65222222
