1/1/2013 0:00,10.09584722
1/1/2013 6:00,10.07441667
1/1/2013 12:00,10.85531945
1/1/2013 18:00,11.25313889
1/2/2013 0:00,9.876291666
1/2/2013 6:00,5.024791667
1/2/2013 12:00,6.454597222
1/2/2013 18:00,12.786875
1/3/2013 0:00,9.975513889
1/3/2013 6:00,5.308930556
1/3/2013 12:00,1.645319444
1/3/2013 18:00,1.812875
1/4/2013 0:00,1.161486111
1/4/2013 6:00,6.207097222
1/4/2013 12:00,7.706138889
1/4/2013 18:00,11.54819445
1/5/2013 0:00,8.507180555
1/5/2013 6:00,8.403138889
1/5/2013 12:00,10.96190278
1/5/2013 18:00,6.4675
1/6/2013 0:00,4.350513889
1/6/2013 6:00,2.393597222
1/6/2013 12:00,4.507125
1/6/2013 18:00,7.000361111
1/7/2013 0:00,5.441527778
1/7/2013 6:00,4.797819445
1/7/2013 12:00,2.895791667
1/7/2013 18:00,3.270041667
1/8/2013 0:00,7.507375
1/8/2013 6:00,6.795722222
1/8/2013 12:00,1.9535
1/8/2013 18:00,1.781513889
1/9/2013 0:00,2.436180556
1/9/2013 6:00,3.350666667
1/9/2013 12:00,1.176611111
1/9/2013 18:00,7.711930555
1/10/2013 0:00,10.56741667
1/10/2013 6:00,7.377083333
1/10/2013 12:00,3.951847222
1/10/2013 18:00,12.392875
1/11/2013 0:00,10.51054167
1/11/2013 6:00,9.882208332
1/11/2013 12:00,10.58047222
1/11/2013 18:00,9.575986111
1/12/2013 0:00,8.855944445
1/12/2013 6:00,8.5075
1/12/2013 12:00,6.211194444
1/12/2013 18:00,4.037958333
1/13/2013 0:00,0.811055556
1/13/2013 6:00,2.142
1/13/2013 12:00,3.121402778
1/13/2013 18:00,0.711041667
1/14/2013 0:00,3.601805556
1/14/2013 6:00,7.484083334
1/14/2013 12:00,12.43434722
1/14/2013 18:00,8.885736111
1/15/2013 0:00,2.847416667
1/15/2013 6:00,4.798666667
1/15/2013 12:00,5.009611111
1/15/2013 18:00,6.803388889
1/16/2013 0:00,8.364569444
1/16/2013 6:00,7.473833333
1/16/2013 12:00,10.62311111
1/16/2013 18:00,14.38531944
1/17/2013 0:00,16.21401389
1/17/2013 6:00,15.784125
1/17/2013 12:00,14.10708333
1/17/2013 18:00,6.563458333
1/18/2013 0:00,2.290347222
1/18/2013 6:00,2.96075
1/18/2013 12:00,6.870430555
1/18/2013 18:00,14.45643056
1/19/2013 0:00,10.55223611
1/19/2013 6:00,4.572833334
1/19/2013 12:00,7.870611111
1/19/2013 18:00,3.315208333
1/20/2013 0:00,1.143402778
1/20/2013 6:00,4.750763889
1/20/2013 12:00,7.733708334
1/20/2013 18:00,9.077777778
1/21/2013 0:00,12.02997222
1/21/2013 6:00,10.30361111
1/21/2013 12:00,12.59034722
1/21/2013 18:00,5.015583333
1/22/2013 0:00,8.720083333
1/22/2013 6:00,8.479222222
1/22/2013 12:00,6.053125
1/22/2013 18:00,8.775638888
1/23/2013 0:00,6.789347222
1/23/2013 6:00,5.086777778
1/23/2013 12:00,1.821847222
1/23/2013 18:00,3.113597222
1/24/2013 0:00,2.461138889
1/24/2013 6:00,7.498111111
1/24/2013 12:00,7.359972222
1/24/2013 18:00,12.51986111
1/25/2013 0:00,11.25365278
1/25/2013 6:00,5.72475
1/25/2013 12:00,7.30525
1/25/2013 18:00,6.116222222
1/26/2013 0:00,12.85301389
1/26/2013 6:00,14.43691667
1/26/2013 12:00,15.27408333
1/26/2013 18:00,9.049208332
1/27/2013 0:00,4.60825
1/27/2013 6:00,3.842597222
1/27/2013 12:00,1.754180556
1/27/2013 18:00,1.017847222
1/28/2013 0:00,5.708375
1/28/2013 6:00,7.428694445
1/28/2013 12:00,4.357597222
1/28/2013 18:00,11.73920833
1/29/2013 0:00,12.44
1/29/2013 6:00,5.351430556
1/29/2013 12:00,10.48231944
1/29/2013 18:00,14.29838889
1/30/2013 0:00,10.23330555
1/30/2013 6:00,10.32170833
1/30/2013 12:00,8.481138889
1/30/2013 18:00,5.575486111
1/31/2013 0:00,6.879444444
1/31/2013 6:00,5.036611111
1/31/2013 12:00,2.147125
1/31/2013 18:00,4.806041667
2/1/2013 0:00,3.091027777
2/1/2013 6:00,8.664416667
2/1/2013 12:00,13.07166667
2/1/2013 18:00,12.57077778
2/2/2013 0:00,4.769166667
2/2/2013 6:00,1.663013889
2/2/2013 12:00,6.981736111
2/2/2013 18:00,11.593125
2/3/2013 0:00,12.46665278
2/3/2013 6:00,10.73080556
2/3/2013 12:00,10.68080556
2/3/2013 18:00,11.13726389
2/4/2013 0:00,10.87058333
2/4/2013 6:00,10.05175
2/4/2013 12:00,10.17270833
2/4/2013 18:00,10.60813889
2/5/2013 0:00,8.305736111
2/5/2013 6:00,6.2445
2/5/2013 12:00,8.354597222
2/5/2013 18:00,10.81270833
2/6/2013 0:00,11.090875
2/6/2013 6:00,11.15551389
2/6/2013 12:00,12.501875
2/6/2013 18:00,12.84955556
2/7/2013 0:00,11.57263889
2/7/2013 6:00,9.035680556
2/7/2013 12:00,8.583180555
2/7/2013 18:00,8.194777778
2/8/2013 0:00,7.004166667
2/8/2013 6:00,4.144333333
2/8/2013 12:00,2.626138889
2/8/2013 18:00,0.896166667
2/9/2013 0:00,5.760152778
2/9/2013 6:00,7.078986111
2/9/2013 12:00,6.423305556
2/9/2013 18:00,8.155652778
2/10/2013 0:00,6.925166667
2/10/2013 6:00,5.723236111
2/10/2013 12:00,5.992541667
2/10/2013 18:00,5.035513889
2/11/2013 0:00,4.454444445
2/11/2013 6:00,9.718694444
2/11/2013 12:00,9.989069445
2/11/2013 18:00,9.364250001
2/12/2013 0:00,5.805444444
2/12/2013 6:00,4.211208333
2/12/2013 12:00,2.400763889
2/12/2013 18:00,7.966583334
2/13/2013 0:00,6.103722222
2/13/2013 6:00,4.073013889
2/13/2013 12:00,4.962013889
2/13/2013 18:00,7.369833333
2/14/2013 0:00,8.286819445
2/14/2013 6:00,6.351347222
2/14/2013 12:00,6.032347222
2/14/2013 18:00,10.66293056
2/15/2013 0:00,7.464152778
2/15/2013 6:00,4.707069445
2/15/2013 12:00,2.613819445
2/15/2013 18:00,1.755444445
2/16/2013 0:00,4.096722222
2/16/2013 6:00,2.049
2/16/2013 12:00,5.316569444
2/16/2013 18:00,5.854097222
2/17/2013 0:00,2.730736111
2/17/2013 6:00,2.939291667
2/17/2013 12:00,4.994472222
2/17/2013 18:00,7.270111111
2/18/2013 0:00,10.65561111
2/18/2013 6:00,10.82693055
2/18/2013 12:00,12.09301389
2/18/2013 18:00,12.70968056
2/19/2013 0:00,8.694874999
2/19/2013 6:00,5.340444444
2/19/2013 12:00,4.354555556
2/19/2013 18:00,1.572166667
2/20/2013 0:00,2.222402778
2/20/2013 6:00,1.884583334
2/20/2013 12:00,2.409458333
2/20/2013 18:00,7.316513889
2/21/2013 0:00,5.021430556
2/21/2013 6:00,5.120555556
2/21/2013 12:00,15.07525
2/21/2013 18:00,12.57377778
2/22/2013 0:00,13.06851389
2/22/2013 6:00,17.12791667
2/22/2013 12:00,18.33440278
2/22/2013 18:00,8.483361112
2/23/2013 0:00,11.76373611
2/23/2013 6:00,9.71663889
2/23/2013 12:00,10.87730556
2/23/2013 18:00,7.406277778
2/24/2013 0:00,4.943277778
2/24/2013 6:00,2.499333333
2/24/2013 12:00,4.343805556
2/24/2013 18:00,13.67963889
2/25/2013 0:00,14.09663889
2/25/2013 6:00,18.19625
2/25/2013 12:00,17.91295833
2/25/2013 18:00,11.75311111
2/26/2013 0:00,6.016555555
2/26/2013 6:00,5.752222222
2/26/2013 12:00,5.310083333
2/26/2013 18:00,5.581111111
2/27/2013 0:00,7.478736111
2/27/2013 6:00,7.073638889
2/27/2013 12:00,6.502986111
2/27/2013 18:00,5.093416667
2/28/2013 0:00,3.29175
2/28/2013 6:00,1.449
2/28/2013 12:00,4.718902778
2/28/2013 18:00,10.24005555
3/1/2013 0:00,8.94273611
3/1/2013 6:00,10.39948611
3/1/2013 12:00,13.24969444
3/1/2013 18:00,7.888138889
3/2/2013 0:00,9.89188889
3/2/2013 6:00,4.166416667
3/2/2013 12:00,7.619916667
3/2/2013 18:00,10.14855555
3/3/2013 0:00,9.731
3/3/2013 6:00,7.017819444
3/3/2013 12:00,9.480458333
3/3/2013 18:00,8.217236112
3/4/2013 0:00,4.869166667
3/4/2013 6:00,5.716638889
3/4/2013 12:00,5.903166667
3/4/2013 18:00,8.808027778
3/5/2013 0:00,10.96011111
3/5/2013 6:00,11.773375
3/5/2013 12:00,15.52006945
3/5/2013 18:00,10.07797222
3/6/2013 0:00,8.979569445
3/6/2013 6:00,11.16
3/6/2013 12:00,10.28647222
3/6/2013 18:00,8.834402777
3/7/2013 0:00,5.501986111
3/7/2013 6:00,5.183583333
3/7/2013 12:00,2.022638889
3/7/2013 18:00,3.340111111
3/8/2013 0:00,4.72175
3/8/2013 6:00,5.702125
3/8/2013 12:00,6.155486111
3/8/2013 18:00,2.135472222
3/9/2013 0:00,5.427875
3/9/2013 6:00,4.164652778
3/9/2013 12:00,7.451916667
3/9/2013 18:00,11.83809722
3/10/2013 0:00,11.72897222
3/10/2013 6:00,5.672458333
3/10/2013 12:00,5.645875
3/10/2013 18:00,5.51775
3/11/2013 0:00,5.989041667
3/11/2013 6:00,10.57256944
3/11/2013 12:00,10.68044445
3/11/2013 18:00,7.640861112
3/12/2013 0:00,5.455791667
3/12/2013 6:00,7.360361111
3/12/2013 12:00,15.99294445
3/12/2013 18:00,9.281208333
3/13/2013 0:00,7.478930555
3/13/2013 6:00,14.38680556
3/13/2013 12:00,12.32548611
3/13/2013 18:00,3.440416667
3/14/2013 0:00,3.787555555
3/14/2013 6:00,3.189236111
3/14/2013 12:00,4.851652778
3/14/2013 18:00,4.918277778
3/15/2013 0:00,4.263680556
3/15/2013 6:00,14.24977778
3/15/2013 12:00,11.84890278
3/15/2013 18:00,6.675930555
3/16/2013 0:00,9.682666667
3/16/2013 6:00,6.374277778
3/16/2013 12:00,3.113777778
3/16/2013 18:00,5.577916666
3/17/2013 0:00,6.693472222
3/17/2013 6:00,10.74819444
3/17/2013 12:00,9.338458333
3/17/2013 18:00,9.885138889
3/18/2013 0:00,7.916152778
3/18/2013 6:00,8.117472222
3/18/2013 12:00,10.71809722
3/18/2013 18:00,12.351875
3/19/2013 0:00,7.567083334
3/19/2013 6:00,6.341222222
3/19/2013 12:00,5.276847222
3/19/2013 18:00,4.627625
3/20/2013 0:00,10.240625
3/20/2013 6:00,19.64623611
3/20/2013 12:00,12.42329167
3/20/2013 18:00,5.554319444
3/21/2013 0:00,3.611972222
3/21/2013 6:00,2.284666667
3/21/2013 12:00,5.44825
3/21/2013 18:00,4.206625
3/22/2013 0:00,4.756958333
3/22/2013 6:00,3.837513889
3/22/2013 12:00,1.997513889
3/22/2013 18:00,5.090541667
3/23/2013 0:00,4.564180556
3/23/2013 6:00,1.98775
3/23/2013 12:00,3.167083333
3/23/2013 18:00,11.10577778
3/24/2013 0:00,11.69075
3/24/2013 6:00,11.02354167
3/24/2013 12:00,9.628930555
3/24/2013 18:00,5.320930556
3/25/2013 0:00,3.658027778
3/25/2013 6:00,4.875666667
3/25/2013 12:00,2.620458333
3/25/2013 18:00,10.64804167
3/26/2013 0:00,12.83005555
3/26/2013 6:00,10.01740278
3/26/2013 12:00,5.967069444
3/26/2013 18:00,2.888361111
3/27/2013 0:00,7.953777778
3/27/2013 6:00,10.60966667
3/27/2013 12:00,6.522083333
3/27/2013 18:00,4.277111111
3/28/2013 0:00,9.441972223
3/28/2013 6:00,9.165888888
3/28/2013 12:00,12.82806944
3/28/2013 18:00,6.695222222
3/29/2013 0:00,5.339166667
3/29/2013 6:00,9.261069444
3/29/2013 12:00,18.33093056
3/29/2013 18:00,19.07119445
3/30/2013 0:00,15.57527778
3/30/2013 6:00,13.66943056
3/30/2013 12:00,9.216097222
3/30/2013 18:00,3.341277778
3/31/2013 0:00,7.786402778
3/31/2013 6:00,5.543347222
3/31/2013 12:00,5.109555556
3/31/2013 18:00,6.757111111
4/1/2013 0:00,11.85323611
4/1/2013 6:00,13.64251389
4/1/2013 12:00,8.643194445
4/1/2013 18:00,5.683652778
4/2/2013 0:00,2.358361111
4/2/2013 6:00,2.664194444
4/2/2013 12:00,7.521166667
4/2/2013 18:00,10.62508333
4/3/2013 0:00,5.376569445
4/3/2013 6:00,4.940791667
4/3/2013 12:00,13.79969444
4/3/2013 18:00,10.63798611
4/4/2013 0:00,8.997611112
4/4/2013 6:00,8.201541667
4/4/2013 12:00,8.724763889
4/4/2013 18:00,8.964611112
4/5/2013 0:00,10.25781944
4/5/2013 6:00,6.308972222
4/5/2013 12:00,6.385888889
4/5/2013 18:00,8.808458333
4/6/2013 0:00,8.615569444
4/6/2013 6:00,8.076388889
4/6/2013 12:00,6.628958333
4/6/2013 18:00,5.95425
4/7/2013 0:00,2.146013889
4/7/2013 6:00,8.049736111
4/7/2013 12:00,9.569083334
4/7/2013 18:00,11.19233334
4/8/2013 0:00,13.459875
4/8/2013 6:00,11.55034722
4/8/2013 12:00,10.73793056
4/8/2013 18:00,8.535236111
4/9/2013 0:00,4.593430555
4/9/2013 6:00,6.300833333
4/9/2013 12:00,5.947833333
4/9/2013 18:00,11.307375
4/10/2013 0:00,7.647833334
4/10/2013 6:00,3.795833333
4/10/2013 12:00,6.525375
4/10/2013 18:00,11.30544445
4/11/2013 0:00,10.76666667
4/11/2013 6:00,9.707013888
4/11/2013 12:00,10.92470833
4/11/2013 18:00,8.202500001
4/12/2013 0:00,5.858111111
4/12/2013 6:00,6.945569445
4/12/2013 12:00,7.243708333
4/12/2013 18:00,6.137166667
4/13/2013 0:00,1.535513889
4/13/2013 6:00,4.399902778
4/13/2013 12:00,5.957958333
4/13/2013 18:00,7.420833333
4/14/2013 0:00,9.115555556
4/14/2013 6:00,8.922958333
4/14/2013 12:00,14.04101389
4/14/2013 18:00,12.86072222
4/15/2013 0:00,11.78545833
4/15/2013 6:00,6.824666667
4/15/2013 12:00,6.466569444
4/15/2013 18:00,8.172250001
4/16/2013 0:00,6.692180555
4/16/2013 6:00,6.056
4/16/2013 12:00,10.62141667
4/16/2013 18:00,13.46072222
4/17/2013 0:00,6.006277777
4/17/2013 6:00,1.586597222
4/17/2013 12:00,5.345583333
4/17/2013 18:00,2.947402778
4/18/2013 0:00,2.297472222
4/18/2013 6:00,6.606013889
4/18/2013 12:00,10.07065278
4/18/2013 18:00,8.561833334
4/19/2013 0:00,1.859444445
4/19/2013 6:00,1.234236111
4/19/2013 12:00,1.511527778
4/19/2013 18:00,2.962847222
4/20/2013 0:00,7.963236112
4/20/2013 6:00,9.878569444
4/20/2013 12:00,10.77669444
4/20/2013 18:00,9.160430556
4/21/2013 0:00,2.584680556
4/21/2013 6:00,1.410361111
4/21/2013 12:00,3.414652778
4/21/2013 18:00,6.498
4/22/2013 0:00,4.456583333
4/22/2013 6:00,3.168819444
4/22/2013 12:00,2.773666667
4/22/2013 18:00,3.024152778
4/23/2013 0:00,4.071166667
4/23/2013 6:00,2.160416667
4/23/2013 12:00,4.363333333
4/23/2013 18:00,9.063541666
4/24/2013 0:00,10.47345833
4/24/2013 6:00,9.286847222
4/24/2013 12:00,12.38341667
4/24/2013 18:00,7.924819444
4/25/2013 0:00,1.866152778
4/25/2013 6:00,1.833208333
4/25/2013 12:00,4.383916667
4/25/2013 18:00,5.832138889
4/26/2013 0:00,11.51447222
4/26/2013 6:00,12.08266667
4/26/2013 12:00,14.02247222
4/26/2013 18:00,8.172972222
4/27/2013 0:00,6.917097222
4/27/2013 6:00,7.727416667
4/27/2013 12:00,8.780486111
4/27/2013 18:00,9.96498611
4/28/2013 0:00,8.66625
4/28/2013 6:00,4.351625
4/28/2013 12:00,4.858013889
4/28/2013 18:00,8.898583334
4/29/2013 0:00,5.567166667
4/29/2013 6:00,3.699263889
4/29/2013 12:00,6.316986111
4/29/2013 18:00,10.23275
4/30/2013 0:00,11.85886111
4/30/2013 6:00,8.681319445
4/30/2013 12:00,17.04013889
4/30/2013 18:00,11.16230556
5/1/2013 0:00,6.396652778
5/1/2013 6:00,6.509736111
5/1/2013 12:00,9.588875001
5/1/2013 18:00,11.62308333
5/2/2013 0:00,7.405069444
5/2/2013 6:00,3.082138889
5/2/2013 12:00,2.137875
5/2/2013 18:00,4.260958333
5/3/2013 0:00,2.782916667
5/3/2013 6:00,6.229708333
5/3/2013 12:00,14.28373611
5/3/2013 18:00,12.41177778
5/4/2013 0:00,8.236111111
5/4/2013 6:00,7.7445
5/4/2013 12:00,12.38731944
5/4/2013 18:00,13.80511111
5/5/2013 0:00,12.23444444
5/5/2013 6:00,9.596930556
5/5/2013 12:00,9.486805555
5/5/2013 18:00,9.302250001
5/6/2013 0:00,4.393486111
5/6/2013 6:00,1.951666667
5/6/2013 12:00,3.923055556
5/6/2013 18:00,5.450541667
5/7/2013 0:00,3.698375
5/7/2013 6:00,4.568458334
5/7/2013 12:00,4.717111111
5/7/2013 18:00,6.414138889
5/8/2013 0:00,2.261652778
5/8/2013 6:00,3.427402778
5/8/2013 12:00,10.99416667
5/8/2013 18:00,13.05422222
5/9/2013 0:00,13.38783333
5/9/2013 6:00,12.86252778
5/9/2013 12:00,14.72736111
5/9/2013 18:00,12.948625
5/10/2013 0:00,8.772486112
5/10/2013 6:00,3.074208333
5/10/2013 12:00,2.068166667
5/10/2013 18:00,1.597388889
5/11/2013 0:00,4.150555556
5/11/2013 6:00,6.718305555
5/11/2013 12:00,6.878597222
5/11/2013 18:00,9.066
5/12/2013 0:00,9.103583333
5/12/2013 6:00,7.371069445
5/12/2013 12:00,7.644763889
5/12/2013 18:00,8.053791667
5/13/2013 0:00,5.925972222
5/13/2013 6:00,5.506833333
5/13/2013 12:00,6.381541667
5/13/2013 18:00,8.286055555
5/14/2013 0:00,5.525208333
5/14/2013 6:00,5.004069445
5/14/2013 12:00,3.752513889
5/14/2013 18:00,10.86038889
5/15/2013 0:00,11.84863889
5/15/2013 6:00,7.126458333
5/15/2013 12:00,10.63476389
5/15/2013 18:00,12.30040278
5/16/2013 0:00,9.919472223
5/16/2013 6:00,10.53326389
5/16/2013 12:00,12.58384722
5/16/2013 18:00,9.679569445
5/17/2013 0:00,13.18804167
5/17/2013 6:00,9.222347223
5/17/2013 12:00,13.05202778
5/17/2013 18:00,12.38444444
5/18/2013 0:00,12.395875
5/18/2013 6:00,6.657527778
5/18/2013 12:00,7.360013889
5/18/2013 18:00,9.241875
5/19/2013 0:00,4.779375
5/19/2013 6:00,2.323888889
5/19/2013 12:00,4.156569445
5/19/2013 18:00,7.682972222
5/20/2013 0:00,4.456652778
5/20/2013 6:00,2.416902778
5/20/2013 12:00,5.815083333
5/20/2013 18:00,3.499083333
5/21/2013 0:00,4.3495
5/21/2013 6:00,5.007708333
5/21/2013 12:00,7.865916667
5/21/2013 18:00,10.73591667
5/22/2013 0:00,11.77040278
5/22/2013 6:00,5.432138889
5/22/2013 12:00,7.694875
5/22/2013 18:00,10.68440278
5/23/2013 0:00,6.967930556
5/23/2013 6:00,10.25433333
5/23/2013 12:00,14.18744445
5/23/2013 18:00,14.14405556
5/24/2013 0:00,10.68954167
5/24/2013 6:00,4.624902778
5/24/2013 12:00,6.525138889
5/24/2013 18:00,9.933347222
5/25/2013 0:00,7.210513889
5/25/2013 6:00,10.39145833
5/25/2013 12:00,10.83605556
5/25/2013 18:00,11.97859722
5/26/2013 0:00,6.608708333
5/26/2013 6:00,5.422763889
5/26/2013 12:00,11.64751389
5/26/2013 18:00,12.98355556
5/27/2013 0:00,14.52955556
5/27/2013 6:00,12.83872222
5/27/2013 12:00,13.48556945
5/27/2013 18:00,12.55079167
5/28/2013 0:00,10.95894445
5/28/2013 6:00,6.731680555
5/28/2013 12:00,11.15504167
5/28/2013 18:00,11.88256944
5/29/2013 0:00,11.70973611
5/29/2013 6:00,5.479236111
5/29/2013 12:00,9.299930556
5/29/2013 18:00,10.900375
5/30/2013 0:00,7.915263889
5/30/2013 6:00,4.527152778
5/30/2013 12:00,7.158263889
5/30/2013 18:00,9.384527778
5/31/2013 0:00,9.703861111
5/31/2013 6:00,7.020194444
5/31/2013 12:00,10.23608333
5/31/2013 18:00,7.340347222
6/1/2013 0:00,7.117180556
6/1/2013 6:00,6.039236111
6/1/2013 12:00,10.62647222
6/1/2013 18:00,11.79875
6/2/2013 0:00,10.21897222
6/2/2013 6:00,10.13566667
6/2/2013 12:00,12.24602778
6/2/2013 18:00,9.032527778
6/3/2013 0:00,8.053361111
6/3/2013 6:00,5.750652778
6/3/2013 12:00,6.469041667
6/3/2013 18:00,4.122541667
6/4/2013 0:00,2.079069444
6/4/2013 6:00,2.176236111
6/4/2013 12:00,3.943041667
6/4/2013 18:00,8.035069444
6/5/2013 0:00,13.029375
6/5/2013 6:00,15.09806945
6/5/2013 12:00,16.490375
6/5/2013 18:00,15.36993056
6/6/2013 0:00,13.64651389
6/6/2013 6:00,7.770180556
6/6/2013 12:00,8.194388889
6/6/2013 18:00,4.350375
6/7/2013 0:00,3.198555556
6/7/2013 6:00,3.224
6/7/2013 12:00,9.389541668
6/7/2013 18:00,11.01186111
6/8/2013 0:00,6.864680556
6/8/2013 6:00,2.893486111
6/8/2013 12:00,8.733833332
6/8/2013 18:00,10.60048611
6/9/2013 0:00,10.79351389
6/9/2013 6:00,13.13306945
6/9/2013 12:00,16.99977778
6/9/2013 18:00,15.97797222
6/10/2013 0:00,11.70215278
6/10/2013 6:00,7.286666667
6/10/2013 12:00,9.005791667
6/10/2013 18:00,8.762888888
6/11/2013 0:00,5.133486111
6/11/2013 6:00,1.477458333
6/11/2013 12:00,4.635097222
6/11/2013 18:00,9.70061111
6/12/2013 0:00,9.691819443
6/12/2013 6:00,6.044027778
6/12/2013 12:00,12.96358333
6/12/2013 18:00,14.01994445
6/13/2013 0:00,14.64479167
6/13/2013 6:00,13.56393056
6/13/2013 12:00,14.705125
6/13/2013 18:00,12.81297222
6/14/2013 0:00,7.844944445
6/14/2013 6:00,5.524333333
6/14/2013 12:00,12.32863889
6/14/2013 18:00,13.50408333
6/15/2013 0:00,8.717930555
6/15/2013 6:00,3.499763889
6/15/2013 12:00,2.249430556
6/15/2013 18:00,6.107125
6/16/2013 0:00,5.829375
6/16/2013 6:00,4.783722222
6/16/2013 12:00,10.06401389
6/16/2013 18:00,9.480736111
6/17/2013 0:00,13.64245833
6/17/2013 6:00,13.23884722
6/17/2013 12:00,16.06163889
6/17/2013 18:00,14.01138889
6/18/2013 0:00,14.71468056
6/18/2013 6:00,12.48765278
6/18/2013 12:00,14.21766667
6/18/2013 18:00,14.67951389
6/19/2013 0:00,12.76840278
6/19/2013 6:00,9.796680555
6/19/2013 12:00,10.13295833
6/19/2013 18:00,8.684194445
6/20/2013 0:00,2.713833333
6/20/2013 6:00,4.858722222
6/20/2013 12:00,5.674180556
6/20/2013 18:00,5.800277778
6/21/2013 0:00,7.183361111
6/21/2013 6:00,3.339083333
6/21/2013 12:00,4.412055556
6/21/2013 18:00,10.04280556
6/22/2013 0:00,12.35309722
6/22/2013 6:00,13.42045833
6/22/2013 12:00,13.32094445
6/22/2013 18:00,7.039236111
6/23/2013 0:00,8.846402778
6/23/2013 6:00,9.690861111
6/23/2013 12:00,8.73663889
6/23/2013 18:00,10.09225
6/24/2013 0:00,7.616597222
6/24/2013 6:00,5.128444445
6/24/2013 12:00,7.954694444
6/24/2013 18:00,8.279180556
6/25/2013 0:00,7.805944444
6/25/2013 6:00,3.716541667
6/25/2013 12:00,12.07115278
6/25/2013 18:00,10.52308333
6/26/2013 0:00,10.21304167
6/26/2013 6:00,11.77959722
6/26/2013 12:00,12.29369444
6/26/2013 18:00,10.39858333
6/27/2013 0:00,5.301583333
6/27/2013 6:00,1.876305556
6/27/2013 12:00,3.539472222
6/27/2013 18:00,4.912458333
6/28/2013 0:00,2.875291667
6/28/2013 6:00,2.484152778
6/28/2013 12:00,9.297597222
6/28/2013 18:00,9.834625
6/29/2013 0:00,7.364500001
6/29/2013 6:00,2.673708333
6/29/2013 12:00,7.251486111
6/29/2013 18:00,10.98734722
6/30/2013 0:00,9.820041667
6/30/2013 6:00,4.503
6/30/2013 12:00,8.717541667
6/30/2013 18:00,10.80941667
7/1/2013 0:00,10.53445833
7/1/2013 6:00,8.581597223
7/1/2013 12:00,12.95533333
7/1/2013 18:00,12.15615278
7/2/2013 0:00,9.154625
7/2/2013 6:00,6.986694444
7/2/2013 12:00,12.24593055
7/2/2013 18:00,13.668125
7/3/2013 0:00,10.49875
7/3/2013 6:00,9.894902779
7/3/2013 12:00,12.7185
7/3/2013 18:00,10.09294444
7/4/2013 0:00,7.483611111
7/4/2013 6:00,2.248722222
7/4/2013 12:00,2.825222222
7/4/2013 18:00,8.596333334
7/5/2013 0:00,9.09663889
7/5/2013 6:00,3.831013889
7/5/2013 12:00,3.400611111
7/5/2013 18:00,9.091819444
7/6/2013 0:00,9.144861111
7/6/2013 6:00,3.5485
7/6/2013 12:00,4.818958333
7/6/2013 18:00,11.17054167
7/7/2013 0:00,9.983916666
7/7/2013 6:00,3.650819444
7/7/2013 12:00,3.604736111
7/7/2013 18:00,10.526
7/8/2013 0:00,9.480208333
7/8/2013 6:00,3.441402778
7/8/2013 12:00,6.501166667
7/8/2013 18:00,14.55655555
7/9/2013 0:00,11.237375
7/9/2013 6:00,7.852222222
7/9/2013 12:00,12.67959722
7/9/2013 18:00,12.79345833
7/10/2013 0:00,10.54947222
7/10/2013 6:00,7.587736111
7/10/2013 12:00,10.39711111
7/10/2013 18:00,11.63322222
7/11/2013 0:00,8.880180556
7/11/2013 6:00,5.726263889
7/11/2013 12:00,7.590291667
7/11/2013 18:00,10.51548611
7/12/2013 0:00,8.987305555
7/12/2013 6:00,7.892611111
7/12/2013 12:00,13.00923611
7/12/2013 18:00,13.90255556
7/13/2013 0:00,11.20152778
7/13/2013 6:00,9.487180556
7/13/2013 12:00,11.57652778
7/13/2013 18:00,11.44459722
7/14/2013 0:00,9.184708334
7/14/2013 6:00,6.826375
7/14/2013 12:00,10.53922222
7/14/2013 18:00,11.36293056
7/15/2013 0:00,12.96516666
7/15/2013 6:00,14.66105556
7/15/2013 12:00,15.47359722
7/15/2013 18:00,13.747875
7/16/2013 0:00,7.269236112
7/16/2013 6:00,3.536277778
7/16/2013 12:00,5.753166667
7/16/2013 18:00,7.223347222
7/17/2013 0:00,2.968388889
7/17/2013 6:00,4.351694444
7/17/2013 12:00,7.734944444
7/17/2013 18:00,13.15313889
7/18/2013 0:00,13.867875
7/18/2013 6:00,11.28701389
7/18/2013 12:00,11.36418056
7/18/2013 18:00,12.77166667
7/19/2013 0:00,7.212944445
7/19/2013 6:00,2.499638889
7/19/2013 12:00,4.464208333
7/19/2013 18:00,10.21063889
7/20/2013 0:00,12.509
7/20/2013 6:00,13.34879167
7/20/2013 12:00,14.64775
7/20/2013 18:00,10.87561111
7/21/2013 0:00,9.33025
7/21/2013 6:00,3.347444445
7/21/2013 12:00,5.919416667
7/21/2013 18:00,10.67205556
7/22/2013 0:00,12.20238889
7/22/2013 6:00,11.13306944
7/22/2013 12:00,16.14895834
7/22/2013 18:00,13.00677778
7/23/2013 0:00,12.24094445
7/23/2013 6:00,7.225333334
7/23/2013 12:00,6.772444444
7/23/2013 18:00,8.706291667
7/24/2013 0:00,6.244902778
7/24/2013 6:00,1.684666667
7/24/2013 12:00,1.907638889
7/24/2013 18:00,8.424722222
7/25/2013 0:00,7.077777778
7/25/2013 6:00,2.82
7/25/2013 12:00,3.359486111
7/25/2013 18:00,10.32254167
7/26/2013 0:00,11.19419444
7/26/2013 6:00,7.190055556
7/26/2013 12:00,10.535875
7/26/2013 18:00,11.27772222
7/27/2013 0:00,13.87055556
7/27/2013 6:00,13.35697222
7/27/2013 12:00,15.78366667
7/27/2013 18:00,12.845125
7/28/2013 0:00,11.57048611
7/28/2013 6:00,6.664138889
7/28/2013 12:00,9.448305555
7/28/2013 18:00,9.016583334
7/29/2013 0:00,10.16693056
7/29/2013 6:00,6.188986111
7/29/2013 12:00,9.664652778
7/29/2013 18:00,12.57419444
7/30/2013 0:00,13.46358334
7/30/2013 6:00,10.31084722
7/30/2013 12:00,13.63994445
7/30/2013 18:00,13.61998611
7/31/2013 0:00,8.261013889
7/31/2013 6:00,6.294277778
7/31/2013 12:00,10.02327778
7/31/2013 18:00,11.84944444
8/1/2013 0:00,10.36788889
8/1/2013 6:00,5.844986111
8/1/2013 12:00,11.53061111
8/1/2013 18:00,12.61915278
8/2/2013 0:00,11.01284722
8/2/2013 6:00,8.944652779
8/2/2013 12:00,12.50645833
8/2/2013 18:00,10.86276389
8/3/2013 0:00,4.738472222
8/3/2013 6:00,4.770833334
8/3/2013 12:00,7.759111111
8/3/2013 18:00,9.094666667
8/4/2013 0:00,6.860652778
8/4/2013 6:00,6.397833333
8/4/2013 12:00,7.756486111
8/4/2013 18:00,6.3315
8/5/2013 0:00,1.354958333
8/5/2013 6:00,1.43175
8/5/2013 12:00,6.317083333
8/5/2013 18:00,13.1085
8/6/2013 0:00,10.51408333
8/6/2013 6:00,5.997902778
8/6/2013 12:00,8.109027777
8/6/2013 18:00,11.30159722
8/7/2013 0:00,10.47723611
8/7/2013 6:00,4.114986111
8/7/2013 12:00,9.358472223
8/7/2013 18:00,15.81368056
8/8/2013 0:00,16.40926389
8/8/2013 6:00,12.16673611
8/8/2013 12:00,13.76418056
8/8/2013 18:00,12.62754167
8/9/2013 0:00,8.885736111
8/9/2013 6:00,4.050875
8/9/2013 12:00,4.897777778
8/9/2013 18:00,11.18523611
8/10/2013 0:00,9.673652777
8/10/2013 6:00,6.223138889
8/10/2013 12:00,9.222861111
8/10/2013 18:00,9.638763889
8/11/2013 0:00,5.763875
8/11/2013 6:00,2.534111111
8/11/2013 12:00,3.156458333
8/11/2013 18:00,4.494125
8/12/2013 0:00,1.331819445
8/12/2013 6:00,2.903152778
8/12/2013 12:00,4.35325
8/12/2013 18:00,5.738194444
8/13/2013 0:00,7.730166667
8/13/2013 6:00,5.319513889
8/13/2013 12:00,8.303777777
8/13/2013 18:00,9.649444445
8/14/2013 0:00,7.904638889
8/14/2013 6:00,6.111055555
8/14/2013 12:00,10.90561111
8/14/2013 18:00,11.24919445
8/15/2013 0:00,3.335347222
8/15/2013 6:00,6.371055555
8/15/2013 12:00,9.91575
8/15/2013 18:00,10.65931944
8/16/2013 0:00,9.710388889
8/16/2013 6:00,7.089277778
8/16/2013 12:00,6.057972222
8/16/2013 18:00,6.144819444
8/17/2013 0:00,1.436361111
8/17/2013 6:00,1.906736111
8/17/2013 12:00,4.922569445
8/17/2013 18:00,5.769569445
8/18/2013 0:00,1.857527778
8/18/2013 6:00,2.207263889
8/18/2013 12:00,5.636430555
8/18/2013 18:00,10.82901389
8/19/2013 0:00,11.91158333
8/19/2013 6:00,9.783388888
8/19/2013 12:00,14.17715278
8/19/2013 18:00,14.41961111
8/20/2013 0:00,12.27997222
8/20/2013 6:00,6.364805555
8/20/2013 12:00,9.225819445
8/20/2013 18:00,10.66443056
8/21/2013 0:00,11.05155556
8/21/2013 6:00,10.26752778
8/21/2013 12:00,14.49634722
8/21/2013 18:00,14.08598611
8/22/2013 0:00,12.44894444
8/22/2013 6:00,7.393458333
8/22/2013 12:00,9.876791667
8/22/2013 18:00,10.678875
8/23/2013 0:00,11.09816667
8/23/2013 6:00,9.800152778
8/23/2013 12:00,14.01997222
8/23/2013 18:00,15.30890278
8/24/2013 0:00,10.69676389
8/24/2013 6:00,2.970277778
8/24/2013 12:00,3.270902778
8/24/2013 18:00,7.209430556
8/25/2013 0:00,7.294625
8/25/2013 6:00,7.597513889
8/25/2013 12:00,7.647027778
8/25/2013 18:00,6.148069445
8/26/2013 0:00,6.211736111
8/26/2013 6:00,4.006305556
8/26/2013 12:00,10.52256944
8/26/2013 18:00,14.51140278
8/27/2013 0:00,9.333847223
8/27/2013 6:00,4.502305556
8/27/2013 12:00,7.17525
8/27/2013 18:00,10.27202778
8/28/2013 0:00,11.00670833
8/28/2013 6:00,6.883958334
8/28/2013 12:00,12.96870833
8/28/2013 18:00,12.00794444
8/29/2013 0:00,9.783611112
8/29/2013 6:00,5.63675
8/29/2013 12:00,5.109597222
8/29/2013 18:00,8.179819445
8/30/2013 0:00,5.722486111
8/30/2013 6:00,1.813986111
8/30/2013 12:00,2.635930556
8/30/2013 18:00,9.188847223
8/31/2013 0:00,11.16494444
8/31/2013 6:00,7.721013889
8/31/2013 12:00,11.83975
8/31/2013 18:00,12.03404167
9/1/2013 0:00,10.18663889
9/1/2013 6:00,5.486888889
9/1/2013 12:00,8.414486111
9/1/2013 18:00,10.53501389
9/2/2013 0:00,9.989291667
9/2/2013 6:00,4.517972222
9/2/2013 12:00,8.048166667
9/2/2013 18:00,8.75475
9/3/2013 0:00,7.530291667
9/3/2013 6:00,3.782902778
9/3/2013 12:00,5.130652778
9/3/2013 18:00,8.107472222
9/4/2013 0:00,5.470180556
9/4/2013 6:00,1.815541667
9/4/2013 12:00,3.607708333
9/4/2013 18:00,4.331416667
9/5/2013 0:00,1.298472222
9/5/2013 6:00,1.579583333
9/5/2013 12:00,2.576638889
9/5/2013 18:00,8.405986111
9/6/2013 0:00,4.655527778
9/6/2013 6:00,9.69326389
9/6/2013 12:00,9.316930555
9/6/2013 18:00,9.218833333
9/7/2013 0:00,6.566722222
9/7/2013 6:00,6.545097222
9/7/2013 12:00,8.93725
9/7/2013 18:00,9.94336111
9/8/2013 0:00,8.441680556
9/8/2013 6:00,7.112180556
9/8/2013 12:00,4.652
9/8/2013 18:00,10.073125
9/9/2013 0:00,14.61308333
9/9/2013 6:00,13.49276389
9/9/2013 12:00,15.98122222
9/9/2013 18:00,15.75048611
9/10/2013 0:00,5.774083334
9/10/2013 6:00,6.758708333
9/10/2013 12:00,13.08159722
9/10/2013 18:00,10.42858333
9/11/2013 0:00,6.174138889
9/11/2013 6:00,2.693208333
9/11/2013 12:00,4.562875
9/11/2013 18:00,6.270944444
9/12/2013 0:00,6.425138889
9/12/2013 6:00,10.08656944
9/12/2013 12:00,10.96319444
9/12/2013 18:00,11.24301389
9/13/2013 0:00,12.08809722
9/13/2013 6:00,9.229138889
9/13/2013 12:00,7.827472222
9/13/2013 18:00,7.735111111
9/14/2013 0:00,2.211958333
9/14/2013 6:00,0.675152778
9/14/2013 12:00,1.57525
9/14/2013 18:00,8.616083333
9/15/2013 0:00,10.160875
9/15/2013 6:00,8.547555556
9/15/2013 12:00,9.78188889
9/15/2013 18:00,9.628263889
9/16/2013 0:00,6.862861111
9/16/2013 6:00,2.481861111
9/16/2013 12:00,4.098944444
9/16/2013 18:00,5.119361111
9/17/2013 0:00,0.978430556
9/17/2013 6:00,5.350944445
9/17/2013 12:00,6.489083333
9/17/2013 18:00,6.429833333
9/18/2013 0:00,1.536347222
9/18/2013 6:00,1.77625
9/18/2013 12:00,1.362708333
9/18/2013 18:00,7.01325
9/19/2013 0:00,8.079652779
9/19/2013 6:00,2.085069445
9/19/2013 12:00,3.6835
9/19/2013 18:00,4.965763889
9/20/2013 0:00,0.896722222
9/20/2013 6:00,3.599430556
9/20/2013 12:00,6.911847222
9/20/2013 18:00,5.000611111
9/21/2013 0:00,7.851055556
9/21/2013 6:00,6.187152778
9/21/2013 12:00,9.945958333
9/21/2013 18:00,13.21256945
9/22/2013 0:00,11.64504167
9/22/2013 6:00,8.613027778
9/22/2013 12:00,12.10588889
9/22/2013 18:00,11.34913889
9/23/2013 0:00,6.963611111
9/23/2013 6:00,5.091111111
9/23/2013 12:00,2.127777778
9/23/2013 18:00,6.708236111
9/24/2013 0:00,5.810277778
9/24/2013 6:00,5.051791667
9/24/2013 12:00,9.067819446
9/24/2013 18:00,12.00609722
9/25/2013 0:00,11.12923611
9/25/2013 6:00,7.780097222
9/25/2013 12:00,10.13552778
9/25/2013 18:00,10.06819444
9/26/2013 0:00,5.749861111
9/26/2013 6:00,1.758791667
9/26/2013 12:00,3.350513889
9/26/2013 18:00,5.166388889
9/27/2013 0:00,1.306694445
9/27/2013 6:00,2.447347222
9/27/2013 12:00,5.960541667
9/27/2013 18:00,5.836027778
9/28/2013 0:00,0.901472222
9/28/2013 6:00,1.629958333
9/28/2013 12:00,5.947694445
9/28/2013 18:00,8.871180555
9/29/2013 0:00,9.452416667
9/29/2013 6:00,6.927291666
9/29/2013 12:00,10.55347222
9/29/2013 18:00,12.57884722
9/30/2013 0:00,9.642819445
9/30/2013 6:00,3.164333333
9/30/2013 12:00,1.405458334
9/30/2013 18:00,1.534166667
10/1/2013 0:00,1.732347222
10/1/2013 6:00,2.795236111
10/1/2013 12:00,2.332638889
10/1/2013 18:00,8.975013888
10/2/2013 0:00,12.98781944
10/2/2013 6:00,10.72247222
10/2/2013 12:00,12.45684722
10/2/2013 18:00,12.62693056
10/3/2013 0:00,11.49201389
10/3/2013 6:00,8.579736111
10/3/2013 12:00,11.18559722
10/3/2013 18:00,8.562736112
10/4/2013 0:00,7.844305556
10/4/2013 6:00,7.708388889
10/4/2013 12:00,10.75558333
10/4/2013 18:00,10.59170833
10/5/2013 0:00,9.110736112
10/5/2013 6:00,9.369111111
10/5/2013 12:00,11.35454167
10/5/2013 18:00,11.36123611
10/6/2013 0:00,8.006763889
10/6/2013 6:00,8.790736111
10/6/2013 12:00,11.40129167
10/6/2013 18:00,10.82527778
10/7/2013 0:00,8.382666667
10/7/2013 6:00,4.925375
10/7/2013 12:00,4.718097222
10/7/2013 18:00,4.606972222
10/8/2013 0:00,1.592097222
10/8/2013 6:00,3.137888889
10/8/2013 12:00,4.315055556
10/8/2013 18:00,7.116388889
10/9/2013 0:00,6.714597222
10/9/2013 6:00,4.14
10/9/2013 12:00,2.077111111
10/9/2013 18:00,2.422013889
10/10/2013 0:00,4.425472222
10/10/2013 6:00,5.504
10/10/2013 12:00,6.819819444
10/10/2013 18:00,9.73911111
10/11/2013 0:00,5.715138889
10/11/2013 6:00,1.6935
10/11/2013 12:00,2.955652778
10/11/2013 18:00,3.072791667
10/12/2013 0:00,9.988236112
10/12/2013 6:00,11.18798611
10/12/2013 12:00,9.522958334
10/12/2013 18:00,7.151736111
10/13/2013 0:00,9.018694445
10/13/2013 6:00,5.378916667
10/13/2013 12:00,7.494444445
10/13/2013 18:00,6.923333333
10/14/2013 0:00,2.210986111
10/14/2013 6:00,3.491777778
10/14/2013 12:00,4.067611111
10/14/2013 18:00,6.792472222
10/15/2013 0:00,7.327486111
10/15/2013 6:00,2.097444445
10/15/2013 12:00,3.648222222
10/15/2013 18:00,10.75275
10/16/2013 0:00,11.43072222
10/16/2013 6:00,17.76458334
10/16/2013 12:00,12.794875
10/16/2013 18:00,11.80056945
10/17/2013 0:00,8.87826389
10/17/2013 6:00,3.966263889
10/17/2013 12:00,2.522888889
10/17/2013 18:00,6.112791667
10/18/2013 0:00,3.769305556
10/18/2013 6:00,3.853805555
10/18/2013 12:00,5.305652778
10/18/2013 18:00,3.830416667
10/19/2013 0:00,7.187805555
10/19/2013 6:00,6.536611111
10/19/2013 12:00,4.202958333
10/19/2013 18:00,11.16990278
10/20/2013 0:00,9.238013889
10/20/2013 6:00,7.038902778
10/20/2013 12:00,7.608069445
10/20/2013 18:00,6.466541667
10/21/2013 0:00,6.892194444
10/21/2013 6:00,2.44925
10/21/2013 12:00,2.360375
10/21/2013 18:00,4.474722222
10/22/2013 0:00,10.76515278
10/22/2013 6:00,5.798430556
10/22/2013 12:00,2.695430556
10/22/2013 18:00,2.466875
10/23/2013 0:00,1.609
10/23/2013 6:00,2.496638889
10/23/2013 12:00,4.651722222
10/23/2013 18:00,3.440625
10/24/2013 0:00,3.184958333
10/24/2013 6:00,2.693027778
10/24/2013 12:00,2.684347222
10/24/2013 18:00,3.338402778
10/25/2013 0:00,3.354486111
10/25/2013 6:00,3.323902778
10/25/2013 12:00,1.726263889
10/25/2013 18:00,5.968013889
10/26/2013 0:00,4.4225
10/26/2013 6:00,2.744513889
10/26/2013 12:00,4.445625
10/26/2013 18:00,2.783083333
10/27/2013 0:00,5.350652778
10/27/2013 6:00,7.309444444
10/27/2013 12:00,2.738722222
10/27/2013 18:00,7.955791667
10/28/2013 0:00,3.91275
10/28/2013 6:00,3.677986111
10/28/2013 12:00,2.376125
10/28/2013 18:00,7.231569445
10/29/2013 0:00,11.43863889
10/29/2013 6:00,6.412055556
10/29/2013 12:00,10.24326389
10/29/2013 18:00,5.336875
10/30/2013 0:00,3.879986111
10/30/2013 6:00,5.902486111
10/30/2013 12:00,2.304236111
10/30/2013 18:00,2.965805556
10/31/2013 0:00,2.416763889
10/31/2013 6:00,4.619111111
10/31/2013 12:00,5.379444445
10/31/2013 18:00,6.507375
11/1/2013 0:00,5.233680556
11/1/2013 6:00,7.548277778
11/1/2013 12:00,3.17625
11/1/2013 18:00,2.576652778
11/2/2013 0:00,2.330083334
11/2/2013 6:00,2.755430556
11/2/2013 12:00,4.248569445
11/2/2013 18:00,3.340472222
11/3/2013 0:00,2.000541667
11/3/2013 6:00,5.588625
11/3/2013 12:00,2.400402778
11/3/2013 18:00,3.084513889
11/4/2013 0:00,5.335736111
11/4/2013 6:00,4.660902778
11/4/2013 12:00,2.469402778
11/4/2013 18:00,4.627291667
11/5/2013 0:00,5.690027778
11/5/2013 6:00,4.416208333
11/5/2013 12:00,2.754972222
11/5/2013 18:00,1.515125
11/6/2013 0:00,3.042986111
11/6/2013 6:00,1.069597222
11/6/2013 12:00,7.488013889
11/6/2013 18:00,12.38847222
11/7/2013 0:00,13.08202778
11/7/2013 6:00,9.624069445
11/7/2013 12:00,7.124902778
11/7/2013 18:00,5.484736111
11/8/2013 0:00,2.474013889
11/8/2013 6:00,3.104180556
11/8/2013 12:00,1.220888889
11/8/2013 18:00,3.820069444
11/9/2013 0:00,5.418069444
11/9/2013 6:00,3.544472222
11/9/2013 12:00,4.492152778
11/9/2013 18:00,4.169833333
11/10/2013 0:00,4.530652778
11/10/2013 6:00,2.174652778
11/10/2013 12:00,1.982791667
11/10/2013 18:00,3.28
11/11/2013 0:00,5.001430556
11/11/2013 6:00,5.659180556
11/11/2013 12:00,2.716083333
11/11/2013 18:00,4.247319444
11/12/2013 0:00,7.344666667
11/12/2013 6:00,7.176847222
11/12/2013 12:00,1.966541667
11/12/2013 18:00,1.752847222
11/13/2013 0:00,1.269680556
11/13/2013 6:00,1.114277778
11/13/2013 12:00,1.458791667
11/13/2013 18:00,1.923916667
11/14/2013 0:00,3.922208334
11/14/2013 6:00,4.52225
11/14/2013 12:00,2.307347222
11/14/2013 18:00,7.443791667
11/15/2013 0:00,9.011777778
11/15/2013 6:00,7.158458333
11/15/2013 12:00,5.838680556
11/15/2013 18:00,4.819097222
11/16/2013 0:00,2.982611111
11/16/2013 6:00,1.324597222
11/16/2013 12:00,2.80375
11/16/2013 18:00,6.666486111
11/17/2013 0:00,5.783347222
11/17/2013 6:00,8.191291666
11/17/2013 12:00,6.522027778
11/17/2013 18:00,8.989833333
11/18/2013 0:00,11.66480556
11/18/2013 6:00,11.24941667
11/18/2013 12:00,7.416222222
11/18/2013 18:00,10.25838889
11/19/2013 0:00,17.55269444
11/19/2013 6:00,18.96109722
11/19/2013 12:00,15.10533333
11/19/2013 18:00,11.75301389
11/20/2013 0:00,12.19576389
11/20/2013 6:00,16.35909722
11/20/2013 12:00,12.30979167
11/20/2013 18:00,4.769222222
11/21/2013 0:00,7.112652779
11/21/2013 6:00,11.48023611
11/21/2013 12:00,10.14875
11/21/2013 18:00,8.433027778
11/22/2013 0:00,6.720541667
11/22/2013 6:00,2.927611111
11/22/2013 12:00,6.127666667
11/22/2013 18:00,7.450625
11/23/2013 0:00,1.759486111
11/23/2013 6:00,2.044819444
11/23/2013 12:00,4.120125
11/23/2013 18:00,7.719458333
11/24/2013 0:00,6.989347222
11/24/2013 6:00,6.384291667
11/24/2013 12:00,5.585555556
11/24/2013 18:00,8.664319444
11/25/2013 0:00,7.026652778
11/25/2013 6:00,1.603208333
11/25/2013 12:00,5.243666667
11/25/2013 18:00,11.13811111
11/26/2013 0:00,11.39277778
11/26/2013 6:00,10.13281945
11/26/2013 12:00,8.569513889
11/26/2013 18:00,8.224388889
11/27/2013 0:00,7.500236111
11/27/2013 6:00,7.714277778
11/27/2013 12:00,8.363152777
11/27/2013 18:00,9.739819445
11/28/2013 0:00,9.743722223
11/28/2013 6:00,10.14431945
11/28/2013 12:00,5.565361111
11/28/2013 18:00,2.078333333
11/29/2013 0:00,3.025541667
11/29/2013 6:00,6.783208333
11/29/2013 12:00,2.373847222
11/29/2013 18:00,4.716013889
11/30/2013 0:00,10.42761111
11/30/2013 6:00,9.71701389
11/30/2013 12:00,11.15620833
11/30/2013 18:00,8.363486111
12/1/2013 0:00,13.81675
12/1/2013 6:00,13.75591667
12/1/2013 12:00,9.171777778
12/1/2013 18:00,6.065819445
12/2/2013 0:00,8.944680556
12/2/2013 6:00,12.36681944
12/2/2013 12:00,15.077
12/2/2013 18:00,14.82127778
12/3/2013 0:00,14.30501389
12/3/2013 6:00,12.67058333
12/3/2013 12:00,11.216125
12/3/2013 18:00,9.651180555
12/4/2013 0:00,7.008944444
12/4/2013 6:00,10.23473611
12/4/2013 12:00,5.620041667
12/4/2013 18:00,8.526541666
12/5/2013 0:00,12.69080555
12/5/2013 6:00,12.51209722
12/5/2013 12:00,7.682388889
12/5/2013 18:00,7.277388889
12/6/2013 0:00,4.999097222
12/6/2013 6:00,4.829416667
12/6/2013 12:00,8.274694444
12/6/2013 18:00,11.00768056
12/7/2013 0:00,7.900402778
12/7/2013 6:00,9.044291667
12/7/2013 12:00,12.21640278
12/7/2013 18:00,13.67766667
12/8/2013 0:00,10.34623611
12/8/2013 6:00,8.615
12/8/2013 12:00,8.218180556
12/8/2013 18:00,6.240472222
12/9/2013 0:00,2.491319445
12/9/2013 6:00,2.188472222
12/9/2013 12:00,2.262861111
12/9/2013 18:00,4.649847222
12/10/2013 0:00,8.960333335
12/10/2013 6:00,9.085972222
12/10/2013 12:00,9.9555
12/10/2013 18:00,8.760222222
12/11/2013 0:00,4.966458334
12/11/2013 6:00,6.673527778
12/11/2013 12:00,4.586569444
12/11/2013 18:00,6.222055556
12/12/2013 0:00,6.96475
12/12/2013 6:00,5.331555555
12/12/2013 12:00,6.99098611
12/12/2013 18:00,8.139416667
12/13/2013 0:00,4.348736111
12/13/2013 6:00,3.587375
12/13/2013 12:00,2.625888889
12/13/2013 18:00,1.566652778
12/14/2013 0:00,3.318666667
12/14/2013 6:00,4.871236111
12/14/2013 12:00,5.524319444
12/14/2013 18:00,6.166069445
12/15/2013 0:00,7.437694445
12/15/2013 6:00,6.089972222
12/15/2013 12:00,6.840458333
12/15/2013 18:00,6.624625
12/16/2013 0:00,8.241291667
12/16/2013 6:00,9.305944445
12/16/2013 12:00,5.206722222
12/16/2013 18:00,15.374
12/17/2013 0:00,19.86661111
12/17/2013 6:00,16.85855556
12/17/2013 12:00,11.73538889
12/17/2013 18:00,10.14661111
12/18/2013 0:00,9.301666668
12/18/2013 6:00,6.848555556
12/18/2013 12:00,4.370486111
12/18/2013 18:00,6.199166667
12/19/2013 0:00,10.35765278
12/19/2013 6:00,11.15684722
12/19/2013 12:00,15.26245833
12/19/2013 18:00,16.36608333
12/20/2013 0:00,13.17384722
12/20/2013 6:00,21.23165278
12/20/2013 12:00,14.70769445
12/20/2013 18:00,7.126541667
12/21/2013 0:00,5.090527778
12/21/2013 6:00,3.638888889
12/21/2013 12:00,4.359333333
12/21/2013 18:00,2.648888889
12/22/2013 0:00,5.074736111
12/22/2013 6:00,6.079986111
12/22/2013 12:00,6.213944444
12/22/2013 18:00,8.951625
12/23/2013 0:00,8.782291667
12/23/2013 6:00,8.024333333
12/23/2013 12:00,4.491972222
12/23/2013 18:00,7.887388889
12/24/2013 0:00,8.158319445
12/24/2013 6:00,5.832638889
12/24/2013 12:00,6.636333334
12/24/2013 18:00,3.773263889
12/25/2013 0:00,6.974805556
12/25/2013 6:00,7.028041666
12/25/2013 12:00,6.145611111
12/25/2013 18:00,6.879069445
12/26/2013 0:00,7.197444445
12/26/2013 6:00,2.642152778
12/26/2013 12:00,1.396680556
12/26/2013 18:00,4.224902778
12/27/2013 0:00,4.923208334
12/27/2013 6:00,3.951666667
12/27/2013 12:00,5.569388889
12/27/2013 18:00,4.864166667
12/28/2013 0:00,4.959305556
12/28/2013 6:00,2.177763889
12/28/2013 12:00,5.235055556
12/28/2013 18:00,6.836236111
12/29/2013 0:00,4.733930556
12/29/2013 6:00,1.447736111
12/29/2013 12:00,1.400875
12/29/2013 18:00,2.236444444
12/30/2013 0:00,6.146819445
12/30/2013 6:00,3.689833333
12/30/2013 12:00,2.447625
12/30/2013 18:00,3.083138889
12/31/2013 0:00,1.026513889
12/31/2013 6:00,1.353430556
12/31/2013 12:00,5.999138889
12/31/2013 18:00,9.626458334
