1/1/2013 0:00,18.06633333
1/1/2013 6:00,17.82933333
1/1/2013 12:00,17.71633333
1/1/2013 18:00,16.52783333
1/2/2013 0:00,14.55833333
1/2/2013 6:00,14.76766667
1/2/2013 12:00,10.44233333
1/2/2013 18:00,4.308666667
1/3/2013 0:00,7.513666667
1/3/2013 6:00,11.77083333
1/3/2013 12:00,9.577333333
1/3/2013 18:00,14.18666667
1/4/2013 0:00,13.35083333
1/4/2013 6:00,8.7585
1/4/2013 12:00,7.2805
1/4/2013 18:00,12.72166667
1/5/2013 0:00,11.13366667
1/5/2013 6:00,13.52216667
1/5/2013 12:00,11.76683333
1/5/2013 18:00,14.49566667
1/6/2013 0:00,14.9195
1/6/2013 6:00,11.872
1/6/2013 12:00,8.513166667
1/6/2013 18:00,13.05833333
1/7/2013 0:00,10.19383333
1/7/2013 6:00,6.175833333
1/7/2013 12:00,3.354833333
1/7/2013 18:00,7.642
1/8/2013 0:00,6.792333333
1/8/2013 6:00,5.589333333
1/8/2013 12:00,6.199166667
1/8/2013 18:00,12.04933333
1/9/2013 0:00,12.78766667
1/9/2013 6:00,13.76583333
1/9/2013 12:00,10.26916667
1/9/2013 18:00,11.538
1/10/2013 0:00,8.029833333
1/10/2013 6:00,10.269
1/10/2013 12:00,8.756333333
1/10/2013 18:00,8.98
1/11/2013 0:00,9.0095
1/11/2013 6:00,14.6685
1/11/2013 12:00,16.4385
1/11/2013 18:00,16.25966667
1/12/2013 0:00,15.85033333
1/12/2013 6:00,14.9825
1/12/2013 12:00,14.082
1/12/2013 18:00,12.69033333
1/13/2013 0:00,9.8335
1/13/2013 6:00,6.4425
1/13/2013 12:00,3.582666667
1/13/2013 18:00,2.741166667
1/14/2013 0:00,2.569666667
1/14/2013 6:00,4.575166667
1/14/2013 12:00,5.814666667
1/14/2013 18:00,7.244
1/15/2013 0:00,9.455833333
1/15/2013 6:00,12.66616667
1/15/2013 12:00,10.46433333
1/15/2013 18:00,10.58516667
1/16/2013 0:00,11.50566667
1/16/2013 6:00,11.04183333
1/16/2013 12:00,10.35583333
1/16/2013 18:00,10.99816667
1/17/2013 0:00,11.20083333
1/17/2013 6:00,11.95516667
1/17/2013 12:00,9.293166667
1/17/2013 18:00,4.456166667
1/18/2013 0:00,9.378333333
1/18/2013 6:00,13.41133333
1/18/2013 12:00,10.11683333
1/18/2013 18:00,12.74533333
1/19/2013 0:00,11.63933333
1/19/2013 6:00,7.9765
1/19/2013 12:00,2.3795
1/19/2013 18:00,3.410333333
1/20/2013 0:00,4.376166667
1/20/2013 6:00,4.2745
1/20/2013 12:00,3.503666667
1/20/2013 18:00,4.622
1/21/2013 0:00,2.008666667
1/21/2013 6:00,6.785166667
1/21/2013 12:00,11.69866667
1/21/2013 18:00,16.23483333
1/22/2013 0:00,14.23533333
1/22/2013 6:00,10.47183333
1/22/2013 12:00,4.433833333
1/22/2013 18:00,4.7055
1/23/2013 0:00,9.588833333
1/23/2013 6:00,12.21283333
1/23/2013 12:00,10.78633333
1/23/2013 18:00,11.23466667
1/24/2013 0:00,9.336333333
1/24/2013 6:00,3.7065
1/24/2013 12:00,3.145
1/24/2013 18:00,5.693833333
1/25/2013 0:00,6.244666667
1/25/2013 6:00,7.514666667
1/25/2013 12:00,6.355333333
1/25/2013 18:00,11.7175
1/26/2013 0:00,14.57616667
1/26/2013 6:00,13.068
1/26/2013 12:00,11.38233333
1/26/2013 18:00,9.892
1/27/2013 0:00,6.387666667
1/27/2013 6:00,11.464
1/27/2013 12:00,12.11183333
1/27/2013 18:00,13.44616667
1/28/2013 0:00,13.21
1/28/2013 6:00,10.7625
1/28/2013 12:00,8.722666667
1/28/2013 18:00,11.711
1/29/2013 0:00,11.40633333
1/29/2013 6:00,7.4835
1/29/2013 12:00,3.205
1/29/2013 18:00,9.103833333
1/30/2013 0:00,11.96483333
1/30/2013 6:00,9.773833333
1/30/2013 12:00,7.604333333
1/30/2013 18:00,11.79183333
1/31/2013 0:00,12.639
1/31/2013 6:00,11.5365
1/31/2013 12:00,8.014333333
1/31/2013 18:00,7.781666667
2/1/2013 0:00,5.982333333
2/1/2013 6:00,4.303
2/1/2013 12:00,3.5155
2/1/2013 18:00,9.992833333
2/2/2013 0:00,9.2415
2/2/2013 6:00,4.315166667
2/2/2013 12:00,2.191666667
2/2/2013 18:00,5.106333333
2/3/2013 0:00,5.696833333
2/3/2013 6:00,6.097666667
2/3/2013 12:00,6.409333333
2/3/2013 18:00,8.053166667
2/4/2013 0:00,7.226333333
2/4/2013 6:00,6.913
2/4/2013 12:00,6.640333333
2/4/2013 18:00,9.677333333
2/5/2013 0:00,7.790333333
2/5/2013 6:00,4.991333333
2/5/2013 12:00,2.920833333
2/5/2013 18:00,7.2175
2/6/2013 0:00,11.15283333
2/6/2013 6:00,9.4825
2/6/2013 12:00,5.500666667
2/6/2013 18:00,11.588
2/7/2013 0:00,10.34566667
2/7/2013 6:00,8.983
2/7/2013 12:00,7.224666667
2/7/2013 18:00,6.502
2/8/2013 0:00,6.984166667
2/8/2013 6:00,4.857
2/8/2013 12:00,4.047833333
2/8/2013 18:00,8.048833333
2/9/2013 0:00,10.2695
2/9/2013 6:00,8.921166667
2/9/2013 12:00,8.933833333
2/9/2013 18:00,10.799
2/10/2013 0:00,14.01283333
2/10/2013 6:00,13.66633333
2/10/2013 12:00,12.48083333
2/10/2013 18:00,11.8945
2/11/2013 0:00,10.5685
2/11/2013 6:00,9.831833333
2/11/2013 12:00,9.460833333
2/11/2013 18:00,9.613666667
2/12/2013 0:00,8.962333333
2/12/2013 6:00,6.883833333
2/12/2013 12:00,6.655666667
2/12/2013 18:00,10.33966667
2/13/2013 0:00,10.387
2/13/2013 6:00,7.490833333
2/13/2013 12:00,4.298666667
2/13/2013 18:00,3.875833333
2/14/2013 0:00,5.447666667
2/14/2013 6:00,7.268333333
2/14/2013 12:00,6.382333333
2/14/2013 18:00,10.75183333
2/15/2013 0:00,5.959833333
2/15/2013 6:00,1.413
2/15/2013 12:00,1.536666667
2/15/2013 18:00,6.1285
2/16/2013 0:00,10.02883333
2/16/2013 6:00,10.27133333
2/16/2013 12:00,7.023166667
2/16/2013 18:00,8.174
2/17/2013 0:00,10.52733333
2/17/2013 6:00,9.4835
2/17/2013 12:00,9.417
2/17/2013 18:00,9.967833333
2/18/2013 0:00,6.531666667
2/18/2013 6:00,3.077333333
2/18/2013 12:00,2.37
2/18/2013 18:00,7.593166667
2/19/2013 0:00,8.861166667
2/19/2013 6:00,8.6025
2/19/2013 12:00,9
2/19/2013 18:00,12.0095
2/20/2013 0:00,11.50616667
2/20/2013 6:00,11.65283333
2/20/2013 12:00,12.8225
2/20/2013 18:00,11.92666667
2/21/2013 0:00,9.181833333
2/21/2013 6:00,11.10566667
2/21/2013 12:00,12.65416667
2/21/2013 18:00,10.95416667
2/22/2013 0:00,6.429166667
2/22/2013 6:00,2.3915
2/22/2013 12:00,2.198833333
2/22/2013 18:00,4.239833333
2/23/2013 0:00,1.8745
2/23/2013 6:00,4.748
2/23/2013 12:00,7.172666667
2/23/2013 18:00,9.334166667
2/24/2013 0:00,10.229
2/24/2013 6:00,12.1615
2/24/2013 12:00,12.08933333
2/24/2013 18:00,11.23133333
2/25/2013 0:00,9.742666667
2/25/2013 6:00,6.079166667
2/25/2013 12:00,3.961833333
2/25/2013 18:00,10.299
2/26/2013 0:00,13.1525
2/26/2013 6:00,12.49933333
2/26/2013 12:00,17.09733333
2/26/2013 18:00,12.77483333
2/27/2013 0:00,11.29316667
2/27/2013 6:00,8.705
2/27/2013 12:00,3.051166667
2/27/2013 18:00,5.788
2/28/2013 0:00,9.0115
2/28/2013 6:00,9.182333333
2/28/2013 12:00,8.859333333
2/28/2013 18:00,12.0985
3/1/2013 0:00,6.980666667
3/1/2013 6:00,2.724166667
3/1/2013 12:00,4.339666667
3/1/2013 18:00,6.186833333
3/2/2013 0:00,7.418333333
3/2/2013 6:00,6.715333333
3/2/2013 12:00,9.581
3/2/2013 18:00,11.59183333
3/3/2013 0:00,14.098
3/3/2013 6:00,13.94083333
3/3/2013 12:00,10.7645
3/3/2013 18:00,7.597
3/4/2013 0:00,3.575333333
3/4/2013 6:00,0.980166667
3/4/2013 12:00,1.9595
3/4/2013 18:00,6.073666667
3/5/2013 0:00,5.611833333
3/5/2013 6:00,6.8355
3/5/2013 12:00,11.9655
3/5/2013 18:00,14.937
3/6/2013 0:00,13.99566667
3/6/2013 6:00,12.39916667
3/6/2013 12:00,11.52366667
3/6/2013 18:00,15.17383333
3/7/2013 0:00,13.46833333
3/7/2013 6:00,8.770166667
3/7/2013 12:00,11.1315
3/7/2013 18:00,10.60333333
3/8/2013 0:00,10.2775
3/8/2013 6:00,10.13416667
3/8/2013 12:00,9.980833333
3/8/2013 18:00,11.32066667
3/9/2013 0:00,8.807833333
3/9/2013 6:00,2.2455
3/9/2013 12:00,7.197333333
3/9/2013 18:00,13.96816667
3/10/2013 0:00,17.16433333
3/10/2013 6:00,16.5805
3/10/2013 12:00,13.036
3/10/2013 18:00,14.63466667
3/11/2013 0:00,15.40883333
3/11/2013 6:00,12.40283333
3/11/2013 12:00,10.3815
3/11/2013 18:00,10.58066667
3/12/2013 0:00,8.126
3/12/2013 6:00,7.389
3/12/2013 12:00,7.962333333
3/12/2013 18:00,11.96766667
3/13/2013 0:00,8.346333333
3/13/2013 6:00,3.342333333
3/13/2013 12:00,8.7165
3/13/2013 18:00,14.044
3/14/2013 0:00,13.1715
3/14/2013 6:00,8.226666667
3/14/2013 12:00,5.597166667
3/14/2013 18:00,9.357
3/15/2013 0:00,8.1565
3/15/2013 6:00,3.493666667
3/15/2013 12:00,1.9095
3/15/2013 18:00,3.736666667
3/16/2013 0:00,4.0365
3/16/2013 6:00,4.409333333
3/16/2013 12:00,5.63
3/16/2013 18:00,11.74716667
3/17/2013 0:00,12.59666667
3/17/2013 6:00,10.9995
3/17/2013 12:00,11.27216667
3/17/2013 18:00,13.4775
3/18/2013 0:00,12.847
3/18/2013 6:00,11.78166667
3/18/2013 12:00,13.84366667
3/18/2013 18:00,14.35116667
3/19/2013 0:00,12.76683333
3/19/2013 6:00,12.443
3/19/2013 12:00,12.4655
3/19/2013 18:00,9.0815
3/20/2013 0:00,9.0915
3/20/2013 6:00,5.044166667
3/20/2013 12:00,2.735
3/20/2013 18:00,5.3925
3/21/2013 0:00,3.417666667
3/21/2013 6:00,5.6455
3/21/2013 12:00,3.423166667
3/21/2013 18:00,5.664333333
3/22/2013 0:00,7.611166667
3/22/2013 6:00,7.759666667
3/22/2013 12:00,4.773166667
3/22/2013 18:00,5.007166667
3/23/2013 0:00,3.4385
3/23/2013 6:00,1.3465
3/23/2013 12:00,2.3505
3/23/2013 18:00,3.462166667
3/24/2013 0:00,4.765833333
3/24/2013 6:00,3.1805
3/24/2013 12:00,3.257333333
3/24/2013 18:00,8.164
3/25/2013 0:00,7.810833333
3/25/2013 6:00,5.9215
3/25/2013 12:00,5.01
3/25/2013 18:00,8.605666667
3/26/2013 0:00,9.937333333
3/26/2013 6:00,11.763
3/26/2013 12:00,14.279
3/26/2013 18:00,15.551
3/27/2013 0:00,16.68633333
3/27/2013 6:00,12.99783333
3/27/2013 12:00,15.2135
3/27/2013 18:00,11.538
3/28/2013 0:00,9.814
3/28/2013 6:00,8.113666667
3/28/2013 12:00,4.782833333
3/28/2013 18:00,5.679
3/29/2013 0:00,10.5585
3/29/2013 6:00,9.110333333
3/29/2013 12:00,8.084333333
3/29/2013 18:00,7.191333333
3/30/2013 0:00,3.915
3/30/2013 6:00,3.7995
3/30/2013 12:00,1.040333333
3/30/2013 18:00,6.504
3/31/2013 0:00,9.875333333
3/31/2013 6:00,9.286666667
3/31/2013 12:00,6.773666667
3/31/2013 18:00,9.602
4/1/2013 0:00,7.0795
4/1/2013 6:00,7.0685
4/1/2013 12:00,9.517166667
4/1/2013 18:00,12.07233333
4/2/2013 0:00,11.97733333
4/2/2013 6:00,10.83216667
4/2/2013 12:00,8.998833333
4/2/2013 18:00,9.743666667
4/3/2013 0:00,13.10183333
4/3/2013 6:00,12.42583333
4/3/2013 12:00,10.72666667
4/3/2013 18:00,10.54666667
4/4/2013 0:00,8.678333333
4/4/2013 6:00,6.174166667
4/4/2013 12:00,6.928333333
4/4/2013 18:00,9.132666667
4/5/2013 0:00,9.1
4/5/2013 6:00,6.79
4/5/2013 12:00,6.065833333
4/5/2013 18:00,8.5955
4/6/2013 0:00,11.5065
4/6/2013 6:00,8.8925
4/6/2013 12:00,9.359333333
4/6/2013 18:00,11.90266667
4/7/2013 0:00,12.1495
4/7/2013 6:00,9.174833333
4/7/2013 12:00,12.59183333
4/7/2013 18:00,11.67016667
4/8/2013 0:00,10.81733333
4/8/2013 6:00,9.3595
4/8/2013 12:00,10.75466667
4/8/2013 18:00,9.611333333
4/9/2013 0:00,11.25866667
4/9/2013 6:00,10.21916667
4/9/2013 12:00,11.30133333
4/9/2013 18:00,9.651
4/10/2013 0:00,7.696833333
4/10/2013 6:00,8.712166667
4/10/2013 12:00,9.791166667
4/10/2013 18:00,9.631333333
4/11/2013 0:00,7.374833333
4/11/2013 6:00,3.586833333
4/11/2013 12:00,1.494833333
4/11/2013 18:00,4.605
4/12/2013 0:00,7.166333333
4/12/2013 6:00,7.4405
4/12/2013 12:00,7.809166667
4/12/2013 18:00,10.03083333
4/13/2013 0:00,12.6865
4/13/2013 6:00,15.34766667
4/13/2013 12:00,15.00633333
4/13/2013 18:00,9.187666667
4/14/2013 0:00,8.527833333
4/14/2013 6:00,5.357
4/14/2013 12:00,6.745
4/14/2013 18:00,9.8625
4/15/2013 0:00,10.37233333
4/15/2013 6:00,10.5805
4/15/2013 12:00,14.67166667
4/15/2013 18:00,9.7055
4/16/2013 0:00,16.021
4/16/2013 6:00,15.2565
4/16/2013 12:00,10.45716667
4/16/2013 18:00,5.042166667
4/17/2013 0:00,2.695666667
4/17/2013 6:00,5.546166667
4/17/2013 12:00,8.774166667
4/17/2013 18:00,12.7985
4/18/2013 0:00,13.2295
4/18/2013 6:00,8.038166667
4/18/2013 12:00,6.737
4/18/2013 18:00,7.729833333
4/19/2013 0:00,8.924166667
4/19/2013 6:00,9.606833333
4/19/2013 12:00,7.782166667
4/19/2013 18:00,7.643833333
4/20/2013 0:00,8.906166667
4/20/2013 6:00,6.305166667
4/20/2013 12:00,4.509166667
4/20/2013 18:00,3.357833333
4/21/2013 0:00,9.513666667
4/21/2013 6:00,8.446
4/21/2013 12:00,8.2105
4/21/2013 18:00,7.1475
4/22/2013 0:00,10.75633333
4/22/2013 6:00,8.480333333
4/22/2013 12:00,6.795
4/22/2013 18:00,6.732333333
4/23/2013 0:00,3.106833333
4/23/2013 6:00,4.257833333
4/23/2013 12:00,4.3285
4/23/2013 18:00,3.626333333
4/24/2013 0:00,8.558833333
4/24/2013 6:00,3.713333333
4/24/2013 12:00,2.649
4/24/2013 18:00,8.828333333
4/25/2013 0:00,8.896166667
4/25/2013 6:00,4.153833333
4/25/2013 12:00,8.663166667
4/25/2013 18:00,12.2935
4/26/2013 0:00,11.25966667
4/26/2013 6:00,9.5355
4/26/2013 12:00,6.818833333
4/26/2013 18:00,9.145666667
4/27/2013 0:00,9.449
4/27/2013 6:00,11.17166667
4/27/2013 12:00,13.566
4/27/2013 18:00,13.20583333
4/28/2013 0:00,10.65433333
4/28/2013 6:00,8.538
4/28/2013 12:00,7.279666667
4/28/2013 18:00,5.864666667
4/29/2013 0:00,8.351833333
4/29/2013 6:00,5.615333333
4/29/2013 12:00,5.402666667
4/29/2013 18:00,6.2495
4/30/2013 0:00,5.028166667
4/30/2013 6:00,4.152
4/30/2013 12:00,5.281333333
4/30/2013 18:00,9.766333333
5/1/2013 0:00,12.69783333
5/1/2013 6:00,11.88683333
5/1/2013 12:00,12.66666667
5/1/2013 18:00,11.04733333
5/2/2013 0:00,5.568666667
5/2/2013 6:00,3.619166667
5/2/2013 12:00,3.275
5/2/2013 18:00,7.008666667
5/3/2013 0:00,8.854833333
5/3/2013 6:00,2.947666667
5/3/2013 12:00,2.728333333
5/3/2013 18:00,7.901166667
5/4/2013 0:00,8.244
5/4/2013 6:00,7.434666667
5/4/2013 12:00,5.993
5/4/2013 18:00,7.268166667
5/5/2013 0:00,5.562333333
5/5/2013 6:00,5.053833333
5/5/2013 12:00,9.769666667
5/5/2013 18:00,10.66066667
5/6/2013 0:00,9.495166667
5/6/2013 6:00,4.502333333
5/6/2013 12:00,7.879833333
5/6/2013 18:00,7.717
5/7/2013 0:00,11.57516667
5/7/2013 6:00,8.657666667
5/7/2013 12:00,10.27
5/7/2013 18:00,9.806666667
5/8/2013 0:00,9.843833333
5/8/2013 6:00,8.950166667
5/8/2013 12:00,10.86733333
5/8/2013 18:00,10.43483333
5/9/2013 0:00,9.954666667
5/9/2013 6:00,4.378333333
5/9/2013 12:00,1.306166667
5/9/2013 18:00,3.398166667
5/10/2013 0:00,9.376
5/10/2013 6:00,8.8995
5/10/2013 12:00,10.26533333
5/10/2013 18:00,12.88833333
5/11/2013 0:00,12.76116667
5/11/2013 6:00,12.22933333
5/11/2013 12:00,10.77733333
5/11/2013 18:00,5.403
5/12/2013 0:00,6.116333333
5/12/2013 6:00,4.629333333
5/12/2013 12:00,3.546
5/12/2013 18:00,3.421
5/13/2013 0:00,2.0885
5/13/2013 6:00,2.396166667
5/13/2013 12:00,4.716
5/13/2013 18:00,7.707
5/14/2013 0:00,11.13
5/14/2013 6:00,7.902833333
5/14/2013 12:00,6.400666667
5/14/2013 18:00,10.34683333
5/15/2013 0:00,13.22116667
5/15/2013 6:00,10.72466667
5/15/2013 12:00,10.704
5/15/2013 18:00,10.48616667
5/16/2013 0:00,6.844833333
5/16/2013 6:00,1.754666667
5/16/2013 12:00,2.938166667
5/16/2013 18:00,9.2195
5/17/2013 0:00,12.88683333
5/17/2013 6:00,13.25833333
5/17/2013 12:00,15.58783333
5/17/2013 18:00,15.84616667
5/18/2013 0:00,14.19516667
5/18/2013 6:00,11.539
5/18/2013 12:00,13.0745
5/18/2013 18:00,14.11116667
5/19/2013 0:00,13.02416667
5/19/2013 6:00,10.5585
5/19/2013 12:00,11.34183333
5/19/2013 18:00,10.465
5/20/2013 0:00,7.5345
5/20/2013 6:00,10.1865
5/20/2013 12:00,8.840166667
5/20/2013 18:00,7.124166667
5/21/2013 0:00,2.982666667
5/21/2013 6:00,3.686
5/21/2013 12:00,2.4205
5/21/2013 18:00,8.113333333
5/22/2013 0:00,11.87966667
5/22/2013 6:00,11.463
5/22/2013 12:00,14.0225
5/22/2013 18:00,15.344
5/23/2013 0:00,14.61466667
5/23/2013 6:00,10.93633333
5/23/2013 12:00,15.16583333
5/23/2013 18:00,10.64916667
5/24/2013 0:00,8.1065
5/24/2013 6:00,8.105166667
5/24/2013 12:00,5.994666667
5/24/2013 18:00,5.629166667
5/25/2013 0:00,7.758666667
5/25/2013 6:00,2.408666667
5/25/2013 12:00,2.767
5/25/2013 18:00,4.546166667
5/26/2013 0:00,9.711
5/26/2013 6:00,8.5635
5/26/2013 12:00,10.11233333
5/26/2013 18:00,14.52466667
5/27/2013 0:00,9.282666667
5/27/2013 6:00,11.617
5/27/2013 12:00,11.75016667
5/27/2013 18:00,9.675333333
5/28/2013 0:00,6.189166667
5/28/2013 6:00,6.163666667
5/28/2013 12:00,10.645
5/28/2013 18:00,9.342166667
5/29/2013 0:00,10.93683333
5/29/2013 6:00,11.1425
5/29/2013 12:00,10.7065
5/29/2013 18:00,8.545
5/30/2013 0:00,8.3035
5/30/2013 6:00,4.882
5/30/2013 12:00,3.842166667
5/30/2013 18:00,3.033
5/31/2013 0:00,5.2715
5/31/2013 6:00,5.641333333
5/31/2013 12:00,5.112833333
5/31/2013 18:00,4.778833333
6/1/2013 0:00,2.432833333
6/1/2013 6:00,2.592333333
6/1/2013 12:00,3.43
6/1/2013 18:00,3.111666667
6/2/2013 0:00,0.948833333
6/2/2013 6:00,3.877833333
6/2/2013 12:00,6.163833333
6/2/2013 18:00,2.982833333
6/3/2013 0:00,7.022833333
6/3/2013 6:00,4.718
6/3/2013 12:00,6.267
6/3/2013 18:00,7.422666667
6/4/2013 0:00,3.539166667
6/4/2013 6:00,3.713
6/4/2013 12:00,5.336666667
6/4/2013 18:00,6.462666667
6/5/2013 0:00,3.903833333
6/5/2013 6:00,3.482166667
6/5/2013 12:00,4.4815
6/5/2013 18:00,7.813166667
6/6/2013 0:00,9.823333333
6/6/2013 6:00,7.313666667
6/6/2013 12:00,6.733666667
6/6/2013 18:00,8.663166667
6/7/2013 0:00,9.949166667
6/7/2013 6:00,8.9975
6/7/2013 12:00,4.877833333
6/7/2013 18:00,10.31683333
6/8/2013 0:00,12.08983333
6/8/2013 6:00,10.95033333
6/8/2013 12:00,9.7125
6/8/2013 18:00,10.79866667
6/9/2013 0:00,13.04
6/9/2013 6:00,10.6825
6/9/2013 12:00,12.59616667
6/9/2013 18:00,13.89183333
6/10/2013 0:00,13.3195
6/10/2013 6:00,12.71283333
6/10/2013 12:00,16.22183333
6/10/2013 18:00,8.493333333
6/11/2013 0:00,5.010666667
6/11/2013 6:00,9.819833333
6/11/2013 12:00,11.7795
6/11/2013 18:00,11.35133333
6/12/2013 0:00,10.26733333
6/12/2013 6:00,7.296833333
6/12/2013 12:00,3.889666667
6/12/2013 18:00,3.195833333
6/13/2013 0:00,7.515333333
6/13/2013 6:00,9.125333333
6/13/2013 12:00,11.39983333
6/13/2013 18:00,12.85366667
6/14/2013 0:00,9.416833333
6/14/2013 6:00,8.835166667
6/14/2013 12:00,15.77166667
6/14/2013 18:00,10.69566667
6/15/2013 0:00,8.828166667
6/15/2013 6:00,2.584333333
6/15/2013 12:00,4.405333333
6/15/2013 18:00,6.9995
6/16/2013 0:00,5.294166667
6/16/2013 6:00,4.3255
6/16/2013 12:00,8.885
6/16/2013 18:00,9.3335
6/17/2013 0:00,6.714166667
6/17/2013 6:00,6.774333333
6/17/2013 12:00,14.79033333
6/17/2013 18:00,14.24966667
6/18/2013 0:00,9.337
6/18/2013 6:00,4.491833333
6/18/2013 12:00,1.625
6/18/2013 18:00,7.439333333
6/19/2013 0:00,10.059
6/19/2013 6:00,10.55983333
6/19/2013 12:00,15.17966667
6/19/2013 18:00,15.079
6/20/2013 0:00,13.05283333
6/20/2013 6:00,10.21433333
6/20/2013 12:00,8.165333333
6/20/2013 18:00,6.195333333
6/21/2013 0:00,12.19883333
6/21/2013 6:00,8.320166667
6/21/2013 12:00,7.222166667
6/21/2013 18:00,6.0835
6/22/2013 0:00,6.581833333
6/22/2013 6:00,4.378
6/22/2013 12:00,2.4095
6/22/2013 18:00,3.5395
6/23/2013 0:00,10.0745
6/23/2013 6:00,9.580333333
6/23/2013 12:00,8.250833333
6/23/2013 18:00,8.235333333
6/24/2013 0:00,6.03
6/24/2013 6:00,4.628166667
6/24/2013 12:00,7.275166667
6/24/2013 18:00,9.685
6/25/2013 0:00,9.406666667
6/25/2013 6:00,7.486333333
6/25/2013 12:00,6.437333333
6/25/2013 18:00,10.693
6/26/2013 0:00,12.33133333
6/26/2013 6:00,10.11033333
6/26/2013 12:00,11.27816667
6/26/2013 18:00,13.042
6/27/2013 0:00,14.2105
6/27/2013 6:00,10.411
6/27/2013 12:00,5.816333333
6/27/2013 18:00,6.3165
6/28/2013 0:00,11.29116667
6/28/2013 6:00,6.788833333
6/28/2013 12:00,3.781666667
6/28/2013 18:00,3.684166667
6/29/2013 0:00,3.350333333
6/29/2013 6:00,3.390666667
6/29/2013 12:00,1.877
6/29/2013 18:00,1.917666667
6/30/2013 0:00,0.615
6/30/2013 6:00,1.918666667
6/30/2013 12:00,3.1545
6/30/2013 18:00,2.753333333
7/1/2013 0:00,2.391666667
7/1/2013 6:00,3.569666667
7/1/2013 12:00,6.395833333
7/1/2013 18:00,7.949166667
7/2/2013 0:00,11.66066667
7/2/2013 6:00,9.483166667
7/2/2013 12:00,9.854
7/2/2013 18:00,8.7805
7/3/2013 0:00,8.297
7/3/2013 6:00,7.071166667
7/3/2013 12:00,7.521666667
7/3/2013 18:00,9.047166667
7/4/2013 0:00,11.90133333
7/4/2013 6:00,9.309833333
7/4/2013 12:00,9.422
7/4/2013 18:00,10.315
7/5/2013 0:00,9.772166667
7/5/2013 6:00,2.778166667
7/5/2013 12:00,2.377333333
7/5/2013 18:00,6.821
7/6/2013 0:00,6.887
7/6/2013 6:00,7.168166667
7/6/2013 12:00,8.537333333
7/6/2013 18:00,7.5645
7/7/2013 0:00,10.1865
7/7/2013 6:00,7.581666667
7/7/2013 12:00,7.442333333
7/7/2013 18:00,8.052833333
7/8/2013 0:00,5.176333333
7/8/2013 6:00,3.140666667
7/8/2013 12:00,3.915
7/8/2013 18:00,2.559166667
7/9/2013 0:00,4.265166667
7/9/2013 6:00,4.172166667
7/9/2013 12:00,5.917
7/9/2013 18:00,7.811666667
7/10/2013 0:00,4.738833333
7/10/2013 6:00,3.827833333
7/10/2013 12:00,4.204833333
7/10/2013 18:00,5.6445
7/11/2013 0:00,5.6825
7/11/2013 6:00,4.413833333
7/11/2013 12:00,5.268666667
7/11/2013 18:00,8.541
7/12/2013 0:00,11.93483333
7/12/2013 6:00,5.984333333
7/12/2013 12:00,6.314333333
7/12/2013 18:00,8.913
7/13/2013 0:00,7.331166667
7/13/2013 6:00,4.06
7/13/2013 12:00,5.0405
7/13/2013 18:00,8.181833333
7/14/2013 0:00,8.6265
7/14/2013 6:00,3.314166667
7/14/2013 12:00,3.200166667
7/14/2013 18:00,5.479
7/15/2013 0:00,6.5085
7/15/2013 6:00,4.963
7/15/2013 12:00,5.8635
7/15/2013 18:00,10.513
7/16/2013 0:00,12.7485
7/16/2013 6:00,12.10266667
7/16/2013 12:00,10.82333333
7/16/2013 18:00,11.18816667
7/17/2013 0:00,10.20066667
7/17/2013 6:00,2.679
7/17/2013 12:00,2.999666667
7/17/2013 18:00,5.454833333
7/18/2013 0:00,2.873666667
7/18/2013 6:00,3.534166667
7/18/2013 12:00,3.818833333
7/18/2013 18:00,5.107333333
7/19/2013 0:00,2.074333333
7/19/2013 6:00,2.988333333
7/19/2013 12:00,3.965333333
7/19/2013 18:00,7.941833333
7/20/2013 0:00,10.70316667
7/20/2013 6:00,4.107333333
7/20/2013 12:00,5.3425
7/20/2013 18:00,9.790333333
7/21/2013 0:00,10.51516667
7/21/2013 6:00,4.545833333
7/21/2013 12:00,4.568166667
7/21/2013 18:00,7.736833333
7/22/2013 0:00,8.3615
7/22/2013 6:00,9.692666667
7/22/2013 12:00,6.296833333
7/22/2013 18:00,4.802
7/23/2013 0:00,2.5655
7/23/2013 6:00,4.2685
7/23/2013 12:00,3.3345
7/23/2013 18:00,9.7455
7/24/2013 0:00,7.753833333
7/24/2013 6:00,4.677833333
7/24/2013 12:00,6.558166667
7/24/2013 18:00,11.57966667
7/25/2013 0:00,12.03416667
7/25/2013 6:00,9.06
7/25/2013 12:00,7.9015
7/25/2013 18:00,7.727666667
7/26/2013 0:00,9.188333333
7/26/2013 6:00,6.069
7/26/2013 12:00,10.00466667
7/26/2013 18:00,9.6165
7/27/2013 0:00,10.29866667
7/27/2013 6:00,6.788
7/27/2013 12:00,4.097666667
7/27/2013 18:00,3.1715
7/28/2013 0:00,5.052333333
7/28/2013 6:00,6.344166667
7/28/2013 12:00,7.350833333
7/28/2013 18:00,7.575166667
7/29/2013 0:00,10.22666667
7/29/2013 6:00,6.2505
7/29/2013 12:00,2.439333333
7/29/2013 18:00,5.052833333
7/30/2013 0:00,8.969833333
7/30/2013 6:00,5.038
7/30/2013 12:00,6.640833333
7/30/2013 18:00,7.532166667
7/31/2013 0:00,5.249833333
7/31/2013 6:00,3.180666667
7/31/2013 12:00,1.651833333
7/31/2013 18:00,4.262
8/1/2013 0:00,8.894
8/1/2013 6:00,5.311166667
8/1/2013 12:00,7.994333333
8/1/2013 18:00,8.883333333
8/2/2013 0:00,5.285666667
8/2/2013 6:00,3.528833333
8/2/2013 12:00,4.547833333
8/2/2013 18:00,6.9155
8/3/2013 0:00,4.6865
8/3/2013 6:00,4.945833333
8/3/2013 12:00,6.019166667
8/3/2013 18:00,11.14533333
8/4/2013 0:00,6.0645
8/4/2013 6:00,6.568
8/4/2013 12:00,8.859166667
8/4/2013 18:00,10.364
8/5/2013 0:00,10.97133333
8/5/2013 6:00,4.885
8/5/2013 12:00,2.677333333
8/5/2013 18:00,3.343
8/6/2013 0:00,6.261333333
8/6/2013 6:00,5.902833333
8/6/2013 12:00,6.424166667
8/6/2013 18:00,3.992833333
8/7/2013 0:00,3.2155
8/7/2013 6:00,4.752166667
8/7/2013 12:00,4.450166667
8/7/2013 18:00,7.288666667
8/8/2013 0:00,5.8275
8/8/2013 6:00,8.601166667
8/8/2013 12:00,4.536166667
8/8/2013 18:00,7.689666667
8/9/2013 0:00,5.454833333
8/9/2013 6:00,5.33
8/9/2013 12:00,8.172166667
8/9/2013 18:00,9.7485
8/10/2013 0:00,8.999333333
8/10/2013 6:00,5.168166667
8/10/2013 12:00,4.8285
8/10/2013 18:00,4.898333333
8/11/2013 0:00,5.416
8/11/2013 6:00,2.999333333
8/11/2013 12:00,3.820666667
8/11/2013 18:00,5.462833333
8/12/2013 0:00,6.567
8/12/2013 6:00,8.404
8/12/2013 12:00,8.101666667
8/12/2013 18:00,6.883833333
8/13/2013 0:00,5.707166667
8/13/2013 6:00,4.444333333
8/13/2013 12:00,5.656
8/13/2013 18:00,5.637666667
8/14/2013 0:00,2.108333333
8/14/2013 6:00,1.603833333
8/14/2013 12:00,2.862666667
8/14/2013 18:00,7.438166667
8/15/2013 0:00,8.765666667
8/15/2013 6:00,7.7915
8/15/2013 12:00,9.052
8/15/2013 18:00,5.375
8/16/2013 0:00,11.5035
8/16/2013 6:00,11.12483333
8/16/2013 12:00,10.3085
8/16/2013 18:00,10.44933333
8/17/2013 0:00,7.333
8/17/2013 6:00,4.027833333
8/17/2013 12:00,2.924333333
8/17/2013 18:00,2.591333333
8/18/2013 0:00,3.6745
8/18/2013 6:00,2.479666667
8/18/2013 12:00,2.122166667
8/18/2013 18:00,3.036166667
8/19/2013 0:00,8.517833333
8/19/2013 6:00,6.433166667
8/19/2013 12:00,5.943333333
8/19/2013 18:00,4.694
8/20/2013 0:00,2.3955
8/20/2013 6:00,1.469333333
8/20/2013 12:00,2.118333333
8/20/2013 18:00,5.336666667
8/21/2013 0:00,5.543666667
8/21/2013 6:00,4.824
8/21/2013 12:00,4.479166667
8/21/2013 18:00,9.401666667
8/22/2013 0:00,12.97883333
8/22/2013 6:00,8.168666667
8/22/2013 12:00,10.17433333
8/22/2013 18:00,12.2275
8/23/2013 0:00,9.902833333
8/23/2013 6:00,8.9095
8/23/2013 12:00,11.90466667
8/23/2013 18:00,12.72333333
8/24/2013 0:00,10.717
8/24/2013 6:00,8.655166667
8/24/2013 12:00,8.476666667
8/24/2013 18:00,11.53733333
8/25/2013 0:00,9.597
8/25/2013 6:00,6.467833333
8/25/2013 12:00,5.8055
8/25/2013 18:00,4.1235
8/26/2013 0:00,2.173
8/26/2013 6:00,2.073833333
8/26/2013 12:00,1.626166667
8/26/2013 18:00,1.671333333
8/27/2013 0:00,5.538333333
8/27/2013 6:00,2.889
8/27/2013 12:00,2.299333333
8/27/2013 18:00,7.2095
8/28/2013 0:00,3.671833333
8/28/2013 6:00,7.761833333
8/28/2013 12:00,9.591666667
8/28/2013 18:00,10.16666667
8/29/2013 0:00,11.60633333
8/29/2013 6:00,7.0695
8/29/2013 12:00,6.413166667
8/29/2013 18:00,12.45733333
8/30/2013 0:00,14.14783333
8/30/2013 6:00,13.00033333
8/30/2013 12:00,8.3375
8/30/2013 18:00,6.428333333
8/31/2013 0:00,8.631666667
8/31/2013 6:00,8.253666667
8/31/2013 12:00,6.904666667
8/31/2013 18:00,11.09083333
9/1/2013 0:00,10.43433333
9/1/2013 6:00,5.7995
9/1/2013 12:00,5.881333333
9/1/2013 18:00,10.54766667
9/2/2013 0:00,11.98183333
9/2/2013 6:00,7.196333333
9/2/2013 12:00,7.955
9/2/2013 18:00,8.2985
9/3/2013 0:00,6.966333333
9/3/2013 6:00,3.971666667
9/3/2013 12:00,2.153833333
9/3/2013 18:00,7.2035
9/4/2013 0:00,8.2645
9/4/2013 6:00,5.335833333
9/4/2013 12:00,3.352
9/4/2013 18:00,6.622
9/5/2013 0:00,4.886333333
9/5/2013 6:00,6.954166667
9/5/2013 12:00,6.407333333
9/5/2013 18:00,5.864166667
9/6/2013 0:00,4.102
9/6/2013 6:00,2.62
9/6/2013 12:00,5.479333333
9/6/2013 18:00,6.818833333
9/7/2013 0:00,10.20066667
9/7/2013 6:00,8.325833333
9/7/2013 12:00,10.8985
9/7/2013 18:00,9.827333333
9/8/2013 0:00,7.395166667
9/8/2013 6:00,8.428333333
9/8/2013 12:00,12.26483333
9/8/2013 18:00,12.2325
9/9/2013 0:00,10.471
9/9/2013 6:00,5.070333333
9/9/2013 12:00,1.473666667
9/9/2013 18:00,5.923666667
9/10/2013 0:00,12.08316667
9/10/2013 6:00,12.77383333
9/10/2013 12:00,14.15666667
9/10/2013 18:00,14.74
9/11/2013 0:00,15.11883333
9/11/2013 6:00,14.02183333
9/11/2013 12:00,13.83233333
9/11/2013 18:00,12.062
9/12/2013 0:00,10.485
9/12/2013 6:00,7.413333333
9/12/2013 12:00,2.695166667
9/12/2013 18:00,4.468166667
9/13/2013 0:00,7.0875
9/13/2013 6:00,4.8285
9/13/2013 12:00,4.853833333
9/13/2013 18:00,7.456666667
9/14/2013 0:00,10.18866667
9/14/2013 6:00,3.765833333
9/14/2013 12:00,4.278666667
9/14/2013 18:00,6.09
9/15/2013 0:00,12.81416667
9/15/2013 6:00,10.52833333
9/15/2013 12:00,11.36133333
9/15/2013 18:00,12.79566667
9/16/2013 0:00,13.17083333
9/16/2013 6:00,9.291333333
9/16/2013 12:00,5.218333333
9/16/2013 18:00,9.1875
9/17/2013 0:00,9.5095
9/17/2013 6:00,8.314333333
9/17/2013 12:00,9.515333333
9/17/2013 18:00,10.262
9/18/2013 0:00,10.2765
9/18/2013 6:00,5.554333333
9/18/2013 12:00,3.668666667
9/18/2013 18:00,8.592666667
9/19/2013 0:00,12.14433333
9/19/2013 6:00,10.57933333
9/19/2013 12:00,12.3555
9/19/2013 18:00,12.23016667
9/20/2013 0:00,10.99166667
9/20/2013 6:00,7.928166667
9/20/2013 12:00,7.175333333
9/20/2013 18:00,3.799
9/21/2013 0:00,5.970333333
9/21/2013 6:00,2.745666667
9/21/2013 12:00,6.797
9/21/2013 18:00,10.0645
9/22/2013 0:00,12.69633333
9/22/2013 6:00,11.16266667
9/22/2013 12:00,9.044666667
9/22/2013 18:00,9.900166667
9/23/2013 0:00,7.302
9/23/2013 6:00,3.893333333
9/23/2013 12:00,2.940333333
9/23/2013 18:00,2.627833333
9/24/2013 0:00,11.04666667
9/24/2013 6:00,11.07333333
9/24/2013 12:00,8.9515
9/24/2013 18:00,10.25783333
9/25/2013 0:00,8.078833333
9/25/2013 6:00,5.1285
9/25/2013 12:00,4.657833333
9/25/2013 18:00,4.803166667
9/26/2013 0:00,3.983666667
9/26/2013 6:00,5.222333333
9/26/2013 12:00,4.595666667
9/26/2013 18:00,6.403333333
9/27/2013 0:00,3.815333333
9/27/2013 6:00,2.0915
9/27/2013 12:00,1.921166667
9/27/2013 18:00,3.649833333
9/28/2013 0:00,4.806666667
9/28/2013 6:00,2.748333333
9/28/2013 12:00,2.191166667
9/28/2013 18:00,4.289833333
9/29/2013 0:00,7.799333333
9/29/2013 6:00,5.619666667
9/29/2013 12:00,2.913833333
9/29/2013 18:00,3.994833333
9/30/2013 0:00,3.317833333
9/30/2013 6:00,1.826
9/30/2013 12:00,0.648
9/30/2013 18:00,4.477833333
10/1/2013 0:00,11.447
10/1/2013 6:00,11.3995
10/1/2013 12:00,11.91683333
10/1/2013 18:00,12.14166667
10/2/2013 0:00,6.948666667
10/2/2013 6:00,1.773666667
10/2/2013 12:00,5.047
10/2/2013 18:00,8.396166667
10/3/2013 0:00,10.09433333
10/3/2013 6:00,7.7045
10/3/2013 12:00,9.404666667
10/3/2013 18:00,12.77666667
10/4/2013 0:00,12.6345
10/4/2013 6:00,11.69583333
10/4/2013 12:00,11.451
10/4/2013 18:00,10.066
10/5/2013 0:00,10.76166667
10/5/2013 6:00,10.20933333
10/5/2013 12:00,10.25
10/5/2013 18:00,11.2685
10/6/2013 0:00,10.9475
10/6/2013 6:00,9.038333333
10/6/2013 12:00,7.598
10/6/2013 18:00,7.059666667
10/7/2013 0:00,5.394666667
10/7/2013 6:00,7.949666667
10/7/2013 12:00,8.584833333
10/7/2013 18:00,12.05716667
10/8/2013 0:00,12.5895
10/8/2013 6:00,10.0895
10/8/2013 12:00,12.57516667
10/8/2013 18:00,8.506166667
10/9/2013 0:00,5.4265
10/9/2013 6:00,7.540166667
10/9/2013 12:00,12.13583333
10/9/2013 18:00,9.829
10/10/2013 0:00,9.480166667
10/10/2013 6:00,7.7755
10/10/2013 12:00,7.785666667
10/10/2013 18:00,13.1635
10/11/2013 0:00,14.33733333
10/11/2013 6:00,9.2105
10/11/2013 12:00,8.36
10/11/2013 18:00,9.542166667
10/12/2013 0:00,7.678833333
10/12/2013 6:00,7.421
10/12/2013 12:00,9.4725
10/12/2013 18:00,10.66816667
10/13/2013 0:00,10.85033333
10/13/2013 6:00,8.569166667
10/13/2013 12:00,5.784333333
10/13/2013 18:00,5.909833333
10/14/2013 0:00,7.215666667
10/14/2013 6:00,9.992333333
10/14/2013 12:00,10.67283333
10/14/2013 18:00,11.021
10/15/2013 0:00,6.623
10/15/2013 6:00,2.272666667
10/15/2013 12:00,5.706833333
10/15/2013 18:00,12.02383333
10/16/2013 0:00,10.54116667
10/16/2013 6:00,4.913166667
10/16/2013 12:00,2.061333333
10/16/2013 18:00,4.622666667
10/17/2013 0:00,9.7695
10/17/2013 6:00,13.59616667
10/17/2013 12:00,13.02066667
10/17/2013 18:00,12.61733333
10/18/2013 0:00,10.97533333
10/18/2013 6:00,10.08433333
10/18/2013 12:00,8.254333333
10/18/2013 18:00,13.30166667
10/19/2013 0:00,13.302
10/19/2013 6:00,13.48983333
10/19/2013 12:00,10.38433333
10/19/2013 18:00,6.789
10/20/2013 0:00,4.479666667
10/20/2013 6:00,3.3255
10/20/2013 12:00,5.303
10/20/2013 18:00,10.83183333
10/21/2013 0:00,12.07166667
10/21/2013 6:00,10.43416667
10/21/2013 12:00,3.7295
10/21/2013 18:00,8.610666667
10/22/2013 0:00,8.7495
10/22/2013 6:00,7.551666667
10/22/2013 12:00,6.404666667
10/22/2013 18:00,6.713666667
10/23/2013 0:00,6.366
10/23/2013 6:00,5.615833333
10/23/2013 12:00,5.150833333
10/23/2013 18:00,3.864166667
10/24/2013 0:00,5.053666667
10/24/2013 6:00,7.277166667
10/24/2013 12:00,7.581333333
10/24/2013 18:00,10.4385
10/25/2013 0:00,12.60116667
10/25/2013 6:00,13.77416667
10/25/2013 12:00,12.52733333
10/25/2013 18:00,11.47333333
10/26/2013 0:00,11.049
10/26/2013 6:00,8.0965
10/26/2013 12:00,7.106166667
10/26/2013 18:00,6.279666667
10/27/2013 0:00,5.772166667
10/27/2013 6:00,4.014666667
10/27/2013 12:00,2.6745
10/27/2013 18:00,6.048666667
10/28/2013 0:00,7.794833333
10/28/2013 6:00,7.122833333
10/28/2013 12:00,6.538666667
10/28/2013 18:00,10.859
10/29/2013 0:00,11.3695
10/29/2013 6:00,9.401666667
10/29/2013 12:00,8.482
10/29/2013 18:00,9.953166667
10/30/2013 0:00,9.01
10/30/2013 6:00,4.678333333
10/30/2013 12:00,3.669666667
10/30/2013 18:00,8.343166667
10/31/2013 0:00,4.469166667
10/31/2013 6:00,2.240166667
10/31/2013 12:00,2.379666667
10/31/2013 18:00,5.509333333
11/1/2013 0:00,10.8535
11/1/2013 6:00,8.801
11/1/2013 12:00,7.756166667
11/1/2013 18:00,8.454666667
11/2/2013 0:00,6.790833333
11/2/2013 6:00,4.030833333
11/2/2013 12:00,4.152
11/2/2013 18:00,5.487166667
11/3/2013 0:00,3.911166667
11/3/2013 6:00,1.645
11/3/2013 12:00,1.7975
11/3/2013 18:00,3.500666667
11/4/2013 0:00,5.0395
11/4/2013 6:00,4.603333333
11/4/2013 12:00,1.908
11/4/2013 18:00,3.481
11/5/2013 0:00,3.571166667
11/5/2013 6:00,4.2385
11/5/2013 12:00,4.203833333
11/5/2013 18:00,7.768
11/6/2013 0:00,10.063
11/6/2013 6:00,12.23983333
11/6/2013 12:00,12.30616667
11/6/2013 18:00,12.59233333
11/7/2013 0:00,9.9455
11/7/2013 6:00,5.077
11/7/2013 12:00,2.6555
11/7/2013 18:00,10.0355
11/8/2013 0:00,12.19983333
11/8/2013 6:00,11.276
11/8/2013 12:00,3.884833333
11/8/2013 18:00,6.9115
11/9/2013 0:00,8.731833333
11/9/2013 6:00,7.323
11/9/2013 12:00,7.070333333
11/9/2013 18:00,8.884333333
11/10/2013 0:00,8.935166667
11/10/2013 6:00,9.3915
11/10/2013 12:00,10.12616667
11/10/2013 18:00,13.32516667
11/11/2013 0:00,6.758166667
11/11/2013 6:00,9.574666667
11/11/2013 12:00,9.5275
11/11/2013 18:00,11.19133333
11/12/2013 0:00,10.39516667
11/12/2013 6:00,10.96266667
11/12/2013 12:00,10.61416667
11/12/2013 18:00,8.370166667
11/13/2013 0:00,6.807666667
11/13/2013 6:00,8.049833333
11/13/2013 12:00,6.734833333
11/13/2013 18:00,10.31533333
11/14/2013 0:00,7.751666667
11/14/2013 6:00,4.647166667
11/14/2013 12:00,4.253166667
11/14/2013 18:00,9.473833333
11/15/2013 0:00,9.227666667
11/15/2013 6:00,8.760833333
11/15/2013 12:00,7.885
11/15/2013 18:00,8.8845
11/16/2013 0:00,4.977666667
11/16/2013 6:00,3.284
11/16/2013 12:00,6.189166667
11/16/2013 18:00,12.85766667
11/17/2013 0:00,12.32266667
11/17/2013 6:00,11.271
11/17/2013 12:00,10.65716667
11/17/2013 18:00,14.40583333
11/18/2013 0:00,14.01966667
11/18/2013 6:00,11.30816667
11/18/2013 12:00,9.335833333
11/18/2013 18:00,13.75033333
11/19/2013 0:00,11.682
11/19/2013 6:00,9.614333333
11/19/2013 12:00,3.3475
11/19/2013 18:00,8.166833333
11/20/2013 0:00,7.039
11/20/2013 6:00,4.335666667
11/20/2013 12:00,3.574166667
11/20/2013 18:00,10.82383333
11/21/2013 0:00,14.03933333
11/21/2013 6:00,12.43
11/21/2013 12:00,10.66066667
11/21/2013 18:00,15.92733333
11/22/2013 0:00,14.58816667
11/22/2013 6:00,10.06583333
11/22/2013 12:00,12.3735
11/22/2013 18:00,14.6255
11/23/2013 0:00,17.4905
11/23/2013 6:00,15.0095
11/23/2013 12:00,11.1495
11/23/2013 18:00,7.959666667
11/24/2013 0:00,3.703833333
11/24/2013 6:00,4.219166667
11/24/2013 12:00,7.778666667
11/24/2013 18:00,9.168666667
11/25/2013 0:00,10.18283333
11/25/2013 6:00,8.226333333
11/25/2013 12:00,5.782333333
11/25/2013 18:00,7.761833333
11/26/2013 0:00,7.968333333
11/26/2013 6:00,7.041166667
11/26/2013 12:00,5.5635
11/26/2013 18:00,5.014666667
11/27/2013 0:00,10.32233333
11/27/2013 6:00,10.0935
11/27/2013 12:00,8.271666667
11/27/2013 18:00,9.224166667
11/28/2013 0:00,6.016833333
11/28/2013 6:00,2.931166667
11/28/2013 12:00,7.094
11/28/2013 18:00,10.68666667
11/29/2013 0:00,8.264666667
11/29/2013 6:00,3.081333333
11/29/2013 12:00,4.815166667
11/29/2013 18:00,7.862833333
11/30/2013 0:00,8.274
11/30/2013 6:00,5.5615
11/30/2013 12:00,3.673
11/30/2013 18:00,9.522833333
12/1/2013 0:00,10.17666667
12/1/2013 6:00,11.21716667
12/1/2013 12:00,8.461833333
12/1/2013 18:00,7.426166667
12/2/2013 0:00,8.0245
12/2/2013 6:00,3.1165
12/2/2013 12:00,9.416833333
12/2/2013 18:00,14.0355
12/3/2013 0:00,13.27583333
12/3/2013 6:00,10.85133333
12/3/2013 12:00,10.34366667
12/3/2013 18:00,13.70333333
12/4/2013 0:00,13.19516667
12/4/2013 6:00,8.978833333
12/4/2013 12:00,6.278333333
12/4/2013 18:00,5.906333333
12/5/2013 0:00,4.740333333
12/5/2013 6:00,8.827166667
12/5/2013 12:00,12.90666667
12/5/2013 18:00,15.88716667
12/6/2013 0:00,14.55066667
12/6/2013 6:00,8.925166667
12/6/2013 12:00,7.543166667
12/6/2013 18:00,8.134833333
12/7/2013 0:00,5.277666667
12/7/2013 6:00,2.890666667
12/7/2013 12:00,5.134666667
12/7/2013 18:00,3.7405
12/8/2013 0:00,1.823333333
12/8/2013 6:00,2.622
12/8/2013 12:00,6.383166667
12/8/2013 18:00,9.083833333
12/9/2013 0:00,8.288833333
12/9/2013 6:00,6.376666667
12/9/2013 12:00,8.4935
12/9/2013 18:00,16.32116667
12/10/2013 0:00,11.1315
12/10/2013 6:00,6.338333333
12/10/2013 12:00,3.191666667
12/10/2013 18:00,8.430166667
12/11/2013 0:00,9.2435
12/11/2013 6:00,9.108
12/11/2013 12:00,4.754333333
12/11/2013 18:00,2.5595
12/12/2013 0:00,10.52783333
12/12/2013 6:00,14.206
12/12/2013 12:00,13.76933333
12/12/2013 18:00,16.18466667
12/13/2013 0:00,13.19066667
12/13/2013 6:00,4.475
12/13/2013 12:00,4.824166667
12/13/2013 18:00,4.739
12/14/2013 0:00,3.33
12/14/2013 6:00,6.965833333
12/14/2013 12:00,8.2725
12/14/2013 18:00,12.6255
12/15/2013 0:00,9.137833333
12/15/2013 6:00,7.0025
12/15/2013 12:00,4.996
12/15/2013 18:00,9.9735
12/16/2013 0:00,9.702166667
12/16/2013 6:00,7.857666667
12/16/2013 12:00,6.202166667
12/16/2013 18:00,5.086333333
12/17/2013 0:00,2.499666667
12/17/2013 6:00,1.407833333
12/17/2013 12:00,0.999
12/17/2013 18:00,3.9005
12/18/2013 0:00,6.079333333
12/18/2013 6:00,3.568666667
12/18/2013 12:00,2.159833333
12/18/2013 18:00,5.1735
12/19/2013 0:00,8.304
12/19/2013 6:00,3.476
12/19/2013 12:00,2.717
12/19/2013 18:00,6.731833333
12/20/2013 0:00,10.9165
12/20/2013 6:00,13.68916667
12/20/2013 12:00,14.9295
12/20/2013 18:00,14.18333333
12/21/2013 0:00,11.566
12/21/2013 6:00,7.274
12/21/2013 12:00,2.082833333
12/21/2013 18:00,6.388666667
12/22/2013 0:00,10.78983333
12/22/2013 6:00,7.511166667
12/22/2013 12:00,4.661333333
12/22/2013 18:00,10.3085
12/23/2013 0:00,9.561833333
12/23/2013 6:00,6.6015
12/23/2013 12:00,3.908833333
12/23/2013 18:00,4.581
12/24/2013 0:00,6.832
12/24/2013 6:00,9.114666667
12/24/2013 12:00,8.698333333
12/24/2013 18:00,9.116333333
12/25/2013 0:00,8.053833333
12/25/2013 6:00,6.951166667
12/25/2013 12:00,5.1235
12/25/2013 18:00,4.754666667
12/26/2013 0:00,3.725333333
12/26/2013 6:00,3.857833333
12/26/2013 12:00,2.906333333
12/26/2013 18:00,3.637833333
12/27/2013 0:00,3.578333333
12/27/2013 6:00,4.2825
12/27/2013 12:00,3.582166667
12/27/2013 18:00,5.492333333
12/28/2013 0:00,4.996833333
12/28/2013 6:00,4.398
12/28/2013 12:00,5.843333333
12/28/2013 18:00,9.304
12/29/2013 0:00,8.302166667
12/29/2013 6:00,7.179
12/29/2013 12:00,5.450166667
12/29/2013 18:00,7.715666667
12/30/2013 0:00,6.194166667
12/30/2013 6:00,9.466333333
12/30/2013 12:00,9.637666667
12/30/2013 18:00,11.42366667
12/31/2013 0:00,11.45116667
12/31/2013 6:00,8.899666667
12/31/2013 12:00,5.772
12/31/2013 18:00,15.01366667
