1/1/2013 0:00,16.22466667
1/1/2013 6:00,15.96383333
1/1/2013 12:00,16.3335
1/1/2013 18:00,14.90066667
1/2/2013 0:00,12.6875
1/2/2013 6:00,11.44733333
1/2/2013 12:00,8.6175
1/2/2013 18:00,3.510666667
1/3/2013 0:00,9.049166667
1/3/2013 6:00,12.63366667
1/3/2013 12:00,9.111666667
1/3/2013 18:00,12.92166667
1/4/2013 0:00,12.18066667
1/4/2013 6:00,9.188
1/4/2013 12:00,9.014333333
1/4/2013 18:00,12.6475
1/5/2013 0:00,11.75433333
1/5/2013 6:00,12.73983333
1/5/2013 12:00,10.4665
1/5/2013 18:00,12.22566667
1/6/2013 0:00,12.97383333
1/6/2013 6:00,9.966333333
1/6/2013 12:00,8.669166667
1/6/2013 18:00,12.70316667
1/7/2013 0:00,9.8545
1/7/2013 6:00,6.484166667
1/7/2013 12:00,4.536666667
1/7/2013 18:00,7.038833333
1/8/2013 0:00,5.9415
1/8/2013 6:00,6.337166667
1/8/2013 12:00,6.632
1/8/2013 18:00,11.97533333
1/9/2013 0:00,12.5735
1/9/2013 6:00,12.5335
1/9/2013 12:00,9.455166667
1/9/2013 18:00,10.92833333
1/10/2013 0:00,8.828333333
1/10/2013 6:00,9.534166667
1/10/2013 12:00,7.952333333
1/10/2013 18:00,9.559
1/11/2013 0:00,7.8545
1/11/2013 6:00,14.01433333
1/11/2013 12:00,15.4135
1/11/2013 18:00,15.36866667
1/12/2013 0:00,13.91016667
1/12/2013 6:00,13.65716667
1/12/2013 12:00,13.5055
1/12/2013 18:00,12.038
1/13/2013 0:00,8.606833333
1/13/2013 6:00,5.7575
1/13/2013 12:00,3.580333333
1/13/2013 18:00,3.3475
1/14/2013 0:00,2.270166667
1/14/2013 6:00,5.356166667
1/14/2013 12:00,7.299666667
1/14/2013 18:00,8.2035
1/15/2013 0:00,11.16566667
1/15/2013 6:00,13.00566667
1/15/2013 12:00,10.28466667
1/15/2013 18:00,10.30833333
1/16/2013 0:00,11.7125
1/16/2013 6:00,11.08783333
1/16/2013 12:00,10.7975
1/16/2013 18:00,11.23083333
1/17/2013 0:00,11.3035
1/17/2013 6:00,10.45366667
1/17/2013 12:00,7.153
1/17/2013 18:00,5.370666667
1/18/2013 0:00,12.67483333
1/18/2013 6:00,13.395
1/18/2013 12:00,9.5155
1/18/2013 18:00,11.30366667
1/19/2013 0:00,8.945
1/19/2013 6:00,5.3945
1/19/2013 12:00,1.339166667
1/19/2013 18:00,4.501166667
1/20/2013 0:00,4.7425
1/20/2013 6:00,4.787666667
1/20/2013 12:00,3.685166667
1/20/2013 18:00,4.523833333
1/21/2013 0:00,2.723833333
1/21/2013 6:00,7.682
1/21/2013 12:00,11.69983333
1/21/2013 18:00,15.34083333
1/22/2013 0:00,14.40966667
1/22/2013 6:00,9.904666667
1/22/2013 12:00,3.3235
1/22/2013 18:00,4.803666667
1/23/2013 0:00,9.758166667
1/23/2013 6:00,11.308
1/23/2013 12:00,9.581666667
1/23/2013 18:00,10.9795
1/24/2013 0:00,7.646
1/24/2013 6:00,2.689
1/24/2013 12:00,3.357833333
1/24/2013 18:00,6.100333333
1/25/2013 0:00,6.396166667
1/25/2013 6:00,6.857333333
1/25/2013 12:00,6.376666667
1/25/2013 18:00,13.268
1/26/2013 0:00,13.55766667
1/26/2013 6:00,12.15666667
1/26/2013 12:00,9.714
1/26/2013 18:00,9.4265
1/27/2013 0:00,7.003166667
1/27/2013 6:00,11.57966667
1/27/2013 12:00,12.54366667
1/27/2013 18:00,13.35233333
1/28/2013 0:00,12.6305
1/28/2013 6:00,10.54166667
1/28/2013 12:00,9.9415
1/28/2013 18:00,12.8025
1/29/2013 0:00,11.53683333
1/29/2013 6:00,6.040166667
1/29/2013 12:00,3.493166667
1/29/2013 18:00,10.865
1/30/2013 0:00,12.93183333
1/30/2013 6:00,11.62083333
1/30/2013 12:00,8.556
1/30/2013 18:00,12.94366667
1/31/2013 0:00,14.06383333
1/31/2013 6:00,13.17133333
1/31/2013 12:00,9.185
1/31/2013 18:00,8.261666667
2/1/2013 0:00,6.135833333
2/1/2013 6:00,5.626333333
2/1/2013 12:00,4.363166667
2/1/2013 18:00,9.270833333
2/2/2013 0:00,7.584166667
2/2/2013 6:00,3.261
2/2/2013 12:00,2.895166667
2/2/2013 18:00,7.147666667
2/3/2013 0:00,7.206666667
2/3/2013 6:00,6.725333333
2/3/2013 12:00,6.954
2/3/2013 18:00,8.181833333
2/4/2013 0:00,7.859166667
2/4/2013 6:00,7.6465
2/4/2013 12:00,6.273333333
2/4/2013 18:00,8.517
2/5/2013 0:00,7.504833333
2/5/2013 6:00,4.983166667
2/5/2013 12:00,3.645833333
2/5/2013 18:00,8.157666667
2/6/2013 0:00,10.49333333
2/6/2013 6:00,8.440333333
2/6/2013 12:00,5.3665
2/6/2013 18:00,11.70933333
2/7/2013 0:00,11.0135
2/7/2013 6:00,9.637833333
2/7/2013 12:00,7.7985
2/7/2013 18:00,6.854666667
2/8/2013 0:00,6.128666667
2/8/2013 6:00,3.633166667
2/8/2013 12:00,4.118833333
2/8/2013 18:00,7.6605
2/9/2013 0:00,9.780833333
2/9/2013 6:00,8.677333333
2/9/2013 12:00,8.874166667
2/9/2013 18:00,11.29816667
2/10/2013 0:00,13.1025
2/10/2013 6:00,12.85833333
2/10/2013 12:00,12.16033333
2/10/2013 18:00,10.31866667
2/11/2013 0:00,9.561
2/11/2013 6:00,8.394
2/11/2013 12:00,8.2155
2/11/2013 18:00,8.807
2/12/2013 0:00,8.303166667
2/12/2013 6:00,6.932166667
2/12/2013 12:00,7.4155
2/12/2013 18:00,10.50683333
2/13/2013 0:00,10.238
2/13/2013 6:00,7.648833333
2/13/2013 12:00,3.831
2/13/2013 18:00,2.9065
2/14/2013 0:00,6.540333333
2/14/2013 6:00,7.726166667
2/14/2013 12:00,6.871166667
2/14/2013 18:00,9.813666667
2/15/2013 0:00,5.1735
2/15/2013 6:00,1.443166667
2/15/2013 12:00,0.968
2/15/2013 18:00,8.9795
2/16/2013 0:00,10.0575
2/16/2013 6:00,10.04466667
2/16/2013 12:00,7.486666667
2/16/2013 18:00,9.949
2/17/2013 0:00,10.81166667
2/17/2013 6:00,7.966833333
2/17/2013 12:00,8.547666667
2/17/2013 18:00,8.633666667
2/18/2013 0:00,4.8615
2/18/2013 6:00,1.8495
2/18/2013 12:00,3.32
2/18/2013 18:00,7.9565
2/19/2013 0:00,9.6595
2/19/2013 6:00,9.261166667
2/19/2013 12:00,9.2775
2/19/2013 18:00,12.21883333
2/20/2013 0:00,11.2525
2/20/2013 6:00,11.7415
2/20/2013 12:00,12.30316667
2/20/2013 18:00,11.49283333
2/21/2013 0:00,10.27133333
2/21/2013 6:00,11.87083333
2/21/2013 12:00,12.16583333
2/21/2013 18:00,10.889
2/22/2013 0:00,7.985
2/22/2013 6:00,2.693666667
2/22/2013 12:00,5.720833333
2/22/2013 18:00,4.603166667
2/23/2013 0:00,3.908
2/23/2013 6:00,5.169833333
2/23/2013 12:00,7.795833333
2/23/2013 18:00,8.977833333
2/24/2013 0:00,9.9875
2/24/2013 6:00,10.534
2/24/2013 12:00,11.96116667
2/24/2013 18:00,10.852
2/25/2013 0:00,7.996666667
2/25/2013 6:00,3.758666667
2/25/2013 12:00,5.398333333
2/25/2013 18:00,11.268
2/26/2013 0:00,13.26233333
2/26/2013 6:00,13.6995
2/26/2013 12:00,15.92566667
2/26/2013 18:00,13.277
2/27/2013 0:00,11.32183333
2/27/2013 6:00,6.918
2/27/2013 12:00,2.4535
2/27/2013 18:00,6.639833333
2/28/2013 0:00,8.941333333
2/28/2013 6:00,9.782666667
2/28/2013 12:00,9.244
2/28/2013 18:00,11.7415
3/1/2013 0:00,6.373166667
3/1/2013 6:00,2.578833333
3/1/2013 12:00,4.666333333
3/1/2013 18:00,6.597
3/2/2013 0:00,7.500833333
3/2/2013 6:00,8.0375
3/2/2013 12:00,9.625166667
3/2/2013 18:00,12.23416667
3/3/2013 0:00,12.6285
3/3/2013 6:00,11.60016667
3/3/2013 12:00,9.43
3/3/2013 18:00,7.399333333
3/4/2013 0:00,2.346333333
3/4/2013 6:00,1.602833333
3/4/2013 12:00,2.052333333
3/4/2013 18:00,6.2765
3/5/2013 0:00,4.409833333
3/5/2013 6:00,8.175333333
3/5/2013 12:00,12.565
3/5/2013 18:00,15.28166667
3/6/2013 0:00,15.97533333
3/6/2013 6:00,11.1295
3/6/2013 12:00,11.497
3/6/2013 18:00,17.74966667
3/7/2013 0:00,16.40516667
3/7/2013 6:00,10.04283333
3/7/2013 12:00,10.59883333
3/7/2013 18:00,9.105666667
3/8/2013 0:00,9.3805
3/8/2013 6:00,10.661
3/8/2013 12:00,9.488333333
3/8/2013 18:00,11.656
3/9/2013 0:00,7.241333333
3/9/2013 6:00,2.493
3/9/2013 12:00,7.913333333
3/9/2013 18:00,14.89466667
3/10/2013 0:00,18.05066667
3/10/2013 6:00,16.5415
3/10/2013 12:00,12.31066667
3/10/2013 18:00,15.28766667
3/11/2013 0:00,16.53583333
3/11/2013 6:00,12.32433333
3/11/2013 12:00,10.435
3/11/2013 18:00,7.901333333
3/12/2013 0:00,7.447666667
3/12/2013 6:00,7.421
3/12/2013 12:00,7.973
3/12/2013 18:00,10.69966667
3/13/2013 0:00,5.268833333
3/13/2013 6:00,5.300666667
3/13/2013 12:00,8.882
3/13/2013 18:00,15.2975
3/14/2013 0:00,14.33383333
3/14/2013 6:00,7.5945
3/14/2013 12:00,6.004833333
3/14/2013 18:00,9.788666667
3/15/2013 0:00,7.747666667
3/15/2013 6:00,3.9485
3/15/2013 12:00,1.7875
3/15/2013 18:00,6.289833333
3/16/2013 0:00,5.017333333
3/16/2013 6:00,4.922
3/16/2013 12:00,7.2995
3/16/2013 18:00,10.8065
3/17/2013 0:00,13.95516667
3/17/2013 6:00,11.84133333
3/17/2013 12:00,12.03966667
3/17/2013 18:00,13.097
3/18/2013 0:00,14.51916667
3/18/2013 6:00,12.73783333
3/18/2013 12:00,14.30583333
3/18/2013 18:00,14.90716667
3/19/2013 0:00,13.54116667
3/19/2013 6:00,11.12716667
3/19/2013 12:00,11.81866667
3/19/2013 18:00,9.928166667
3/20/2013 0:00,8.341666667
3/20/2013 6:00,4.647666667
3/20/2013 12:00,3.672333333
3/20/2013 18:00,7.428666667
3/21/2013 0:00,5.1465
3/21/2013 6:00,1.9425
3/21/2013 12:00,4.845
3/21/2013 18:00,6.568666667
3/22/2013 0:00,7.901166667
3/22/2013 6:00,8.653333333
3/22/2013 12:00,4.1125
3/22/2013 18:00,3.975166667
3/23/2013 0:00,3.605166667
3/23/2013 6:00,0.807666667
3/23/2013 12:00,2.431666667
3/23/2013 18:00,3.216666667
3/24/2013 0:00,4.039666667
3/24/2013 6:00,3.387
3/24/2013 12:00,4.2395
3/24/2013 18:00,8.7875
3/25/2013 0:00,8.229666667
3/25/2013 6:00,6.073166667
3/25/2013 12:00,5.300833333
3/25/2013 18:00,8.774
3/26/2013 0:00,10.6785
3/26/2013 6:00,12.52533333
3/26/2013 12:00,14.97283333
3/26/2013 18:00,16.12166667
3/27/2013 0:00,16.63266667
3/27/2013 6:00,13.8035
3/27/2013 12:00,14.44783333
3/27/2013 18:00,12.796
3/28/2013 0:00,10.058
3/28/2013 6:00,6.016
3/28/2013 12:00,3.6705
3/28/2013 18:00,6.709
3/29/2013 0:00,11.22166667
3/29/2013 6:00,10.02966667
3/29/2013 12:00,7.928833333
3/29/2013 18:00,6.813166667
3/30/2013 0:00,2.947166667
3/30/2013 6:00,4.007666667
3/30/2013 12:00,1.718833333
3/30/2013 18:00,6.782666667
3/31/2013 0:00,10.156
3/31/2013 6:00,7.672666667
3/31/2013 12:00,5.973
3/31/2013 18:00,9.365833333
4/1/2013 0:00,6.292333333
4/1/2013 6:00,8.389
4/1/2013 12:00,9.481666667
4/1/2013 18:00,12.76133333
4/2/2013 0:00,12.5055
4/2/2013 6:00,10.43066667
4/2/2013 12:00,8.452166667
4/2/2013 18:00,11.86833333
4/3/2013 0:00,14.58366667
4/3/2013 6:00,12.75883333
4/3/2013 12:00,10.584
4/3/2013 18:00,10.05966667
4/4/2013 0:00,9.262666667
4/4/2013 6:00,6.976
4/4/2013 12:00,7.407333333
4/4/2013 18:00,9.371666667
4/5/2013 0:00,9.060333333
4/5/2013 6:00,6.803666667
4/5/2013 12:00,6.932333333
4/5/2013 18:00,8.754666667
4/6/2013 0:00,11.7455
4/6/2013 6:00,9.767
4/6/2013 12:00,10.50383333
4/6/2013 18:00,12.414
4/7/2013 0:00,13.0615
4/7/2013 6:00,9.992666667
4/7/2013 12:00,13.246
4/7/2013 18:00,11.68066667
4/8/2013 0:00,9.291166667
4/8/2013 6:00,8.7685
4/8/2013 12:00,11.01366667
4/8/2013 18:00,10.21566667
4/9/2013 0:00,10.8105
4/9/2013 6:00,8.795
4/9/2013 12:00,11.56133333
4/9/2013 18:00,9.099
4/10/2013 0:00,6.8595
4/10/2013 6:00,7.991666667
4/10/2013 12:00,8.921
4/10/2013 18:00,8.740833333
4/11/2013 0:00,7.5025
4/11/2013 6:00,3.3405
4/11/2013 12:00,1.567166667
4/11/2013 18:00,6.788333333
4/12/2013 0:00,10.38183333
4/12/2013 6:00,8.136666667
4/12/2013 12:00,8.1805
4/12/2013 18:00,11.50533333
4/13/2013 0:00,14.4915
4/13/2013 6:00,15.366
4/13/2013 12:00,14.46516667
4/13/2013 18:00,8.213166667
4/14/2013 0:00,8.535666667
4/14/2013 6:00,4.754666667
4/14/2013 12:00,8.096
4/14/2013 18:00,11.4175
4/15/2013 0:00,11.01783333
4/15/2013 6:00,11.23333333
4/15/2013 12:00,15.24733333
4/15/2013 18:00,11.28066667
4/16/2013 0:00,16.69633333
4/16/2013 6:00,13.92116667
4/16/2013 12:00,9.178833333
4/16/2013 18:00,4.860666667
4/17/2013 0:00,2.247666667
4/17/2013 6:00,5.480833333
4/17/2013 12:00,9.3795
4/17/2013 18:00,12.88033333
4/18/2013 0:00,12.07566667
4/18/2013 6:00,8.669333333
4/18/2013 12:00,5.030166667
4/18/2013 18:00,7.732166667
4/19/2013 0:00,8.65
4/19/2013 6:00,9.6215
4/19/2013 12:00,8.1935
4/19/2013 18:00,7.3165
4/20/2013 0:00,8.927666667
4/20/2013 6:00,5.801
4/20/2013 12:00,3.432333333
4/20/2013 18:00,5.201333333
4/21/2013 0:00,10.05316667
4/21/2013 6:00,8.7375
4/21/2013 12:00,7.731666667
4/21/2013 18:00,6.346833333
4/22/2013 0:00,12.9345
4/22/2013 6:00,10.95033333
4/22/2013 12:00,6.7985
4/22/2013 18:00,5.287666667
4/23/2013 0:00,3.0615
4/23/2013 6:00,5.6395
4/23/2013 12:00,3.991333333
4/23/2013 18:00,5.5315
4/24/2013 0:00,8.998833333
4/24/2013 6:00,3.170333333
4/24/2013 12:00,1.342166667
4/24/2013 18:00,9.068833333
4/25/2013 0:00,7.671
4/25/2013 6:00,8.0955
4/25/2013 12:00,10.73466667
4/25/2013 18:00,12.14883333
4/26/2013 0:00,11.05733333
4/26/2013 6:00,8.6295
4/26/2013 12:00,6.826
4/26/2013 18:00,9.308666667
4/27/2013 0:00,9.952833333
4/27/2013 6:00,11.8665
4/27/2013 12:00,14.56433333
4/27/2013 18:00,13.20133333
4/28/2013 0:00,10.96783333
4/28/2013 6:00,8.857166667
4/28/2013 12:00,6.597666667
4/28/2013 18:00,6.5975
4/29/2013 0:00,9.716
4/29/2013 6:00,6.498
4/29/2013 12:00,4.961833333
4/29/2013 18:00,6.914333333
4/30/2013 0:00,6.811333333
4/30/2013 6:00,4.7035
4/30/2013 12:00,5.891666667
4/30/2013 18:00,10.81466667
5/1/2013 0:00,14.20033333
5/1/2013 6:00,12.678
5/1/2013 12:00,12.665
5/1/2013 18:00,10.90216667
5/2/2013 0:00,3.567333333
5/2/2013 6:00,1.984166667
5/2/2013 12:00,3.293333333
5/2/2013 18:00,6.3885
5/3/2013 0:00,7.731666667
5/3/2013 6:00,3.372833333
5/3/2013 12:00,3.214166667
5/3/2013 18:00,9.846666667
5/4/2013 0:00,9.189166667
5/4/2013 6:00,7.206833333
5/4/2013 12:00,5.440166667
5/4/2013 18:00,9.749833333
5/5/2013 0:00,6.175666667
5/5/2013 6:00,6.001333333
5/5/2013 12:00,10.74316667
5/5/2013 18:00,10.82583333
5/6/2013 0:00,8.097666667
5/6/2013 6:00,6.361166667
5/6/2013 12:00,9.308
5/6/2013 18:00,6.844333333
5/7/2013 0:00,11.70516667
5/7/2013 6:00,8.846166667
5/7/2013 12:00,10.66366667
5/7/2013 18:00,10.102
5/8/2013 0:00,9.924333333
5/8/2013 6:00,8.92
5/8/2013 12:00,10.86133333
5/8/2013 18:00,9.643
5/9/2013 0:00,9.579333333
5/9/2013 6:00,4.760833333
5/9/2013 12:00,1.275666667
5/9/2013 18:00,5.395666667
5/10/2013 0:00,10.85233333
5/10/2013 6:00,9.134166667
5/10/2013 12:00,10.41
5/10/2013 18:00,12.90933333
5/11/2013 0:00,12.5415
5/11/2013 6:00,11.29883333
5/11/2013 12:00,9.708
5/11/2013 18:00,4.869833333
5/12/2013 0:00,6.234833333
5/12/2013 6:00,4.499
5/12/2013 12:00,3.253833333
5/12/2013 18:00,2.847833333
5/13/2013 0:00,1.638333333
5/13/2013 6:00,2.911
5/13/2013 12:00,5.534666667
5/13/2013 18:00,7.8535
5/14/2013 0:00,11.44666667
5/14/2013 6:00,7.767
5/14/2013 12:00,6.825
5/14/2013 18:00,9.784
5/15/2013 0:00,12.11083333
5/15/2013 6:00,10.91283333
5/15/2013 12:00,10.4025
5/15/2013 18:00,10.392
5/16/2013 0:00,6.075833333
5/16/2013 6:00,2.329166667
5/16/2013 12:00,4.335166667
5/16/2013 18:00,10.60116667
5/17/2013 0:00,13.76283333
5/17/2013 6:00,14.40733333
5/17/2013 12:00,15.45683333
5/17/2013 18:00,15.78
5/18/2013 0:00,14.93033333
5/18/2013 6:00,12.98283333
5/18/2013 12:00,15.39833333
5/18/2013 18:00,14.60933333
5/19/2013 0:00,13.42
5/19/2013 6:00,10.95766667
5/19/2013 12:00,13.82266667
5/19/2013 18:00,5.533333333
5/20/2013 0:00,8.993166667
5/20/2013 6:00,10.22266667
5/20/2013 12:00,9.4805
5/20/2013 18:00,6.431
5/21/2013 0:00,3.8875
5/21/2013 6:00,4.422
5/21/2013 12:00,4.376333333
5/21/2013 18:00,8.864666667
5/22/2013 0:00,13.54566667
5/22/2013 6:00,13.13966667
5/22/2013 12:00,14.24583333
5/22/2013 18:00,16.15933333
5/23/2013 0:00,14.914
5/23/2013 6:00,9.903833333
5/23/2013 12:00,13.199
5/23/2013 18:00,8.512
5/24/2013 0:00,7.822833333
5/24/2013 6:00,6.6115
5/24/2013 12:00,5.2785
5/24/2013 18:00,5.772666667
5/25/2013 0:00,6.870166667
5/25/2013 6:00,1.985666667
5/25/2013 12:00,3.36
5/25/2013 18:00,5.0035
5/26/2013 0:00,9.859833333
5/26/2013 6:00,9.344
5/26/2013 12:00,10.885
5/26/2013 18:00,13.49683333
5/27/2013 0:00,8.714666667
5/27/2013 6:00,12.55066667
5/27/2013 12:00,12.12716667
5/27/2013 18:00,8.804
5/28/2013 0:00,7.140166667
5/28/2013 6:00,6.580166667
5/28/2013 12:00,11.08666667
5/28/2013 18:00,9.079833333
5/29/2013 0:00,10.7965
5/29/2013 6:00,10.65666667
5/29/2013 12:00,11.37366667
5/29/2013 18:00,8.202333333
5/30/2013 0:00,7.724666667
5/30/2013 6:00,4.2155
5/30/2013 12:00,2.802166667
5/30/2013 18:00,4.518833333
5/31/2013 0:00,5.546166667
5/31/2013 6:00,6.302
5/31/2013 12:00,6.142166667
5/31/2013 18:00,3.660833333
6/1/2013 0:00,2.968166667
6/1/2013 6:00,3.725666667
6/1/2013 12:00,4.406166667
6/1/2013 18:00,4.142
6/2/2013 0:00,4.3885
6/2/2013 6:00,5.253833333
6/2/2013 12:00,6.554833333
6/2/2013 18:00,2.819833333
6/3/2013 0:00,7.011
6/3/2013 6:00,4.81
6/3/2013 12:00,5.086833333
6/3/2013 18:00,8.216166667
6/4/2013 0:00,3.409333333
6/4/2013 6:00,5.263333333
6/4/2013 12:00,6.032833333
6/4/2013 18:00,8.671833333
6/5/2013 0:00,4.144833333
6/5/2013 6:00,3.227666667
6/5/2013 12:00,4.524833333
6/5/2013 18:00,7.797333333
6/6/2013 0:00,10.344
6/6/2013 6:00,7.457
6/6/2013 12:00,5.534833333
6/6/2013 18:00,7.535666667
6/7/2013 0:00,9.349666667
6/7/2013 6:00,7.576833333
6/7/2013 12:00,5.339666667
6/7/2013 18:00,7.711833333
6/8/2013 0:00,13.07733333
6/8/2013 6:00,11.5175
6/8/2013 12:00,9.968666667
6/8/2013 18:00,11.06483333
6/9/2013 0:00,13.30633333
6/9/2013 6:00,11.43633333
6/9/2013 12:00,13.5955
6/9/2013 18:00,13.27716667
6/10/2013 0:00,14.1185
6/10/2013 6:00,12.80066667
6/10/2013 12:00,14.77533333
6/10/2013 18:00,5.537166667
6/11/2013 0:00,4.778333333
6/11/2013 6:00,10.14116667
6/11/2013 12:00,11.73133333
6/11/2013 18:00,10.4095
6/12/2013 0:00,9.999333333
6/12/2013 6:00,6.4425
6/12/2013 12:00,2.629666667
6/12/2013 18:00,5.922333333
6/13/2013 0:00,8.820666667
6/13/2013 6:00,10.133
6/13/2013 12:00,12.104
6/13/2013 18:00,13.59433333
6/14/2013 0:00,10.99466667
6/14/2013 6:00,11.30666667
6/14/2013 12:00,11.78816667
6/14/2013 18:00,10.40316667
6/15/2013 0:00,7.851333333
6/15/2013 6:00,2.624666667
6/15/2013 12:00,4.246
6/15/2013 18:00,7.8295
6/16/2013 0:00,5.331
6/16/2013 6:00,3.5765
6/16/2013 12:00,9.115
6/16/2013 18:00,10.63783333
6/17/2013 0:00,6.063
6/17/2013 6:00,7.999333333
6/17/2013 12:00,15.35833333
6/17/2013 18:00,11.0295
6/18/2013 0:00,6.486
6/18/2013 6:00,4.592833333
6/18/2013 12:00,3.066833333
6/18/2013 18:00,7.556
6/19/2013 0:00,11.00416667
6/19/2013 6:00,10.76083333
6/19/2013 12:00,15.184
6/19/2013 18:00,15.96483333
6/20/2013 0:00,13.25316667
6/20/2013 6:00,9.4215
6/20/2013 12:00,5.952666667
6/20/2013 18:00,6.8405
6/21/2013 0:00,11.4915
6/21/2013 6:00,7.785333333
6/21/2013 12:00,7.157
6/21/2013 18:00,6.782166667
6/22/2013 0:00,5.886166667
6/22/2013 6:00,5.363166667
6/22/2013 12:00,2.160166667
6/22/2013 18:00,6.014666667
6/23/2013 0:00,9.9815
6/23/2013 6:00,8.813166667
6/23/2013 12:00,7.726166667
6/23/2013 18:00,7.255166667
6/24/2013 0:00,5.724333333
6/24/2013 6:00,5.365666667
6/24/2013 12:00,7.68
6/24/2013 18:00,9.615166667
6/25/2013 0:00,10.14883333
6/25/2013 6:00,8.299
6/25/2013 12:00,7.68
6/25/2013 18:00,11.07433333
6/26/2013 0:00,12.14416667
6/26/2013 6:00,10.45016667
6/26/2013 12:00,11.581
6/26/2013 18:00,12.94183333
6/27/2013 0:00,14.7455
6/27/2013 6:00,9.139833333
6/27/2013 12:00,4.7925
6/27/2013 18:00,7.302666667
6/28/2013 0:00,9.769833333
6/28/2013 6:00,6.660666667
6/28/2013 12:00,4.648166667
6/28/2013 18:00,4.798333333
6/29/2013 0:00,4.956666667
6/29/2013 6:00,4.1855
6/29/2013 12:00,3.615333333
6/29/2013 18:00,1.982166667
6/30/2013 0:00,1.206166667
6/30/2013 6:00,2.2845
6/30/2013 12:00,4.320833333
6/30/2013 18:00,4.447166667
7/1/2013 0:00,2.303666667
7/1/2013 6:00,5.157
7/1/2013 12:00,7.501666667
7/1/2013 18:00,8.757666667
7/2/2013 0:00,11.136
7/2/2013 6:00,8.9165
7/2/2013 12:00,10.71433333
7/2/2013 18:00,10.32666667
7/3/2013 0:00,7.479166667
7/3/2013 6:00,6.402333333
7/3/2013 12:00,7.668833333
7/3/2013 18:00,9.8835
7/4/2013 0:00,13.3945
7/4/2013 6:00,9.344833333
7/4/2013 12:00,9.935833333
7/4/2013 18:00,9.539666667
7/5/2013 0:00,8.427666667
7/5/2013 6:00,2.477666667
7/5/2013 12:00,2.94
7/5/2013 18:00,5.757333333
7/6/2013 0:00,9.887833333
7/6/2013 6:00,7.898166667
7/6/2013 12:00,8.736666667
7/6/2013 18:00,9.721166667
7/7/2013 0:00,10.22433333
7/7/2013 6:00,7.752166667
7/7/2013 12:00,7.119
7/7/2013 18:00,8.349
7/8/2013 0:00,6.307333333
7/8/2013 6:00,3.167166667
7/8/2013 12:00,4.310666667
7/8/2013 18:00,2.3355
7/9/2013 0:00,3.570166667
7/9/2013 6:00,3.8375
7/9/2013 12:00,6.326166667
7/9/2013 18:00,7.129666667
7/10/2013 0:00,3.214
7/10/2013 6:00,4.032
7/10/2013 12:00,4.653666667
7/10/2013 18:00,4.674
7/11/2013 0:00,5.601666667
7/11/2013 6:00,4.525833333
7/11/2013 12:00,4.707
7/11/2013 18:00,9.4195
7/12/2013 0:00,12.16516667
7/12/2013 6:00,6.596833333
7/12/2013 12:00,6.576666667
7/12/2013 18:00,8.520666667
7/13/2013 0:00,5.827166667
7/13/2013 6:00,3.469833333
7/13/2013 12:00,5.173
7/13/2013 18:00,7.420333333
7/14/2013 0:00,7.861666667
7/14/2013 6:00,4.025
7/14/2013 12:00,3.245333333
7/14/2013 18:00,4.845
7/15/2013 0:00,9.504666667
7/15/2013 6:00,6.298166667
7/15/2013 12:00,7.023833333
7/15/2013 18:00,11.26233333
7/16/2013 0:00,14.07866667
7/16/2013 6:00,12.1205
7/16/2013 12:00,11.006
7/16/2013 18:00,11.37966667
7/17/2013 0:00,9.563833333
7/17/2013 6:00,2.8585
7/17/2013 12:00,3.244
7/17/2013 18:00,2.020833333
7/18/2013 0:00,5.153166667
7/18/2013 6:00,2.824333333
7/18/2013 12:00,3.899333333
7/18/2013 18:00,3.8785
7/19/2013 0:00,1.708166667
7/19/2013 6:00,1.871833333
7/19/2013 12:00,3.549833333
7/19/2013 18:00,8.517166667
7/20/2013 0:00,10.6215
7/20/2013 6:00,4.443
7/20/2013 12:00,5.661166667
7/20/2013 18:00,10.28583333
7/21/2013 0:00,11.76883333
7/21/2013 6:00,8.4945
7/21/2013 12:00,5.48
7/21/2013 18:00,8.0975
7/22/2013 0:00,10.46933333
7/22/2013 6:00,8.673333333
7/22/2013 12:00,5.803
7/22/2013 18:00,4.195833333
7/23/2013 0:00,4.7385
7/23/2013 6:00,2.659666667
7/23/2013 12:00,4.570166667
7/23/2013 18:00,9.540666667
7/24/2013 0:00,8.495
7/24/2013 6:00,6.0835
7/24/2013 12:00,7.8835
7/24/2013 18:00,11.1005
7/25/2013 0:00,13.62966667
7/25/2013 6:00,8.375166667
7/25/2013 12:00,8.35
7/25/2013 18:00,7.6825
7/26/2013 0:00,8.376666667
7/26/2013 6:00,5.879333333
7/26/2013 12:00,11.47816667
7/26/2013 18:00,10.62383333
7/27/2013 0:00,10.285
7/27/2013 6:00,6.398333333
7/27/2013 12:00,3.8395
7/27/2013 18:00,4.016166667
7/28/2013 0:00,5.2285
7/28/2013 6:00,6.991333333
7/28/2013 12:00,7.108833333
7/28/2013 18:00,10.32583333
7/29/2013 0:00,10.337
7/29/2013 6:00,4.897333333
7/29/2013 12:00,3.313666667
7/29/2013 18:00,3.816666667
7/30/2013 0:00,6.264833333
7/30/2013 6:00,4.496166667
7/30/2013 12:00,7.018
7/30/2013 18:00,9.559333333
7/31/2013 0:00,5.1505
7/31/2013 6:00,3.517833333
7/31/2013 12:00,2.314333333
7/31/2013 18:00,6.036166667
8/1/2013 0:00,9.877833333
8/1/2013 6:00,6.713
8/1/2013 12:00,7.615833333
8/1/2013 18:00,7.537666667
8/2/2013 0:00,5.701
8/2/2013 6:00,2.691333333
8/2/2013 12:00,5.447
8/2/2013 18:00,8.087333333
8/3/2013 0:00,5.885
8/3/2013 6:00,5.093833333
8/3/2013 12:00,5.887833333
8/3/2013 18:00,10.3705
8/4/2013 0:00,6.3855
8/4/2013 6:00,6.542666667
8/4/2013 12:00,9.198666667
8/4/2013 18:00,10.38216667
8/5/2013 0:00,10.898
8/5/2013 6:00,3.873333333
8/5/2013 12:00,3.003166667
8/5/2013 18:00,3.5365
8/6/2013 0:00,7.510166667
8/6/2013 6:00,7.058
8/6/2013 12:00,6.986166667
8/6/2013 18:00,7.001
8/7/2013 0:00,4.082833333
8/7/2013 6:00,4.814333333
8/7/2013 12:00,5.538833333
8/7/2013 18:00,7.778166667
8/8/2013 0:00,6.753833333
8/8/2013 6:00,4.783333333
8/8/2013 12:00,4.261166667
8/8/2013 18:00,8.035666667
8/9/2013 0:00,6.397166667
8/9/2013 6:00,5.077333333
8/9/2013 12:00,8.409833333
8/9/2013 18:00,9.6025
8/10/2013 0:00,6.4655
8/10/2013 6:00,3.615666667
8/10/2013 12:00,4.409833333
8/10/2013 18:00,3.7125
8/11/2013 0:00,3.856
8/11/2013 6:00,4.637666667
8/11/2013 12:00,4.922166667
8/11/2013 18:00,7.855166667
8/12/2013 0:00,9.144333333
8/12/2013 6:00,8.9795
8/12/2013 12:00,7.3085
8/12/2013 18:00,7.406833333
8/13/2013 0:00,5.803
8/13/2013 6:00,4.1725
8/13/2013 12:00,4.840833333
8/13/2013 18:00,3.432833333
8/14/2013 0:00,1.480333333
8/14/2013 6:00,1.966833333
8/14/2013 12:00,4.569166667
8/14/2013 18:00,9.757833333
8/15/2013 0:00,11.50383333
8/15/2013 6:00,8.161
8/15/2013 12:00,8.7985
8/15/2013 18:00,8.412333333
8/16/2013 0:00,11.37
8/16/2013 6:00,10.85783333
8/16/2013 12:00,9.466833333
8/16/2013 18:00,9.298
8/17/2013 0:00,6.928166667
8/17/2013 6:00,3.535
8/17/2013 12:00,2.7105
8/17/2013 18:00,3.669333333
8/18/2013 0:00,4.7225
8/18/2013 6:00,4.071166667
8/18/2013 12:00,2.981666667
8/18/2013 18:00,6.95
8/19/2013 0:00,9.761333333
8/19/2013 6:00,6.709666667
8/19/2013 12:00,5.754333333
8/19/2013 18:00,3.273166667
8/20/2013 0:00,2.485166667
8/20/2013 6:00,1.164166667
8/20/2013 12:00,1.930333333
8/20/2013 18:00,5.67
8/21/2013 0:00,6.927166667
8/21/2013 6:00,5.196333333
8/21/2013 12:00,4.960333333
8/21/2013 18:00,9.534
8/22/2013 0:00,10.9135
8/22/2013 6:00,8.5815
8/22/2013 12:00,9.826333333
8/22/2013 18:00,11.98833333
8/23/2013 0:00,10.63466667
8/23/2013 6:00,8.087833333
8/23/2013 12:00,10.206
8/23/2013 18:00,11.74683333
8/24/2013 0:00,11.13516667
8/24/2013 6:00,8.901833333
8/24/2013 12:00,9.472333333
8/24/2013 18:00,11.25666667
8/25/2013 0:00,10.0915
8/25/2013 6:00,6.036
8/25/2013 12:00,2.921
8/25/2013 18:00,2.5905
8/26/2013 0:00,1.698333333
8/26/2013 6:00,1.957833333
8/26/2013 12:00,1.927833333
8/26/2013 18:00,2.717666667
8/27/2013 0:00,4.904333333
8/27/2013 6:00,3.2415
8/27/2013 12:00,3.335833333
8/27/2013 18:00,7.774
8/28/2013 0:00,9.495333333
8/28/2013 6:00,8.887
8/28/2013 12:00,9.7095
8/28/2013 18:00,11.5725
8/29/2013 0:00,11.63466667
8/29/2013 6:00,6.739666667
8/29/2013 12:00,6.456666667
8/29/2013 18:00,12.93516667
8/30/2013 0:00,16.12966667
8/30/2013 6:00,14.153
8/30/2013 12:00,7.873833333
8/30/2013 18:00,7.550166667
8/31/2013 0:00,10.04966667
8/31/2013 6:00,8.665666667
8/31/2013 12:00,7.934666667
8/31/2013 18:00,10.9355
9/1/2013 0:00,9.196333333
9/1/2013 6:00,5.862333333
9/1/2013 12:00,6.532
9/1/2013 18:00,10.153
9/2/2013 0:00,11.81566667
9/2/2013 6:00,7.935833333
9/2/2013 12:00,8.0275
9/2/2013 18:00,8.048333333
9/3/2013 0:00,5.967833333
9/3/2013 6:00,2.600833333
9/3/2013 12:00,2.365833333
9/3/2013 18:00,8.1245
9/4/2013 0:00,5.856833333
9/4/2013 6:00,7.030333333
9/4/2013 12:00,2.778
9/4/2013 18:00,8.656833333
9/5/2013 0:00,6.044333333
9/5/2013 6:00,6.7735
9/5/2013 12:00,6.459333333
9/5/2013 18:00,5.593166667
9/6/2013 0:00,2.756
9/6/2013 6:00,2.2675
9/6/2013 12:00,6.401166667
9/6/2013 18:00,8.732333333
9/7/2013 0:00,10.85066667
9/7/2013 6:00,9.209333333
9/7/2013 12:00,10.49433333
9/7/2013 18:00,9.413166667
9/8/2013 0:00,7.8415
9/8/2013 6:00,8.704333333
9/8/2013 12:00,11.8615
9/8/2013 18:00,12.2195
9/9/2013 0:00,9.7405
9/9/2013 6:00,4.356333333
9/9/2013 12:00,1.715
9/9/2013 18:00,7.077
9/10/2013 0:00,12.78866667
9/10/2013 6:00,13.4745
9/10/2013 12:00,14.655
9/10/2013 18:00,15.3275
9/11/2013 0:00,16.58333333
9/11/2013 6:00,14.84883333
9/11/2013 12:00,13.84933333
9/11/2013 18:00,11.27783333
9/12/2013 0:00,9.896
9/12/2013 6:00,7.485
9/12/2013 12:00,3.577666667
9/12/2013 18:00,4.470833333
9/13/2013 0:00,6.8065
9/13/2013 6:00,4.794
9/13/2013 12:00,5.275
9/13/2013 18:00,9.336
9/14/2013 0:00,11.94433333
9/14/2013 6:00,3.553333333
9/14/2013 12:00,3.700333333
9/14/2013 18:00,6.1395
9/15/2013 0:00,13.69466667
9/15/2013 6:00,11.30766667
9/15/2013 12:00,11.34616667
9/15/2013 18:00,13.02283333
9/16/2013 0:00,13.145
9/16/2013 6:00,9.009666667
9/16/2013 12:00,4.987666667
9/16/2013 18:00,8.6825
9/17/2013 0:00,9.812833333
9/17/2013 6:00,8.874166667
9/17/2013 12:00,8.696166667
9/17/2013 18:00,8.5975
9/18/2013 0:00,9.563
9/18/2013 6:00,4.945333333
9/18/2013 12:00,3.973
9/18/2013 18:00,10.08316667
9/19/2013 0:00,13.373
9/19/2013 6:00,9.6825
9/19/2013 12:00,11.9835
9/19/2013 18:00,11.0425
9/20/2013 0:00,9.8885
9/20/2013 6:00,8.200166667
9/20/2013 12:00,7.172833333
9/20/2013 18:00,4.232
9/21/2013 0:00,2.639833333
9/21/2013 6:00,3.662
9/21/2013 12:00,6.8065
9/21/2013 18:00,11.064
9/22/2013 0:00,12.56633333
9/22/2013 6:00,10.127
9/22/2013 12:00,7.740833333
9/22/2013 18:00,8.515
9/23/2013 0:00,5.045666667
9/23/2013 6:00,2.227833333
9/23/2013 12:00,1.601166667
9/23/2013 18:00,3.465333333
9/24/2013 0:00,11.3365
9/24/2013 6:00,11.08283333
9/24/2013 12:00,8.221333333
9/24/2013 18:00,7.622833333
9/25/2013 0:00,6.669833333
9/25/2013 6:00,5.489833333
9/25/2013 12:00,4.834666667
9/25/2013 18:00,7.73
9/26/2013 0:00,7.7265
9/26/2013 6:00,6.0665
9/26/2013 12:00,4.667333333
9/26/2013 18:00,4.282166667
9/27/2013 0:00,4.5885
9/27/2013 6:00,2.274666667
9/27/2013 12:00,1.631333333
9/27/2013 18:00,4.078666667
9/28/2013 0:00,4.464166667
9/28/2013 6:00,2.6975
9/28/2013 12:00,2.128833333
9/28/2013 18:00,4.41
9/29/2013 0:00,6.414166667
9/29/2013 6:00,4.554666667
9/29/2013 12:00,2.828
9/29/2013 18:00,3.6825
9/30/2013 0:00,6.718166667
9/30/2013 6:00,4.7315
9/30/2013 12:00,3.019333333
9/30/2013 18:00,5.1895
10/1/2013 0:00,12.3365
10/1/2013 6:00,10.81033333
10/1/2013 12:00,12.30283333
10/1/2013 18:00,11.59983333
10/2/2013 0:00,5.1415
10/2/2013 6:00,2.286833333
10/2/2013 12:00,5.7935
10/2/2013 18:00,10.00083333
10/3/2013 0:00,12.40883333
10/3/2013 6:00,9.4565
10/3/2013 12:00,9.805166667
10/3/2013 18:00,13.17883333
10/4/2013 0:00,14.11333333
10/4/2013 6:00,11.74133333
10/4/2013 12:00,12.19266667
10/4/2013 18:00,11.16216667
10/5/2013 0:00,10.75683333
10/5/2013 6:00,9.461833333
10/5/2013 12:00,9.8
10/5/2013 18:00,11.06616667
10/6/2013 0:00,10.42283333
10/6/2013 6:00,8.497
10/6/2013 12:00,7.091
10/6/2013 18:00,4.4075
10/7/2013 0:00,4.8875
10/7/2013 6:00,8.134666667
10/7/2013 12:00,8.9915
10/7/2013 18:00,12.629
10/8/2013 0:00,12.362
10/8/2013 6:00,10.56083333
10/8/2013 12:00,11.93883333
10/8/2013 18:00,7.900833333
10/9/2013 0:00,5.874666667
10/9/2013 6:00,9.105166667
10/9/2013 12:00,12.62366667
10/9/2013 18:00,10.22666667
10/10/2013 0:00,9.548333333
10/10/2013 6:00,7.356
10/10/2013 12:00,8.3875
10/10/2013 18:00,14.02933333
10/11/2013 0:00,14.70116667
10/11/2013 6:00,9.553666667
10/11/2013 12:00,8.6275
10/11/2013 18:00,9.7155
10/12/2013 0:00,8.170333333
10/12/2013 6:00,8.3585
10/12/2013 12:00,9.618833333
10/12/2013 18:00,10.7185
10/13/2013 0:00,11.14166667
10/13/2013 6:00,8.530333333
10/13/2013 12:00,5.872333333
10/13/2013 18:00,8.055
10/14/2013 0:00,10.9675
10/14/2013 6:00,10.63383333
10/14/2013 12:00,10.38083333
10/14/2013 18:00,8.6065
10/15/2013 0:00,3.873
10/15/2013 6:00,2.588666667
10/15/2013 12:00,6.726666667
10/15/2013 18:00,12.67033333
10/16/2013 0:00,11.5585
10/16/2013 6:00,4.594833333
10/16/2013 12:00,4.283
10/16/2013 18:00,6.964166667
10/17/2013 0:00,11.02883333
10/17/2013 6:00,13.77066667
10/17/2013 12:00,13.92816667
10/17/2013 18:00,13.68033333
10/18/2013 0:00,12.573
10/18/2013 6:00,12.36466667
10/18/2013 12:00,11.57183333
10/18/2013 18:00,14.69
10/19/2013 0:00,15.34366667
10/19/2013 6:00,13.63316667
10/19/2013 12:00,10.3755
10/19/2013 18:00,5.609333333
10/20/2013 0:00,2.288833333
10/20/2013 6:00,3.719
10/20/2013 12:00,5.605666667
10/20/2013 18:00,11.28266667
10/21/2013 0:00,12.95616667
10/21/2013 6:00,9.73
10/21/2013 12:00,3.61
10/21/2013 18:00,9.967
10/22/2013 0:00,9.0315
10/22/2013 6:00,7.496833333
10/22/2013 12:00,6.621
10/22/2013 18:00,4.985666667
10/23/2013 0:00,5.308666667
10/23/2013 6:00,5.567
10/23/2013 12:00,5.364166667
10/23/2013 18:00,4.124666667
10/24/2013 0:00,5.088333333
10/24/2013 6:00,8.468
10/24/2013 12:00,8.687833333
10/24/2013 18:00,11.2225
10/25/2013 0:00,13.21283333
10/25/2013 6:00,12.618
10/25/2013 12:00,11.36166667
10/25/2013 18:00,11.43733333
10/26/2013 0:00,11.08383333
10/26/2013 6:00,8.997333333
10/26/2013 12:00,7.261333333
10/26/2013 18:00,7.260833333
10/27/2013 0:00,4.170333333
10/27/2013 6:00,3.914666667
10/27/2013 12:00,3.459333333
10/27/2013 18:00,7.802
10/28/2013 0:00,8.203
10/28/2013 6:00,7.903166667
10/28/2013 12:00,7.269
10/28/2013 18:00,11.6955
10/29/2013 0:00,11.32633333
10/29/2013 6:00,10.0635
10/29/2013 12:00,8.792833333
10/29/2013 18:00,11.2825
10/30/2013 0:00,9.7225
10/30/2013 6:00,5.089
10/30/2013 12:00,2.5215
10/30/2013 18:00,5.996833333
10/31/2013 0:00,4.737
10/31/2013 6:00,1.319166667
10/31/2013 12:00,3.372333333
10/31/2013 18:00,6.2835
11/1/2013 0:00,10.595
11/1/2013 6:00,7.441833333
11/1/2013 12:00,6.6795
11/1/2013 18:00,8.011333333
11/2/2013 0:00,7.067333333
11/2/2013 6:00,5.141833333
11/2/2013 12:00,4.690166667
11/2/2013 18:00,5.382333333
11/3/2013 0:00,3.399833333
11/3/2013 6:00,1.4115
11/3/2013 12:00,2.073666667
11/3/2013 18:00,3.495333333
11/4/2013 0:00,3.351333333
11/4/2013 6:00,1.6805
11/4/2013 12:00,1.5865
11/4/2013 18:00,4.3325
11/5/2013 0:00,5.614
11/5/2013 6:00,4.168833333
11/5/2013 12:00,2.250166667
11/5/2013 18:00,8.0285
11/6/2013 0:00,10.742
11/6/2013 6:00,12.02683333
11/6/2013 12:00,11.70083333
11/6/2013 18:00,12.56816667
11/7/2013 0:00,9.486166667
11/7/2013 6:00,4.653833333
11/7/2013 12:00,3.701166667
11/7/2013 18:00,10.49483333
11/8/2013 0:00,13.05283333
11/8/2013 6:00,11.01816667
11/8/2013 12:00,2.632666667
11/8/2013 18:00,8.9425
11/9/2013 0:00,7.944833333
11/9/2013 6:00,7.251166667
11/9/2013 12:00,7.0945
11/9/2013 18:00,8.4455
11/10/2013 0:00,8.684
11/10/2013 6:00,9.062333333
11/10/2013 12:00,8.700833333
11/10/2013 18:00,7.759833333
11/11/2013 0:00,8.6635
11/11/2013 6:00,10.54366667
11/11/2013 12:00,10.82133333
11/11/2013 18:00,12.23916667
11/12/2013 0:00,10.75766667
11/12/2013 6:00,11.63666667
11/12/2013 12:00,10.67066667
11/12/2013 18:00,8.454166667
11/13/2013 0:00,7.467333333
11/13/2013 6:00,8.652666667
11/13/2013 12:00,5.9205
11/13/2013 18:00,9.0125
11/14/2013 0:00,7.0305
11/14/2013 6:00,3.6725
11/14/2013 12:00,4.5595
11/14/2013 18:00,10.072
11/15/2013 0:00,9.813833333
11/15/2013 6:00,8.370166667
11/15/2013 12:00,6.6165
11/15/2013 18:00,8.264333333
11/16/2013 0:00,4.523333333
11/16/2013 6:00,4.552166667
11/16/2013 12:00,6.698333333
11/16/2013 18:00,13.99333333
11/17/2013 0:00,14.86816667
11/17/2013 6:00,12.426
11/17/2013 12:00,11.18383333
11/17/2013 18:00,13.94583333
11/18/2013 0:00,14.16816667
11/18/2013 6:00,12.60633333
11/18/2013 12:00,9.663333333
11/18/2013 18:00,12.72783333
11/19/2013 0:00,12.3685
11/19/2013 6:00,9.0065
11/19/2013 12:00,3.6735
11/19/2013 18:00,8.934
11/20/2013 0:00,6.751333333
11/20/2013 6:00,3.545166667
11/20/2013 12:00,5.102
11/20/2013 18:00,13.22566667
11/21/2013 0:00,14.69683333
11/21/2013 6:00,12.859
11/21/2013 12:00,11.68733333
11/21/2013 18:00,15.77583333
11/22/2013 0:00,15.04966667
11/22/2013 6:00,10.07516667
11/22/2013 12:00,11.83383333
11/22/2013 18:00,14.458
11/23/2013 0:00,14.814
11/23/2013 6:00,13.27183333
11/23/2013 12:00,9.258333333
11/23/2013 18:00,6.257333333
11/24/2013 0:00,2.577666667
11/24/2013 6:00,5.4135
11/24/2013 12:00,7.891
11/24/2013 18:00,9.856
11/25/2013 0:00,10.0645
11/25/2013 6:00,6.224
11/25/2013 12:00,4.492
11/25/2013 18:00,6.223666667
11/26/2013 0:00,7.404166667
11/26/2013 6:00,6.3265
11/26/2013 12:00,4.727333333
11/26/2013 18:00,6.311333333
11/27/2013 0:00,9.342666667
11/27/2013 6:00,11.61233333
11/27/2013 12:00,8.111833333
11/27/2013 18:00,8.804666667
11/28/2013 0:00,4.72
11/28/2013 6:00,4.247
11/28/2013 12:00,7.393666667
11/28/2013 18:00,12.399
11/29/2013 0:00,7.8115
11/29/2013 6:00,3.532166667
11/29/2013 12:00,5.153
11/29/2013 18:00,7.817833333
11/30/2013 0:00,7.5685
11/30/2013 6:00,4.624166667
11/30/2013 12:00,3.997833333
11/30/2013 18:00,10.2595
12/1/2013 0:00,10.626
12/1/2013 6:00,11.011
12/1/2013 12:00,8.927666667
12/1/2013 18:00,4.9755
12/2/2013 0:00,6.038
12/2/2013 6:00,3.547833333
12/2/2013 12:00,9.144333333
12/2/2013 18:00,14.78866667
12/3/2013 0:00,13.78216667
12/3/2013 6:00,11.9445
12/3/2013 12:00,9.85
12/3/2013 18:00,11.74083333
12/4/2013 0:00,14.31266667
12/4/2013 6:00,7.79
12/4/2013 12:00,4.903
12/4/2013 18:00,5.651
12/5/2013 0:00,5.698833333
12/5/2013 6:00,9.760333333
12/5/2013 12:00,13.08983333
12/5/2013 18:00,16.05533333
12/6/2013 0:00,13.4825
12/6/2013 6:00,7.635666667
12/6/2013 12:00,6.561
12/6/2013 18:00,7.7455
12/7/2013 0:00,5.618
12/7/2013 6:00,3.223166667
12/7/2013 12:00,4.884666667
12/7/2013 18:00,3.1565
12/8/2013 0:00,2.256333333
12/8/2013 6:00,4.4655
12/8/2013 12:00,7.681666667
12/8/2013 18:00,9.8635
12/9/2013 0:00,9.568
12/9/2013 6:00,6.6555
12/9/2013 12:00,11.28633333
12/9/2013 18:00,14.57766667
12/10/2013 0:00,9.952
12/10/2013 6:00,4.886333333
12/10/2013 12:00,3.759
12/10/2013 18:00,9.103666667
12/11/2013 0:00,10.47033333
12/11/2013 6:00,8.161666667
12/11/2013 12:00,5.596166667
12/11/2013 18:00,4.413666667
12/12/2013 0:00,12.65333333
12/12/2013 6:00,15.187
12/12/2013 12:00,14.80933333
12/12/2013 18:00,14.55666667
12/13/2013 0:00,11.40516667
12/13/2013 6:00,4.681
12/13/2013 12:00,4.324833333
12/13/2013 18:00,4.086333333
12/14/2013 0:00,5.034666667
12/14/2013 6:00,8.313666667
12/14/2013 12:00,8.686333333
12/14/2013 18:00,11.84666667
12/15/2013 0:00,8.173166667
12/15/2013 6:00,5.107666667
12/15/2013 12:00,5.4025
12/15/2013 18:00,9.104666667
12/16/2013 0:00,8.662666667
12/16/2013 6:00,7.252833333
12/16/2013 12:00,5.729333333
12/16/2013 18:00,4.18
12/17/2013 0:00,2.0365
12/17/2013 6:00,1.592
12/17/2013 12:00,1.4595
12/17/2013 18:00,5.744
12/18/2013 0:00,6.675333333
12/18/2013 6:00,3.648833333
12/18/2013 12:00,2.261833333
12/18/2013 18:00,7.15
12/19/2013 0:00,7.127666667
12/19/2013 6:00,2.7295
12/19/2013 12:00,3.4095
12/19/2013 18:00,8.149
12/20/2013 0:00,11.30033333
12/20/2013 6:00,12.85066667
12/20/2013 12:00,12.87133333
12/20/2013 18:00,10.6365
12/21/2013 0:00,9.548166667
12/21/2013 6:00,5.7625
12/21/2013 12:00,2.222
12/21/2013 18:00,8.342333333
12/22/2013 0:00,11.2445
12/22/2013 6:00,6.8015
12/22/2013 12:00,4.921333333
12/22/2013 18:00,9.999333333
12/23/2013 0:00,9.228666667
12/23/2013 6:00,6.449666667
12/23/2013 12:00,3.919666667
12/23/2013 18:00,5.077166667
12/24/2013 0:00,6.013666667
12/24/2013 6:00,8.382
12/24/2013 12:00,7.5105
12/24/2013 18:00,7.796833333
12/25/2013 0:00,6.488833333
12/25/2013 6:00,6.132333333
12/25/2013 12:00,4.613666667
12/25/2013 18:00,4.061
12/26/2013 0:00,3.661
12/26/2013 6:00,3.554
12/26/2013 12:00,2.622
12/26/2013 18:00,4.817833333
12/27/2013 0:00,5.051666667
12/27/2013 6:00,5.200833333
12/27/2013 12:00,4.6345
12/27/2013 18:00,5.467
12/28/2013 0:00,5.033333333
12/28/2013 6:00,4.695833333
12/28/2013 12:00,5.676
12/28/2013 18:00,7.397166667
12/29/2013 0:00,7.833666667
12/29/2013 6:00,8.062333333
12/29/2013 12:00,6.08
12/29/2013 18:00,9.0315
12/30/2013 0:00,6.9645
12/30/2013 6:00,10.57766667
12/30/2013 12:00,9.758333333
12/30/2013 18:00,10.83183333
12/31/2013 0:00,10.52583333
12/31/2013 6:00,7.748333333
12/31/2013 12:00,4.597333333
12/31/2013 18:00,13.72933333
