1/1/2013 0:00,13.86516667
1/1/2013 6:00,15.98
1/1/2013 12:00,16.19016667
1/1/2013 18:00,13.37466667
1/2/2013 0:00,12.07183333
1/2/2013 6:00,10.10816667
1/2/2013 12:00,6.094166667
1/2/2013 18:00,3.718833333
1/3/2013 0:00,10.46816667
1/3/2013 6:00,12.72633333
1/3/2013 12:00,7.525
1/3/2013 18:00,12.21466667
1/4/2013 0:00,11.66316667
1/4/2013 6:00,8.604166667
1/4/2013 12:00,7.2295
1/4/2013 18:00,11.87183333
1/5/2013 0:00,10.08066667
1/5/2013 6:00,10.08983333
1/5/2013 12:00,8.796166667
1/5/2013 18:00,10.681
1/6/2013 0:00,9.1695
1/6/2013 6:00,10.49566667
1/6/2013 12:00,9.114
1/6/2013 18:00,12.01333333
1/7/2013 0:00,9.188666667
1/7/2013 6:00,6.984166667
1/7/2013 12:00,4.897666667
1/7/2013 18:00,7.020333333
1/8/2013 0:00,4.0395
1/8/2013 6:00,4.380833333
1/8/2013 12:00,6.441833333
1/8/2013 18:00,11.33416667
1/9/2013 0:00,12.34833333
1/9/2013 6:00,10.45983333
1/9/2013 12:00,6.535166667
1/9/2013 18:00,9.810666667
1/10/2013 0:00,7.497833333
1/10/2013 6:00,7.702333333
1/10/2013 12:00,5.534666667
1/10/2013 18:00,4.939333333
1/11/2013 0:00,9.011666667
1/11/2013 6:00,13.56366667
1/11/2013 12:00,13.4675
1/11/2013 18:00,13.13066667
1/12/2013 0:00,12.057
1/12/2013 6:00,11.69716667
1/12/2013 12:00,11.45833333
1/12/2013 18:00,10.21716667
1/13/2013 0:00,7.180166667
1/13/2013 6:00,5.075666667
1/13/2013 12:00,3.512333333
1/13/2013 18:00,4.138166667
1/14/2013 0:00,3.2445
1/14/2013 6:00,6.302666667
1/14/2013 12:00,6.973666667
1/14/2013 18:00,6.5925
1/15/2013 0:00,11.7205
1/15/2013 6:00,13.01716667
1/15/2013 12:00,8.591333333
1/15/2013 18:00,9.579333333
1/16/2013 0:00,11.1005
1/16/2013 6:00,9.177833333
1/16/2013 12:00,8.825166667
1/16/2013 18:00,9.5275
1/17/2013 0:00,9.4195
1/17/2013 6:00,8.336833333
1/17/2013 12:00,5.592166667
1/17/2013 18:00,5.9145
1/18/2013 0:00,12.7815
1/18/2013 6:00,12.5505
1/18/2013 12:00,8.752666667
1/18/2013 18:00,9.540333333
1/19/2013 0:00,7.178833333
1/19/2013 6:00,4.111833333
1/19/2013 12:00,1.567833333
1/19/2013 18:00,4.513333333
1/20/2013 0:00,4.744666667
1/20/2013 6:00,4.961833333
1/20/2013 12:00,3.570333333
1/20/2013 18:00,4.5625
1/21/2013 0:00,4.644833333
1/21/2013 6:00,9.876833333
1/21/2013 12:00,12.662
1/21/2013 18:00,16.73666667
1/22/2013 0:00,15.56733333
1/22/2013 6:00,9.696166667
1/22/2013 12:00,1.841833333
1/22/2013 18:00,6.382833333
1/23/2013 0:00,8.6065
1/23/2013 6:00,10.08633333
1/23/2013 12:00,8.808166667
1/23/2013 18:00,10.805
1/24/2013 0:00,5.149833333
1/24/2013 6:00,2.4735
1/24/2013 12:00,2.831166667
1/24/2013 18:00,6.037
1/25/2013 0:00,6.947
1/25/2013 6:00,6.609166667
1/25/2013 12:00,7.1195
1/25/2013 18:00,13.14966667
1/26/2013 0:00,13.30766667
1/26/2013 6:00,11.42283333
1/26/2013 12:00,9.087666667
1/26/2013 18:00,7.693833333
1/27/2013 0:00,7.635666667
1/27/2013 6:00,10.979
1/27/2013 12:00,11.45416667
1/27/2013 18:00,13.34166667
1/28/2013 0:00,12.707
1/28/2013 6:00,8.2325
1/28/2013 12:00,7.9705
1/28/2013 18:00,12.231
1/29/2013 0:00,10.69866667
1/29/2013 6:00,3.908333333
1/29/2013 12:00,4.716166667
1/29/2013 18:00,12.1535
1/30/2013 0:00,12.1285
1/30/2013 6:00,10.404
1/30/2013 12:00,6.631166667
1/30/2013 18:00,7.845166667
1/31/2013 0:00,9.692
1/31/2013 6:00,11.12433333
1/31/2013 12:00,7.734
1/31/2013 18:00,6.638
2/1/2013 0:00,3.193333333
2/1/2013 6:00,3.694333333
2/1/2013 12:00,4.356
2/1/2013 18:00,7.037166667
2/2/2013 0:00,5.0545
2/2/2013 6:00,2.049666667
2/2/2013 12:00,3.386166667
2/2/2013 18:00,8.8325
2/3/2013 0:00,9.303
2/3/2013 6:00,8.887833333
2/3/2013 12:00,7.728666667
2/3/2013 18:00,8.3905
2/4/2013 0:00,8.2515
2/4/2013 6:00,6.714166667
2/4/2013 12:00,5.11
2/4/2013 18:00,7.160166667
2/5/2013 0:00,6.370333333
2/5/2013 6:00,4.8935
2/5/2013 12:00,3.731333333
2/5/2013 18:00,7.963833333
2/6/2013 0:00,9.3285
2/6/2013 6:00,6.570666667
2/6/2013 12:00,5.144666667
2/6/2013 18:00,11.04966667
2/7/2013 0:00,9.9405
2/7/2013 6:00,8.5075
2/7/2013 12:00,6.349833333
2/7/2013 18:00,5.532
2/8/2013 0:00,4.4455
2/8/2013 6:00,3.695666667
2/8/2013 12:00,3.9335
2/8/2013 18:00,6.909833333
2/9/2013 0:00,9.065166667
2/9/2013 6:00,8.5305
2/9/2013 12:00,7.838333333
2/9/2013 18:00,10.87833333
2/10/2013 0:00,11.429
2/10/2013 6:00,11.35816667
2/10/2013 12:00,10.48333333
2/10/2013 18:00,9.076333333
2/11/2013 0:00,7.3595
2/11/2013 6:00,7.3615
2/11/2013 12:00,7.710333333
2/11/2013 18:00,7.8655
2/12/2013 0:00,6.2085
2/12/2013 6:00,6.585166667
2/12/2013 12:00,7.768
2/12/2013 18:00,11.539
2/13/2013 0:00,11.02216667
2/13/2013 6:00,8.285333333
2/13/2013 12:00,4.186
2/13/2013 18:00,4.8285
2/14/2013 0:00,7.873666667
2/14/2013 6:00,7.582333333
2/14/2013 12:00,5.800333333
2/14/2013 18:00,5.569166667
2/15/2013 0:00,1.592166667
2/15/2013 6:00,2.040166667
2/15/2013 12:00,4.88
2/15/2013 18:00,9.476666667
2/16/2013 0:00,8.751833333
2/16/2013 6:00,8.000833333
2/16/2013 12:00,6.726
2/16/2013 18:00,9.7675
2/17/2013 0:00,8.077833333
2/17/2013 6:00,6.5115
2/17/2013 12:00,7.441666667
2/17/2013 18:00,7.442166667
2/18/2013 0:00,3.332166667
2/18/2013 6:00,1.737
2/18/2013 12:00,4.616833333
2/18/2013 18:00,10.16483333
2/19/2013 0:00,11.14416667
2/19/2013 6:00,10.00133333
2/19/2013 12:00,10.49433333
2/19/2013 18:00,12.88033333
2/20/2013 0:00,11.28616667
2/20/2013 6:00,11.738
2/20/2013 12:00,9.354666667
2/20/2013 18:00,9.198833333
2/21/2013 0:00,9.727333333
2/21/2013 6:00,11.09533333
2/21/2013 12:00,11.63866667
2/21/2013 18:00,9.600333333
2/22/2013 0:00,6.2645
2/22/2013 6:00,3.4205
2/22/2013 12:00,7.221166667
2/22/2013 18:00,2.609833333
2/23/2013 0:00,5.616833333
2/23/2013 6:00,6.4805
2/23/2013 12:00,7.088
2/23/2013 18:00,8.248666667
2/24/2013 0:00,8.982833333
2/24/2013 6:00,9.777
2/24/2013 12:00,11.45466667
2/24/2013 18:00,10.19516667
2/25/2013 0:00,8.202666667
2/25/2013 6:00,3.734
2/25/2013 12:00,6.432666667
2/25/2013 18:00,12.48
2/26/2013 0:00,14.5715
2/26/2013 6:00,12.89833333
2/26/2013 12:00,15.5975
2/26/2013 18:00,12.534
2/27/2013 0:00,10.679
2/27/2013 6:00,5.546
2/27/2013 12:00,2.851666667
2/27/2013 18:00,7.6815
2/28/2013 0:00,10.50966667
2/28/2013 6:00,10.48516667
2/28/2013 12:00,10.20533333
2/28/2013 18:00,13.18183333
3/1/2013 0:00,4.505833333
3/1/2013 6:00,2.562166667
3/1/2013 12:00,5.666166667
3/1/2013 18:00,7.412
3/2/2013 0:00,7.2005
3/2/2013 6:00,8.140166667
3/2/2013 12:00,11.73083333
3/2/2013 18:00,11.52083333
3/3/2013 0:00,12.02983333
3/3/2013 6:00,10.883
3/3/2013 12:00,9.369666667
3/3/2013 18:00,5.7775
3/4/2013 0:00,1.693333333
3/4/2013 6:00,1.9995
3/4/2013 12:00,5.157333333
3/4/2013 18:00,7.258833333
3/5/2013 0:00,3.675166667
3/5/2013 6:00,9.308166667
3/5/2013 12:00,12.3
3/5/2013 18:00,14.60883333
3/6/2013 0:00,12.6005
3/6/2013 6:00,9.292666667
3/6/2013 12:00,8.523
3/6/2013 18:00,17.06066667
3/7/2013 0:00,9.478333333
3/7/2013 6:00,10.38516667
3/7/2013 12:00,9.1605
3/7/2013 18:00,9.248666667
3/8/2013 0:00,7.875333333
3/8/2013 6:00,9.77
3/8/2013 12:00,10.5785
3/8/2013 18:00,11.17933333
3/9/2013 0:00,5.580166667
3/9/2013 6:00,3.247666667
3/9/2013 12:00,8.747
3/9/2013 18:00,15.54966667
3/10/2013 0:00,16.805
3/10/2013 6:00,12.5065
3/10/2013 12:00,10.3875
3/10/2013 18:00,16.0355
3/11/2013 0:00,15.479
3/11/2013 6:00,11.752
3/11/2013 12:00,10.35283333
3/11/2013 18:00,10.0435
3/12/2013 0:00,8.244666667
3/12/2013 6:00,6.925833333
3/12/2013 12:00,7.848
3/12/2013 18:00,10.57366667
3/13/2013 0:00,2.958833333
3/13/2013 6:00,6.785
3/13/2013 12:00,9.080333333
3/13/2013 18:00,15.26966667
3/14/2013 0:00,12.714
3/14/2013 6:00,6.595666667
3/14/2013 12:00,6.703
3/14/2013 18:00,7.850666667
3/15/2013 0:00,8.7295
3/15/2013 6:00,6.0845
3/15/2013 12:00,2.2525
3/15/2013 18:00,4.2645
3/16/2013 0:00,3.758
3/16/2013 6:00,4.092
3/16/2013 12:00,7.969333333
3/16/2013 18:00,12.96183333
3/17/2013 0:00,14.55183333
3/17/2013 6:00,11.05316667
3/17/2013 12:00,11.00666667
3/17/2013 18:00,13.94433333
3/18/2013 0:00,13.87183333
3/18/2013 6:00,12.34516667
3/18/2013 12:00,13.78283333
3/18/2013 18:00,14.3265
3/19/2013 0:00,13.90666667
3/19/2013 6:00,11.99483333
3/19/2013 12:00,8.9765
3/19/2013 18:00,10.02883333
3/20/2013 0:00,8.1495
3/20/2013 6:00,2.8545
3/20/2013 12:00,5.489
3/20/2013 18:00,6.945166667
3/21/2013 0:00,6.360333333
3/21/2013 6:00,4.4595
3/21/2013 12:00,4.735666667
3/21/2013 18:00,7.985333333
3/22/2013 0:00,8.8475
3/22/2013 6:00,9.147666667
3/22/2013 12:00,4.9875
3/22/2013 18:00,2.6755
3/23/2013 0:00,2.675
3/23/2013 6:00,2.3195
3/23/2013 12:00,3.617166667
3/23/2013 18:00,3.993833333
3/24/2013 0:00,2.207
3/24/2013 6:00,2.740166667
3/24/2013 12:00,4.0935
3/24/2013 18:00,8.421666667
3/25/2013 0:00,8.385
3/25/2013 6:00,7.063666667
3/25/2013 12:00,6.129666667
3/25/2013 18:00,9.536
3/26/2013 0:00,13.425
3/26/2013 6:00,14.22966667
3/26/2013 12:00,15.16016667
3/26/2013 18:00,17.648
3/27/2013 0:00,17.092
3/27/2013 6:00,13.42333333
3/27/2013 12:00,14.94533333
3/27/2013 18:00,11.75533333
3/28/2013 0:00,10.27083333
3/28/2013 6:00,5.853
3/28/2013 12:00,2.741666667
3/28/2013 18:00,8.584333333
3/29/2013 0:00,12.98416667
3/29/2013 6:00,11.206
3/29/2013 12:00,7.038
3/29/2013 18:00,5.125666667
3/30/2013 0:00,2.5015
3/30/2013 6:00,2.835333333
3/30/2013 12:00,2.607666667
3/30/2013 18:00,8.2595
3/31/2013 0:00,12.13816667
3/31/2013 6:00,7.24
3/31/2013 12:00,5.252166667
3/31/2013 18:00,5.376333333
4/1/2013 0:00,5.842166667
4/1/2013 6:00,9.924
4/1/2013 12:00,9.566166667
4/1/2013 18:00,12.55583333
4/2/2013 0:00,13.37
4/2/2013 6:00,9.428166667
4/2/2013 12:00,5.8595
4/2/2013 18:00,12.208
4/3/2013 0:00,12.02016667
4/3/2013 6:00,11.88766667
4/3/2013 12:00,10.37983333
4/3/2013 18:00,10.053
4/4/2013 0:00,10.5975
4/4/2013 6:00,7.599
4/4/2013 12:00,6.847666667
4/4/2013 18:00,9.172833333
4/5/2013 0:00,10.13683333
4/5/2013 6:00,7.162833333
4/5/2013 12:00,7.420666667
4/5/2013 18:00,10.31183333
4/6/2013 0:00,12.77633333
4/6/2013 6:00,10.26083333
4/6/2013 12:00,11.30866667
4/6/2013 18:00,12.736
4/7/2013 0:00,13.51666667
4/7/2013 6:00,10.85866667
4/7/2013 12:00,13.64433333
4/7/2013 18:00,10.83716667
4/8/2013 0:00,9.371
4/8/2013 6:00,7.276
4/8/2013 12:00,10.56933333
4/8/2013 18:00,10.27433333
4/9/2013 0:00,9.172833333
4/9/2013 6:00,7.0545
4/9/2013 12:00,10.9095
4/9/2013 18:00,9.504
4/10/2013 0:00,8.4425
4/10/2013 6:00,6.851333333
4/10/2013 12:00,6.5605
4/10/2013 18:00,8.641333333
4/11/2013 0:00,7.849833333
4/11/2013 6:00,2.905833333
4/11/2013 12:00,2.571666667
4/11/2013 18:00,8.068666667
4/12/2013 0:00,12.288
4/12/2013 6:00,9.152166667
4/12/2013 12:00,9.268333333
4/12/2013 18:00,12.92666667
4/13/2013 0:00,13.02533333
4/13/2013 6:00,12.978
4/13/2013 12:00,10.84066667
4/13/2013 18:00,9.837833333
4/14/2013 0:00,10.52266667
4/14/2013 6:00,3.754166667
4/14/2013 12:00,7.776333333
4/14/2013 18:00,11.60433333
4/15/2013 0:00,7.742166667
4/15/2013 6:00,8.833166667
4/15/2013 12:00,13.05933333
4/15/2013 18:00,12.991
4/16/2013 0:00,14.56616667
4/16/2013 6:00,10.68716667
4/16/2013 12:00,8.683333333
4/16/2013 18:00,4.766833333
4/17/2013 0:00,3.475
4/17/2013 6:00,6.899166667
4/17/2013 12:00,9.242
4/17/2013 18:00,9.201166667
4/18/2013 0:00,8.207333333
4/18/2013 6:00,7.991833333
4/18/2013 12:00,4.374166667
4/18/2013 18:00,7.399
4/19/2013 0:00,9.8025
4/19/2013 6:00,10.3365
4/19/2013 12:00,8.320333333
4/19/2013 18:00,5.492833333
4/20/2013 0:00,6.604
4/20/2013 6:00,2.711166667
4/20/2013 12:00,2.076833333
4/20/2013 18:00,5.087666667
4/21/2013 0:00,10.27916667
4/21/2013 6:00,8.122
4/21/2013 12:00,11.63466667
4/21/2013 18:00,12.32616667
4/22/2013 0:00,12.2245
4/22/2013 6:00,8.695333333
4/22/2013 12:00,7.358
4/22/2013 18:00,4.920666667
4/23/2013 0:00,3.547
4/23/2013 6:00,5.375
4/23/2013 12:00,4.589166667
4/23/2013 18:00,7.099
4/24/2013 0:00,7.647833333
4/24/2013 6:00,1.958666667
4/24/2013 12:00,1.664166667
4/24/2013 18:00,9.459333333
4/25/2013 0:00,6.580166667
4/25/2013 6:00,7.740166667
4/25/2013 12:00,11.46566667
4/25/2013 18:00,10.84283333
4/26/2013 0:00,9.837333333
4/26/2013 6:00,8.491333333
4/26/2013 12:00,7.072166667
4/26/2013 18:00,10.43016667
4/27/2013 0:00,11.652
4/27/2013 6:00,12.67483333
4/27/2013 12:00,15.82783333
4/27/2013 18:00,13.706
4/28/2013 0:00,10.4865
4/28/2013 6:00,8.567166667
4/28/2013 12:00,7.109333333
4/28/2013 18:00,9.606333333
4/29/2013 0:00,11.855
4/29/2013 6:00,7.075833333
4/29/2013 12:00,5.0305
4/29/2013 18:00,8.282166667
4/30/2013 0:00,9.525333333
4/30/2013 6:00,5.757666667
4/30/2013 12:00,6.4385
4/30/2013 18:00,9.545333333
5/1/2013 0:00,13.78383333
5/1/2013 6:00,12.4995
5/1/2013 12:00,12.90733333
5/1/2013 18:00,10.93416667
5/2/2013 0:00,4.339166667
5/2/2013 6:00,3.467333333
5/2/2013 12:00,3.278166667
5/2/2013 18:00,5.145333333
5/3/2013 0:00,8.217166667
5/3/2013 6:00,3.933333333
5/3/2013 12:00,4.439
5/3/2013 18:00,9.952833333
5/4/2013 0:00,11.51266667
5/4/2013 6:00,8.495666667
5/4/2013 12:00,6.363666667
5/4/2013 18:00,10.23183333
5/5/2013 0:00,7.1135
5/5/2013 6:00,7.923666667
5/5/2013 12:00,9.606
5/5/2013 18:00,11.8715
5/6/2013 0:00,10.673
5/6/2013 6:00,6.339
5/6/2013 12:00,8.872166667
5/6/2013 18:00,9.639833333
5/7/2013 0:00,11.27183333
5/7/2013 6:00,10.5845
5/7/2013 12:00,11.51216667
5/7/2013 18:00,10.03533333
5/8/2013 0:00,10.17233333
5/8/2013 6:00,8.135333333
5/8/2013 12:00,9.9035
5/8/2013 18:00,8.4775
5/9/2013 0:00,8.759333333
5/9/2013 6:00,3.923166667
5/9/2013 12:00,1.6145
5/9/2013 18:00,4.372833333
5/10/2013 0:00,9.681
5/10/2013 6:00,9.144333333
5/10/2013 12:00,10.46516667
5/10/2013 18:00,13.06
5/11/2013 0:00,12.11966667
5/11/2013 6:00,11.49266667
5/11/2013 12:00,8.840166667
5/11/2013 18:00,3.200333333
5/12/2013 0:00,4.857166667
5/12/2013 6:00,3.263333333
5/12/2013 12:00,2.0855
5/12/2013 18:00,2.960666667
5/13/2013 0:00,2.943333333
5/13/2013 6:00,3.886
5/13/2013 12:00,6.452666667
5/13/2013 18:00,8.108333333
5/14/2013 0:00,11.01216667
5/14/2013 6:00,6.649
5/14/2013 12:00,6.921166667
5/14/2013 18:00,10.38183333
5/15/2013 0:00,11.4995
5/15/2013 6:00,11.04533333
5/15/2013 12:00,9.297833333
5/15/2013 18:00,9.133333333
5/16/2013 0:00,5.968333333
5/16/2013 6:00,3.934666667
5/16/2013 12:00,5.829333333
5/16/2013 18:00,12.05783333
5/17/2013 0:00,15.15
5/17/2013 6:00,14.3235
5/17/2013 12:00,15.69166667
5/17/2013 18:00,14.716
5/18/2013 0:00,15.10283333
5/18/2013 6:00,12.7415
5/18/2013 12:00,14.19666667
5/18/2013 18:00,14.2185
5/19/2013 0:00,12.88966667
5/19/2013 6:00,9.723333333
5/19/2013 12:00,7.420166667
5/19/2013 18:00,7.739666667
5/20/2013 0:00,8.834166667
5/20/2013 6:00,9.222166667
5/20/2013 12:00,8.3605
5/20/2013 18:00,4.653166667
5/21/2013 0:00,4.5175
5/21/2013 6:00,4.646666667
5/21/2013 12:00,6.8795
5/21/2013 18:00,10.38183333
5/22/2013 0:00,13.41033333
5/22/2013 6:00,13.70516667
5/22/2013 12:00,15.00333333
5/22/2013 18:00,16.53916667
5/23/2013 0:00,13.92533333
5/23/2013 6:00,9.280333333
5/23/2013 12:00,10.63016667
5/23/2013 18:00,6.098333333
5/24/2013 0:00,3.7075
5/24/2013 6:00,4.4885
5/24/2013 12:00,4.551333333
5/24/2013 18:00,4.434333333
5/25/2013 0:00,5.611333333
5/25/2013 6:00,1.945
5/25/2013 12:00,3.318166667
5/25/2013 18:00,5.025333333
5/26/2013 0:00,11.22066667
5/26/2013 6:00,10.29683333
5/26/2013 12:00,10.08083333
5/26/2013 18:00,10.50733333
5/27/2013 0:00,12.3025
5/27/2013 6:00,13.08016667
5/27/2013 12:00,11.02616667
5/27/2013 18:00,6.230166667
5/28/2013 0:00,3.174
5/28/2013 6:00,4.379666667
5/28/2013 12:00,11.12083333
5/28/2013 18:00,9.663166667
5/29/2013 0:00,11.63833333
5/29/2013 6:00,10.64283333
5/29/2013 12:00,10.344
5/29/2013 18:00,9.4645
5/30/2013 0:00,7.658
5/30/2013 6:00,2.736666667
5/30/2013 12:00,2.605333333
5/30/2013 18:00,3.8475
5/31/2013 0:00,4.358166667
5/31/2013 6:00,5.398666667
5/31/2013 12:00,5.131833333
5/31/2013 18:00,3.146666667
6/1/2013 0:00,2.904833333
6/1/2013 6:00,4.069666667
6/1/2013 12:00,4.690166667
6/1/2013 18:00,4.057
6/2/2013 0:00,4.726166667
6/2/2013 6:00,5.323333333
6/2/2013 12:00,5.820333333
6/2/2013 18:00,2.527333333
6/3/2013 0:00,7.793833333
6/3/2013 6:00,6.79
6/3/2013 12:00,4.798166667
6/3/2013 18:00,5.235
6/4/2013 0:00,3.1435
6/4/2013 6:00,4.866833333
6/4/2013 12:00,6.388166667
6/4/2013 18:00,7.596
6/5/2013 0:00,5.8925
6/5/2013 6:00,4.768166667
6/5/2013 12:00,4.5625
6/5/2013 18:00,8.804
6/6/2013 0:00,11.7635
6/6/2013 6:00,7.206833333
6/6/2013 12:00,5.079333333
6/6/2013 18:00,8.013833333
6/7/2013 0:00,12.2655
6/7/2013 6:00,7.325166667
6/7/2013 12:00,5.695666667
6/7/2013 18:00,10.02633333
6/8/2013 0:00,12.26283333
6/8/2013 6:00,9.1765
6/8/2013 12:00,9.3435
6/8/2013 18:00,11.121
6/9/2013 0:00,13.98183333
6/9/2013 6:00,11.43166667
6/9/2013 12:00,13.8635
6/9/2013 18:00,14.0665
6/10/2013 0:00,14.51966667
6/10/2013 6:00,12.13816667
6/10/2013 12:00,10.05883333
6/10/2013 18:00,4.8845
6/11/2013 0:00,8.548833333
6/11/2013 6:00,10.7575
6/11/2013 12:00,12.40166667
6/11/2013 18:00,11.54566667
6/12/2013 0:00,8.868666667
6/12/2013 6:00,4.267166667
6/12/2013 12:00,2.4475
6/12/2013 18:00,5.807166667
6/13/2013 0:00,9.885333333
6/13/2013 6:00,9.489333333
6/13/2013 12:00,12.71566667
6/13/2013 18:00,15.22216667
6/14/2013 0:00,11.39166667
6/14/2013 6:00,11.63933333
6/14/2013 12:00,10.74533333
6/14/2013 18:00,8.4715
6/15/2013 0:00,6.922166667
6/15/2013 6:00,2.331666667
6/15/2013 12:00,5.5255
6/15/2013 18:00,8.609166667
6/16/2013 0:00,5.671166667
6/16/2013 6:00,5.482666667
6/16/2013 12:00,8.009166667
6/16/2013 18:00,8.566666667
6/17/2013 0:00,5.106333333
6/17/2013 6:00,9.158666667
6/17/2013 12:00,14.67583333
6/17/2013 18:00,9.663
6/18/2013 0:00,7.9385
6/18/2013 6:00,5.741666667
6/18/2013 12:00,3.967
6/18/2013 18:00,7.987333333
6/19/2013 0:00,11.0845
6/19/2013 6:00,10.9495
6/19/2013 12:00,14.2335
6/19/2013 18:00,13.9425
6/20/2013 0:00,9.3285
6/20/2013 6:00,7.104666667
6/20/2013 12:00,6.4755
6/20/2013 18:00,7.694666667
6/21/2013 0:00,10.54266667
6/21/2013 6:00,7.481666667
6/21/2013 12:00,7.504
6/21/2013 18:00,5.93
6/22/2013 0:00,3.212166667
6/22/2013 6:00,4.133166667
6/22/2013 12:00,2.051333333
6/22/2013 18:00,7.850833333
6/23/2013 0:00,10.47416667
6/23/2013 6:00,9.955
6/23/2013 12:00,6.430833333
6/23/2013 18:00,7.108833333
6/24/2013 0:00,7.285666667
6/24/2013 6:00,7.206333333
6/24/2013 12:00,8.504333333
6/24/2013 18:00,10.28616667
6/25/2013 0:00,12.15716667
6/25/2013 6:00,8.737333333
6/25/2013 12:00,8.6435
6/25/2013 18:00,11.4155
6/26/2013 0:00,12.64116667
6/26/2013 6:00,10.3525
6/26/2013 12:00,11.69216667
6/26/2013 18:00,13.71166667
6/27/2013 0:00,15.07566667
6/27/2013 6:00,6.8415
6/27/2013 12:00,2.938333333
6/27/2013 18:00,9.834333333
6/28/2013 0:00,10.09316667
6/28/2013 6:00,7.684166667
6/28/2013 12:00,4.152166667
6/28/2013 18:00,4.955166667
6/29/2013 0:00,6.5035
6/29/2013 6:00,4.245166667
6/29/2013 12:00,2.954833333
6/29/2013 18:00,3.159666667
6/30/2013 0:00,2.036
6/30/2013 6:00,3.089833333
6/30/2013 12:00,4.699666667
6/30/2013 18:00,6.7815
7/1/2013 0:00,4.571833333
7/1/2013 6:00,5.696833333
7/1/2013 12:00,5.319333333
7/1/2013 18:00,8.938333333
7/2/2013 0:00,11.23333333
7/2/2013 6:00,8.722
7/2/2013 12:00,10.54366667
7/2/2013 18:00,11.12066667
7/3/2013 0:00,10.08233333
7/3/2013 6:00,5.041833333
7/3/2013 12:00,6.765333333
7/3/2013 18:00,8.877333333
7/4/2013 0:00,13.12433333
7/4/2013 6:00,9.094
7/4/2013 12:00,10.64133333
7/4/2013 18:00,11.41933333
7/5/2013 0:00,6.618333333
7/5/2013 6:00,7.03
7/5/2013 12:00,5.059
7/5/2013 18:00,7.359833333
7/6/2013 0:00,12.11133333
7/6/2013 6:00,6.924166667
7/6/2013 12:00,8.266166667
7/6/2013 18:00,9.727666667
7/7/2013 0:00,10.86683333
7/7/2013 6:00,7.571166667
7/7/2013 12:00,6.747166667
7/7/2013 18:00,8.702666667
7/8/2013 0:00,4.456333333
7/8/2013 6:00,1.879
7/8/2013 12:00,3.877166667
7/8/2013 18:00,2.5
7/9/2013 0:00,5.161
7/9/2013 6:00,3.902833333
7/9/2013 12:00,6.013666667
7/9/2013 18:00,6.639833333
7/10/2013 0:00,5.014666667
7/10/2013 6:00,2.9065
7/10/2013 12:00,3.143666667
7/10/2013 18:00,5.215166667
7/11/2013 0:00,6.762833333
7/11/2013 6:00,5.819
7/11/2013 12:00,5.346166667
7/11/2013 18:00,8.2395
7/12/2013 0:00,11.35133333
7/12/2013 6:00,7.404833333
7/12/2013 12:00,7.633666667
7/12/2013 18:00,10.26283333
7/13/2013 0:00,5.1225
7/13/2013 6:00,3.251166667
7/13/2013 12:00,4.4285
7/13/2013 18:00,6.451666667
7/14/2013 0:00,2.694833333
7/14/2013 6:00,3.9465
7/14/2013 12:00,3.4655
7/14/2013 18:00,5.831
7/15/2013 0:00,8.957666667
7/15/2013 6:00,7.3205
7/15/2013 12:00,8.0295
7/15/2013 18:00,12.26266667
7/16/2013 0:00,14.70583333
7/16/2013 6:00,11.87633333
7/16/2013 12:00,11.25983333
7/16/2013 18:00,11.67616667
7/17/2013 0:00,12.23216667
7/17/2013 6:00,4.719833333
7/17/2013 12:00,3.366166667
7/17/2013 18:00,5.736666667
7/18/2013 0:00,7.436833333
7/18/2013 6:00,3.363166667
7/18/2013 12:00,3.246333333
7/18/2013 18:00,8.2645
7/19/2013 0:00,2.520833333
7/19/2013 6:00,1.4415
7/19/2013 12:00,2.035333333
7/19/2013 18:00,9.494
7/20/2013 0:00,11.9835
7/20/2013 6:00,4.724833333
7/20/2013 12:00,4.151
7/20/2013 18:00,11.0325
7/21/2013 0:00,11.58516667
7/21/2013 6:00,7.157166667
7/21/2013 12:00,5.243666667
7/21/2013 18:00,8.631666667
7/22/2013 0:00,8.061166667
7/22/2013 6:00,6.583333333
7/22/2013 12:00,4.136833333
7/22/2013 18:00,3.486666667
7/23/2013 0:00,5.746833333
7/23/2013 6:00,2.6385
7/23/2013 12:00,4.982
7/23/2013 18:00,10.78066667
7/24/2013 0:00,12.37833333
7/24/2013 6:00,6.687166667
7/24/2013 12:00,8.760333333
7/24/2013 18:00,12.593
7/25/2013 0:00,11.19016667
7/25/2013 6:00,5.571166667
7/25/2013 12:00,5.1785
7/25/2013 18:00,6.152
7/26/2013 0:00,5.804666667
7/26/2013 6:00,5.247166667
7/26/2013 12:00,12.19666667
7/26/2013 18:00,11.211
7/27/2013 0:00,9.389166667
7/27/2013 6:00,4.770833333
7/27/2013 12:00,3.252833333
7/27/2013 18:00,5.640833333
7/28/2013 0:00,6.981833333
7/28/2013 6:00,8.458166667
7/28/2013 12:00,7.230333333
7/28/2013 18:00,10.5735
7/29/2013 0:00,11.8835
7/29/2013 6:00,3.758833333
7/29/2013 12:00,3.288666667
7/29/2013 18:00,4.788
7/30/2013 0:00,6.854666667
7/30/2013 6:00,5.150666667
7/30/2013 12:00,5.912
7/30/2013 18:00,5.992666667
7/31/2013 0:00,6.787333333
7/31/2013 6:00,4.653
7/31/2013 12:00,4.383833333
7/31/2013 18:00,7.1845
8/1/2013 0:00,10.35683333
8/1/2013 6:00,7.578166667
8/1/2013 12:00,7.959
8/1/2013 18:00,10.95533333
8/2/2013 0:00,3.223
8/2/2013 6:00,3.967166667
8/2/2013 12:00,5.093
8/2/2013 18:00,7.1655
8/3/2013 0:00,8.578333333
8/3/2013 6:00,4.321833333
8/3/2013 12:00,4.624166667
8/3/2013 18:00,8.102333333
8/4/2013 0:00,6.927166667
8/4/2013 6:00,6.188166667
8/4/2013 12:00,9.68
8/4/2013 18:00,10.11816667
8/5/2013 0:00,9.582
8/5/2013 6:00,3.838333333
8/5/2013 12:00,3.1025
8/5/2013 18:00,6.012666667
8/6/2013 0:00,10.16816667
8/6/2013 6:00,7.640666667
8/6/2013 12:00,6.369166667
8/6/2013 18:00,3.532333333
8/7/2013 0:00,6.804666667
8/7/2013 6:00,6.105333333
8/7/2013 12:00,5.3585
8/7/2013 18:00,8.661
8/8/2013 0:00,6.032333333
8/8/2013 6:00,5.488166667
8/8/2013 12:00,5.866333333
8/8/2013 18:00,6.4035
8/9/2013 0:00,5.887166667
8/9/2013 6:00,3.526833333
8/9/2013 12:00,8.510833333
8/9/2013 18:00,10.87616667
8/10/2013 0:00,8.351333333
8/10/2013 6:00,3.683666667
8/10/2013 12:00,3.681166667
8/10/2013 18:00,4.399666667
8/11/2013 0:00,6.3345
8/11/2013 6:00,6.246666667
8/11/2013 12:00,5.7365
8/11/2013 18:00,9.211166667
8/12/2013 0:00,9.2725
8/12/2013 6:00,9.7865
8/12/2013 12:00,7.174833333
8/12/2013 18:00,5.760333333
8/13/2013 0:00,3.6485
8/13/2013 6:00,4.635833333
8/13/2013 12:00,4.027166667
8/13/2013 18:00,2.908333333
8/14/2013 0:00,3.289333333
8/14/2013 6:00,2.3245
8/14/2013 12:00,5.539333333
8/14/2013 18:00,10.69766667
8/15/2013 0:00,10.47816667
8/15/2013 6:00,9.005833333
8/15/2013 12:00,6.435833333
8/15/2013 18:00,8.784166667
8/16/2013 0:00,11.41416667
8/16/2013 6:00,9.397166667
8/16/2013 12:00,8.983
8/16/2013 18:00,9.168166667
8/17/2013 0:00,5.211
8/17/2013 6:00,2.918166667
8/17/2013 12:00,2.058333333
8/17/2013 18:00,2.427333333
8/18/2013 0:00,5.374833333
8/18/2013 6:00,2.956166667
8/18/2013 12:00,2.388666667
8/18/2013 18:00,7.5555
8/19/2013 0:00,7.285333333
8/19/2013 6:00,5.107
8/19/2013 12:00,4.991333333
8/19/2013 18:00,3.980333333
8/20/2013 0:00,1.338166667
8/20/2013 6:00,1.3265
8/20/2013 12:00,1.894
8/20/2013 18:00,6.357
8/21/2013 0:00,9.594
8/21/2013 6:00,6.339
8/21/2013 12:00,4.666666667
8/21/2013 18:00,8.141166667
8/22/2013 0:00,12.30116667
8/22/2013 6:00,8.7185
8/22/2013 12:00,9.803
8/22/2013 18:00,12.3765
8/23/2013 0:00,11.34683333
8/23/2013 6:00,7.0705
8/23/2013 12:00,8.429166667
8/23/2013 18:00,10.20416667
8/24/2013 0:00,10.90883333
8/24/2013 6:00,7.502666667
8/24/2013 12:00,9.076166667
8/24/2013 18:00,10.8205
8/25/2013 0:00,10.08066667
8/25/2013 6:00,4.985166667
8/25/2013 12:00,2.317833333
8/25/2013 18:00,3.132333333
8/26/2013 0:00,1.708166667
8/26/2013 6:00,1.924666667
8/26/2013 12:00,0.722833333
8/26/2013 18:00,1.669
8/27/2013 0:00,3.118833333
8/27/2013 6:00,1.869333333
8/27/2013 12:00,2.7545
8/27/2013 18:00,7.5715
8/28/2013 0:00,10.519
8/28/2013 6:00,7.105333333
8/28/2013 12:00,9.017333333
8/28/2013 18:00,10.84566667
8/29/2013 0:00,10.652
8/29/2013 6:00,4.686833333
8/29/2013 12:00,6.3825
8/29/2013 18:00,13.45416667
8/30/2013 0:00,14.21466667
8/30/2013 6:00,9.900833333
8/30/2013 12:00,5.682
8/30/2013 18:00,10.53916667
8/31/2013 0:00,11.20033333
8/31/2013 6:00,9.453833333
8/31/2013 12:00,9.008
8/31/2013 18:00,11.97483333
9/1/2013 0:00,12.099
9/1/2013 6:00,7.598833333
9/1/2013 12:00,6.507
9/1/2013 18:00,11.9205
9/2/2013 0:00,13.551
9/2/2013 6:00,9.419166667
9/2/2013 12:00,8.430333333
9/2/2013 18:00,8.746666667
9/3/2013 0:00,5.050666667
9/3/2013 6:00,5.081833333
9/3/2013 12:00,3.616666667
9/3/2013 18:00,4.997833333
9/4/2013 0:00,4.098666667
9/4/2013 6:00,5.3255
9/4/2013 12:00,1.435
9/4/2013 18:00,8.971833333
9/5/2013 0:00,9.766
9/5/2013 6:00,8.638333333
9/5/2013 12:00,6.628333333
9/5/2013 18:00,3.917166667
9/6/2013 0:00,1.395666667
9/6/2013 6:00,3.820333333
9/6/2013 12:00,4.9675
9/6/2013 18:00,9.304833333
9/7/2013 0:00,9.967166667
9/7/2013 6:00,8.034333333
9/7/2013 12:00,9.367166667
9/7/2013 18:00,8.943
9/8/2013 0:00,6.083333333
9/8/2013 6:00,7.191666667
9/8/2013 12:00,11.19733333
9/8/2013 18:00,12.3745
9/9/2013 0:00,9.436166667
9/9/2013 6:00,3.030333333
9/9/2013 12:00,2.662666667
9/9/2013 18:00,9.487166667
9/10/2013 0:00,14.55316667
9/10/2013 6:00,13.57
9/10/2013 12:00,14.961
9/10/2013 18:00,14.94866667
9/11/2013 0:00,14.49416667
9/11/2013 6:00,12.84083333
9/11/2013 12:00,11.93833333
9/11/2013 18:00,11.16516667
9/12/2013 0:00,9.982833333
9/12/2013 6:00,6.363166667
9/12/2013 12:00,1.448
9/12/2013 18:00,7.021833333
9/13/2013 0:00,3.107666667
9/13/2013 6:00,3.219333333
9/13/2013 12:00,5.012833333
9/13/2013 18:00,9.469166667
9/14/2013 0:00,5.518333333
9/14/2013 6:00,1.664333333
9/14/2013 12:00,3.568166667
9/14/2013 18:00,5.577333333
9/15/2013 0:00,10.13116667
9/15/2013 6:00,10.7165
9/15/2013 12:00,11.22166667
9/15/2013 18:00,13.571
9/16/2013 0:00,12.89783333
9/16/2013 6:00,7.001
9/16/2013 12:00,2.2975
9/16/2013 18:00,11.58283333
9/17/2013 0:00,9.016833333
9/17/2013 6:00,7.369666667
9/17/2013 12:00,6.922833333
9/17/2013 18:00,5.965333333
9/18/2013 0:00,7.092666667
9/18/2013 6:00,2.908333333
9/18/2013 12:00,4.780166667
9/18/2013 18:00,11.601
9/19/2013 0:00,11.963
9/19/2013 6:00,8.594166667
9/19/2013 12:00,13.32633333
9/19/2013 18:00,11.76366667
9/20/2013 0:00,9.125666667
9/20/2013 6:00,6.835166667
9/20/2013 12:00,6.756666667
9/20/2013 18:00,4.896333333
9/21/2013 0:00,3.551833333
9/21/2013 6:00,3.438666667
9/21/2013 12:00,8.423166667
9/21/2013 18:00,11.00366667
9/22/2013 0:00,10.7065
9/22/2013 6:00,7.738166667
9/22/2013 12:00,6.169333333
9/22/2013 18:00,7.0615
9/23/2013 0:00,4.4865
9/23/2013 6:00,1.133166667
9/23/2013 12:00,1.473333333
9/23/2013 18:00,3.700666667
9/24/2013 0:00,11.62183333
9/24/2013 6:00,9.386
9/24/2013 12:00,6.792333333
9/24/2013 18:00,5.598333333
9/25/2013 0:00,7.502
9/25/2013 6:00,6.716666667
9/25/2013 12:00,4.2235
9/25/2013 18:00,8.206
9/26/2013 0:00,9.1875
9/26/2013 6:00,4.736
9/26/2013 12:00,3.6765
9/26/2013 18:00,4.511166667
9/27/2013 0:00,5.9825
9/27/2013 6:00,3.730666667
9/27/2013 12:00,1.936833333
9/27/2013 18:00,5.1015
9/28/2013 0:00,5.6285
9/28/2013 6:00,2.693833333
9/28/2013 12:00,2.473333333
9/28/2013 18:00,3.684666667
9/29/2013 0:00,5.1475
9/29/2013 6:00,4.246
9/29/2013 12:00,3.795333333
9/29/2013 18:00,5.840166667
9/30/2013 0:00,5.950666667
9/30/2013 6:00,3.839666667
9/30/2013 12:00,4.168833333
9/30/2013 18:00,4.825666667
10/1/2013 0:00,12.781
10/1/2013 6:00,9.978666667
10/1/2013 12:00,10.638
10/1/2013 18:00,10.34983333
10/2/2013 0:00,3.303666667
10/2/2013 6:00,4.83
10/2/2013 12:00,7.565
10/2/2013 18:00,12.02483333
10/3/2013 0:00,13.215
10/3/2013 6:00,9.5945
10/3/2013 12:00,9.881833333
10/3/2013 18:00,12.748
10/4/2013 0:00,13.63333333
10/4/2013 6:00,13.08333333
10/4/2013 12:00,11.97866667
10/4/2013 18:00,10.24166667
10/5/2013 0:00,10.62766667
10/5/2013 6:00,8.683666667
10/5/2013 12:00,9.841833333
10/5/2013 18:00,11.37966667
10/6/2013 0:00,10.93866667
10/6/2013 6:00,7.773
10/6/2013 12:00,5.970833333
10/6/2013 18:00,2.370833333
10/7/2013 0:00,4.191666667
10/7/2013 6:00,7.257833333
10/7/2013 12:00,8.293833333
10/7/2013 18:00,12.267
10/8/2013 0:00,11.44383333
10/8/2013 6:00,9.927666667
10/8/2013 12:00,10.51483333
10/8/2013 18:00,8.1625
10/9/2013 0:00,6.1785
10/9/2013 6:00,10.46166667
10/9/2013 12:00,11.70533333
10/9/2013 18:00,8.818
10/10/2013 0:00,7.0695
10/10/2013 6:00,6.345833333
10/10/2013 12:00,8.4355
10/10/2013 18:00,14.08283333
10/11/2013 0:00,12.13416667
10/11/2013 6:00,8.853666667
10/11/2013 12:00,7.2645
10/11/2013 18:00,8.3255
10/12/2013 0:00,8.116
10/12/2013 6:00,9.189666667
10/12/2013 12:00,10.45816667
10/12/2013 18:00,11.50433333
10/13/2013 0:00,11.31366667
10/13/2013 6:00,8.990666667
10/13/2013 12:00,4.420666667
10/13/2013 18:00,7.990333333
10/14/2013 0:00,10.51216667
10/14/2013 6:00,9.548333333
10/14/2013 12:00,8.792333333
10/14/2013 18:00,7.751
10/15/2013 0:00,2.746666667
10/15/2013 6:00,3.938833333
10/15/2013 12:00,7.789666667
10/15/2013 18:00,12.92566667
10/16/2013 0:00,9.616
10/16/2013 6:00,4.0485
10/16/2013 12:00,4.841166667
10/16/2013 18:00,6.876166667
10/17/2013 0:00,11.647
10/17/2013 6:00,14.02666667
10/17/2013 12:00,14.138
10/17/2013 18:00,15.49933333
10/18/2013 0:00,14.1855
10/18/2013 6:00,14.34216667
10/18/2013 12:00,14.5635
10/18/2013 18:00,15.74883333
10/19/2013 0:00,12.5195
10/19/2013 6:00,10.62733333
10/19/2013 12:00,8.310333333
10/19/2013 18:00,4.374
10/20/2013 0:00,2.192666667
10/20/2013 6:00,4.9075
10/20/2013 12:00,6.469333333
10/20/2013 18:00,12.34533333
10/21/2013 0:00,13.715
10/21/2013 6:00,9.4845
10/21/2013 12:00,3.8205
10/21/2013 18:00,9.478833333
10/22/2013 0:00,11.08833333
10/22/2013 6:00,9.7335
10/22/2013 12:00,7.262666667
10/22/2013 18:00,7.6285
10/23/2013 0:00,4.813833333
10/23/2013 6:00,4.157166667
10/23/2013 12:00,5.356333333
10/23/2013 18:00,4.896166667
10/24/2013 0:00,4.9145
10/24/2013 6:00,7.335
10/24/2013 12:00,8.275666667
10/24/2013 18:00,10.23983333
10/25/2013 0:00,11.619
10/25/2013 6:00,11.40766667
10/25/2013 12:00,10.79283333
10/25/2013 18:00,11.73033333
10/26/2013 0:00,11.31116667
10/26/2013 6:00,8.984166667
10/26/2013 12:00,7.015333333
10/26/2013 18:00,5.633
10/27/2013 0:00,3.994833333
10/27/2013 6:00,4.626166667
10/27/2013 12:00,5.208
10/27/2013 18:00,7.5325
10/28/2013 0:00,10.1125
10/28/2013 6:00,9.196166667
10/28/2013 12:00,7.8055
10/28/2013 18:00,11.939
10/29/2013 0:00,12.01466667
10/29/2013 6:00,11.56316667
10/29/2013 12:00,8.646333333
10/29/2013 18:00,12.42433333
10/30/2013 0:00,9.7085
10/30/2013 6:00,6.910333333
10/30/2013 12:00,4.938666667
10/30/2013 18:00,5.816833333
10/31/2013 0:00,4.8775
10/31/2013 6:00,2.763333333
10/31/2013 12:00,3.212833333
10/31/2013 18:00,6.389
11/1/2013 0:00,10.50766667
11/1/2013 6:00,6.651833333
11/1/2013 12:00,5.331666667
11/1/2013 18:00,7.3495
11/2/2013 0:00,7.159666667
11/2/2013 6:00,6.334166667
11/2/2013 12:00,4.488333333
11/2/2013 18:00,5.838333333
11/3/2013 0:00,3.942333333
11/3/2013 6:00,1.989666667
11/3/2013 12:00,3.0385
11/3/2013 18:00,5.667833333
11/4/2013 0:00,3.533666667
11/4/2013 6:00,2.1275
11/4/2013 12:00,1.579333333
11/4/2013 18:00,3.735666667
11/5/2013 0:00,5.4955
11/5/2013 6:00,5.094333333
11/5/2013 12:00,2.538333333
11/5/2013 18:00,7.429166667
11/6/2013 0:00,10.17383333
11/6/2013 6:00,11.14366667
11/6/2013 12:00,11.8225
11/6/2013 18:00,11.33666667
11/7/2013 0:00,8.355
11/7/2013 6:00,2.574833333
11/7/2013 12:00,5.2825
11/7/2013 18:00,12.53483333
11/8/2013 0:00,14.37183333
11/8/2013 6:00,9.798166667
11/8/2013 12:00,4.313333333
11/8/2013 18:00,7.111833333
11/9/2013 0:00,8.942166667
11/9/2013 6:00,8.857666667
11/9/2013 12:00,8.613833333
11/9/2013 18:00,10.46383333
11/10/2013 0:00,10.00133333
11/10/2013 6:00,8.422
11/10/2013 12:00,6.055333333
11/10/2013 18:00,6.553666667
11/11/2013 0:00,9.960333333
11/11/2013 6:00,10.8845
11/11/2013 12:00,10.67716667
11/11/2013 18:00,10.194
11/12/2013 0:00,10.01516667
11/12/2013 6:00,10.82366667
11/12/2013 12:00,9.626
11/12/2013 18:00,7.845833333
11/13/2013 0:00,7.196666667
11/13/2013 6:00,8.088833333
11/13/2013 12:00,5.008166667
11/13/2013 18:00,6.370833333
11/14/2013 0:00,3.0015
11/14/2013 6:00,3.371666667
11/14/2013 12:00,5.146833333
11/14/2013 18:00,11.06783333
11/15/2013 0:00,7.748666667
11/15/2013 6:00,7.576833333
11/15/2013 12:00,5.889666667
11/15/2013 18:00,7.755833333
11/16/2013 0:00,5.723333333
11/16/2013 6:00,6.4735
11/16/2013 12:00,8.494666667
11/16/2013 18:00,14.93433333
11/17/2013 0:00,14.46566667
11/17/2013 6:00,13.29166667
11/17/2013 12:00,11.02666667
11/17/2013 18:00,13.58016667
11/18/2013 0:00,14.12483333
11/18/2013 6:00,11.15916667
11/18/2013 12:00,8.415666667
11/18/2013 18:00,14.87283333
11/19/2013 0:00,13.68966667
11/19/2013 6:00,7.568333333
11/19/2013 12:00,4.1825
11/19/2013 18:00,8.112833333
11/20/2013 0:00,5.271333333
11/20/2013 6:00,3.2365
11/20/2013 12:00,6.367666667
11/20/2013 18:00,13.428
11/21/2013 0:00,13.15116667
11/21/2013 6:00,10.66333333
11/21/2013 12:00,10.8595
11/21/2013 18:00,14.821
11/22/2013 0:00,10.67983333
11/22/2013 6:00,10.37316667
11/22/2013 12:00,11.59166667
11/22/2013 18:00,13.49833333
11/23/2013 0:00,13.371
11/23/2013 6:00,11.1495
11/23/2013 12:00,8.186166667
11/23/2013 18:00,6.883333333
11/24/2013 0:00,3.857333333
11/24/2013 6:00,7.917833333
11/24/2013 12:00,8.049833333
11/24/2013 18:00,10.1815
11/25/2013 0:00,10.79933333
11/25/2013 6:00,6.1345
11/25/2013 12:00,4.8745
11/25/2013 18:00,7.102166667
11/26/2013 0:00,6.004666667
11/26/2013 6:00,4.776166667
11/26/2013 12:00,3.859
11/26/2013 18:00,6.939833333
11/27/2013 0:00,10.422
11/27/2013 6:00,10.23383333
11/27/2013 12:00,5.725333333
11/27/2013 18:00,7.613166667
11/28/2013 0:00,2.313333333
11/28/2013 6:00,5.544
11/28/2013 12:00,7.846833333
11/28/2013 18:00,12.01016667
11/29/2013 0:00,4.1145
11/29/2013 6:00,7.415166667
11/29/2013 12:00,6.712666667
11/29/2013 18:00,9.2995
11/30/2013 0:00,9.353666667
11/30/2013 6:00,6.688666667
11/30/2013 12:00,5.233333333
11/30/2013 18:00,12.64633333
12/1/2013 0:00,13.05
12/1/2013 6:00,10.645
12/1/2013 12:00,5.527166667
12/1/2013 18:00,6.292333333
12/2/2013 0:00,3.369
12/2/2013 6:00,6.959666667
12/2/2013 12:00,10.38483333
12/2/2013 18:00,15.69883333
12/3/2013 0:00,14.347
12/3/2013 6:00,9.604
12/3/2013 12:00,10.49233333
12/3/2013 18:00,12.211
12/4/2013 0:00,11.1455
12/4/2013 6:00,8.615
12/4/2013 12:00,4.917833333
12/4/2013 18:00,7.0305
12/5/2013 0:00,8.770833333
12/5/2013 6:00,12.59083333
12/5/2013 12:00,13.08066667
12/5/2013 18:00,15.67983333
12/6/2013 0:00,10.59183333
12/6/2013 6:00,7.968333333
12/6/2013 12:00,6.465333333
12/6/2013 18:00,7.993833333
12/7/2013 0:00,4.633333333
12/7/2013 6:00,3.426166667
12/7/2013 12:00,4.580166667
12/7/2013 18:00,2.9155
12/8/2013 0:00,3.940333333
12/8/2013 6:00,6.896166667
12/8/2013 12:00,7.979
12/8/2013 18:00,9.8635
12/9/2013 0:00,10.184
12/9/2013 6:00,7.016666667
12/9/2013 12:00,12.324
12/9/2013 18:00,12.37333333
12/10/2013 0:00,8.634166667
12/10/2013 6:00,4.692333333
12/10/2013 12:00,4.6005
12/10/2013 18:00,9.460666667
12/11/2013 0:00,9.281666667
12/11/2013 6:00,7.185
12/11/2013 12:00,3.987
12/11/2013 18:00,5.758166667
12/12/2013 0:00,12.93466667
12/12/2013 6:00,13.6125
12/12/2013 12:00,11.23016667
12/12/2013 18:00,15.555
12/13/2013 0:00,11.307
12/13/2013 6:00,6.004666667
12/13/2013 12:00,3.059
12/13/2013 18:00,5.009166667
12/14/2013 0:00,8.164666667
12/14/2013 6:00,9.847666667
12/14/2013 12:00,8.976666667
12/14/2013 18:00,12.90883333
12/15/2013 0:00,7.909333333
12/15/2013 6:00,3.1745
12/15/2013 12:00,6.411
12/15/2013 18:00,7.953
12/16/2013 0:00,7.773833333
12/16/2013 6:00,5.344333333
12/16/2013 12:00,3.474666667
12/16/2013 18:00,4.311666667
12/17/2013 0:00,2.247166667
12/17/2013 6:00,1.708166667
12/17/2013 12:00,2.012833333
12/17/2013 18:00,6.874833333
12/18/2013 0:00,7.480833333
12/18/2013 6:00,3.551166667
12/18/2013 12:00,3.346833333
12/18/2013 18:00,8.0615
12/19/2013 0:00,5.417166667
12/19/2013 6:00,4.061
12/19/2013 12:00,4.342833333
12/19/2013 18:00,7.251833333
12/20/2013 0:00,8.618
12/20/2013 6:00,10.19083333
12/20/2013 12:00,9.635166667
12/20/2013 18:00,9.4675
12/21/2013 0:00,6.942666667
12/21/2013 6:00,3.805333333
12/21/2013 12:00,2.862333333
12/21/2013 18:00,11.076
12/22/2013 0:00,12.32983333
12/22/2013 6:00,5.997
12/22/2013 12:00,4.926666667
12/22/2013 18:00,9.074833333
12/23/2013 0:00,7.8845
12/23/2013 6:00,6.194833333
12/23/2013 12:00,3.857333333
12/23/2013 18:00,5.5575
12/24/2013 0:00,5.5395
12/24/2013 6:00,7.1985
12/24/2013 12:00,5.710666667
12/24/2013 18:00,7.812833333
12/25/2013 0:00,6.451833333
12/25/2013 6:00,5.950166667
12/25/2013 12:00,3.692166667
12/25/2013 18:00,3.426833333
12/26/2013 0:00,2.773166667
12/26/2013 6:00,2.654666667
12/26/2013 12:00,3.239
12/26/2013 18:00,7.128166667
12/27/2013 0:00,6.534666667
12/27/2013 6:00,6.334166667
12/27/2013 12:00,5.738166667
12/27/2013 18:00,5.772
12/28/2013 0:00,4.881666667
12/28/2013 6:00,5.566166667
12/28/2013 12:00,4.063
12/28/2013 18:00,6.873166667
12/29/2013 0:00,6.661333333
12/29/2013 6:00,6.532
12/29/2013 12:00,4.620666667
12/29/2013 18:00,6.843166667
12/30/2013 0:00,5.815833333
12/30/2013 6:00,10.79316667
12/30/2013 12:00,6.596333333
12/30/2013 18:00,10.52216667
12/31/2013 0:00,9.3345
12/31/2013 6:00,8.074
12/31/2013 12:00,3.505666667
12/31/2013 18:00,13.32283333
