1/1/2013 0:00,10.06483333
1/1/2013 6:00,5.443333333
1/1/2013 12:00,5.270666667
1/1/2013 18:00,9.101
1/2/2013 0:00,10.64016667
1/2/2013 6:00,9.404666667
1/2/2013 12:00,10.089
1/2/2013 18:00,9.913833333
1/3/2013 0:00,8.173666667
1/3/2013 6:00,7.2165
1/3/2013 12:00,9.741333333
1/3/2013 18:00,10.75433333
1/4/2013 0:00,9.071166667
1/4/2013 6:00,6.749166667
1/4/2013 12:00,5.677833333
1/4/2013 18:00,6.896833333
1/5/2013 0:00,7.154
1/5/2013 6:00,5.851333333
1/5/2013 12:00,6.497833333
1/5/2013 18:00,7.887666667
1/6/2013 0:00,3.741333333
1/6/2013 6:00,4.775166667
1/6/2013 12:00,5.815
1/6/2013 18:00,10.80816667
1/7/2013 0:00,8.240333333
1/7/2013 6:00,5.775833333
1/7/2013 12:00,8.0575
1/7/2013 18:00,11.52533333
1/8/2013 0:00,11.95516667
1/8/2013 6:00,8.176833333
1/8/2013 12:00,5.608833333
1/8/2013 18:00,7.247666667
1/9/2013 0:00,6.7065
1/9/2013 6:00,2.881833333
1/9/2013 12:00,4.8555
1/9/2013 18:00,8.055666667
1/10/2013 0:00,6.945
1/10/2013 6:00,7.044833333
1/10/2013 12:00,8.769
1/10/2013 18:00,9.7875
1/11/2013 0:00,7.498666667
1/11/2013 6:00,4.3455
1/11/2013 12:00,3.928166667
1/11/2013 18:00,7.940666667
1/12/2013 0:00,12.07066667
1/12/2013 6:00,17.86183333
1/12/2013 12:00,15.08583333
1/12/2013 18:00,6.379
1/13/2013 0:00,1.986333333
1/13/2013 6:00,9.545666667
1/13/2013 12:00,14.84166667
1/13/2013 18:00,14.4545
1/14/2013 0:00,11.94983333
1/14/2013 6:00,10.973
1/14/2013 12:00,8.459166667
1/14/2013 18:00,8.7175
1/15/2013 0:00,9.218666667
1/15/2013 6:00,8.097666667
1/15/2013 12:00,8.914
1/15/2013 18:00,9.417166667
1/16/2013 0:00,6.937166667
1/16/2013 6:00,3.3525
1/16/2013 12:00,5.563166667
1/16/2013 18:00,8.573333333
1/17/2013 0:00,10.10833333
1/17/2013 6:00,9.1575
1/17/2013 12:00,7.118
1/17/2013 18:00,12.64566667
1/18/2013 0:00,13.797
1/18/2013 6:00,12.35483333
1/18/2013 12:00,12.242
1/18/2013 18:00,9.7675
1/19/2013 0:00,5.433166667
1/19/2013 6:00,4.096666667
1/19/2013 12:00,2.176
1/19/2013 18:00,8.479833333
1/20/2013 0:00,4.724666667
1/20/2013 6:00,9.8065
1/20/2013 12:00,8.670333333
1/20/2013 18:00,7.186666667
1/21/2013 0:00,3.459333333
1/21/2013 6:00,3.278666667
1/21/2013 12:00,6.843833333
1/21/2013 18:00,10.268
1/22/2013 0:00,9.285333333
1/22/2013 6:00,6.5815
1/22/2013 12:00,4.141
1/22/2013 18:00,2.055333333
1/23/2013 0:00,2.403333333
1/23/2013 6:00,6.751166667
1/23/2013 12:00,8.397166667
1/23/2013 18:00,11.85133333
1/24/2013 0:00,13.10516667
1/24/2013 6:00,8.765
1/24/2013 12:00,6.423166667
1/24/2013 18:00,12.50783333
1/25/2013 0:00,9.626
1/25/2013 6:00,9.137833333
1/25/2013 12:00,7.5565
1/25/2013 18:00,6.7475
1/26/2013 0:00,7.084333333
1/26/2013 6:00,3.3855
1/26/2013 12:00,1.450666667
1/26/2013 18:00,4.160833333
1/27/2013 0:00,7.516666667
1/27/2013 6:00,7.802333333
1/27/2013 12:00,8.305166667
1/27/2013 18:00,11.39816667
1/28/2013 0:00,11.424
1/28/2013 6:00,7.245666667
1/28/2013 12:00,4.806166667
1/28/2013 18:00,12.45866667
1/29/2013 0:00,11.97616667
1/29/2013 6:00,9.936333333
1/29/2013 12:00,9.584166667
1/29/2013 18:00,12.0295
1/30/2013 0:00,11.725
1/30/2013 6:00,9.138333333
1/30/2013 12:00,9.015166667
1/30/2013 18:00,4.523
1/31/2013 0:00,2.787833333
1/31/2013 6:00,4.748166667
1/31/2013 12:00,2.039833333
1/31/2013 18:00,3.257333333
2/1/2013 0:00,6.5055
2/1/2013 6:00,10.42966667
2/1/2013 12:00,8.803
2/1/2013 18:00,11.2965
2/2/2013 0:00,8.215666667
2/2/2013 6:00,6.949666667
2/2/2013 12:00,6.913166667
2/2/2013 18:00,6.6175
2/3/2013 0:00,7.422
2/3/2013 6:00,5.864
2/3/2013 12:00,6.725666667
2/3/2013 18:00,6.150166667
2/4/2013 0:00,7.380666667
2/4/2013 6:00,6.481166667
2/4/2013 12:00,6.386833333
2/4/2013 18:00,7.245666667
2/5/2013 0:00,6.428833333
2/5/2013 6:00,3.975
2/5/2013 12:00,2.5985
2/5/2013 18:00,5.533
2/6/2013 0:00,8.217666667
2/6/2013 6:00,8.640833333
2/6/2013 12:00,9.484666667
2/6/2013 18:00,12.10316667
2/7/2013 0:00,9.5895
2/7/2013 6:00,6.5035
2/7/2013 12:00,7.362166667
2/7/2013 18:00,9.396
2/8/2013 0:00,6.028166667
2/8/2013 6:00,3.089
2/8/2013 12:00,3.438166667
2/8/2013 18:00,5.4725
2/9/2013 0:00,5.516166667
2/9/2013 6:00,5.665166667
2/9/2013 12:00,5.198833333
2/9/2013 18:00,8.509
2/10/2013 0:00,8.139
2/10/2013 6:00,4.689166667
2/10/2013 12:00,7.8085
2/10/2013 18:00,7.578
2/11/2013 0:00,5.225833333
2/11/2013 6:00,2.781333333
2/11/2013 12:00,6.222833333
2/11/2013 18:00,10.351
2/12/2013 0:00,12.76183333
2/12/2013 6:00,11.187
2/12/2013 12:00,10.913
2/12/2013 18:00,8.6185
2/13/2013 0:00,7.1465
2/13/2013 6:00,10.43016667
2/13/2013 12:00,9.287333333
2/13/2013 18:00,7.459666667
2/14/2013 0:00,7.020666667
2/14/2013 6:00,5.1705
2/14/2013 12:00,3.549333333
2/14/2013 18:00,6.0505
2/15/2013 0:00,3.068666667
2/15/2013 6:00,1.000166667
2/15/2013 12:00,1.965333333
2/15/2013 18:00,1.8805
2/16/2013 0:00,4.697333333
2/16/2013 6:00,3.766333333
2/16/2013 12:00,2.012666667
2/16/2013 18:00,4.8225
2/17/2013 0:00,7.517166667
2/17/2013 6:00,7.401666667
2/17/2013 12:00,7.1205
2/17/2013 18:00,10.4385
2/18/2013 0:00,10.424
2/18/2013 6:00,9.402333333
2/18/2013 12:00,8.002
2/18/2013 18:00,4.766
2/19/2013 0:00,7
2/19/2013 6:00,6.221333333
2/19/2013 12:00,4.048833333
2/19/2013 18:00,6.8175
2/20/2013 0:00,7.551666667
2/20/2013 6:00,6.260333333
2/20/2013 12:00,8.552666667
2/20/2013 18:00,9.2865
2/21/2013 0:00,4.402333333
2/21/2013 6:00,2.507166667
2/21/2013 12:00,7.348
2/21/2013 18:00,8.2325
2/22/2013 0:00,7.550666667
2/22/2013 6:00,5.842166667
2/22/2013 12:00,8.229666667
2/22/2013 18:00,10.983
2/23/2013 0:00,9.4465
2/23/2013 6:00,7.508166667
2/23/2013 12:00,10.35383333
2/23/2013 18:00,8.849166667
2/24/2013 0:00,2.580166667
2/24/2013 6:00,3.3565
2/24/2013 12:00,7.3415
2/24/2013 18:00,4.7015
2/25/2013 0:00,10.2135
2/25/2013 6:00,14.14866667
2/25/2013 12:00,16.90133333
2/25/2013 18:00,13.677
2/26/2013 0:00,13.70683333
2/26/2013 6:00,11.435
2/26/2013 12:00,9.516833333
2/26/2013 18:00,6.517333333
2/27/2013 0:00,2.295
2/27/2013 6:00,3.7055
2/27/2013 12:00,9.733833333
2/27/2013 18:00,12.252
2/28/2013 0:00,11.21816667
2/28/2013 6:00,9.736833333
2/28/2013 12:00,8.251166667
2/28/2013 18:00,6.095166667
3/1/2013 0:00,13.17783333
3/1/2013 6:00,14.36066667
3/1/2013 12:00,14.80133333
3/1/2013 18:00,10.554
3/2/2013 0:00,8.880166667
3/2/2013 6:00,4.961333333
3/2/2013 12:00,4.1515
3/2/2013 18:00,7.0915
3/3/2013 0:00,8.885
3/3/2013 6:00,7.841833333
3/3/2013 12:00,8.146333333
3/3/2013 18:00,11.57883333
3/4/2013 0:00,8.955666667
3/4/2013 6:00,5.165833333
3/4/2013 12:00,4.9405
3/4/2013 18:00,7.018833333
3/5/2013 0:00,8.679833333
3/5/2013 6:00,9.669833333
3/5/2013 12:00,8.721333333
3/5/2013 18:00,7.8805
3/6/2013 0:00,8.541
3/6/2013 6:00,7.334
3/6/2013 12:00,4.838166667
3/6/2013 18:00,5.0045
3/7/2013 0:00,8.959833333
3/7/2013 6:00,10.17083333
3/7/2013 12:00,10.10066667
3/7/2013 18:00,10.70133333
3/8/2013 0:00,12.401
3/8/2013 6:00,15.19316667
3/8/2013 12:00,14.25166667
3/8/2013 18:00,15.8335
3/9/2013 0:00,11.43366667
3/9/2013 6:00,8.972833333
3/9/2013 12:00,6.061
3/9/2013 18:00,3.097833333
3/10/2013 0:00,4.726166667
3/10/2013 6:00,6.7165
3/10/2013 12:00,6.133166667
3/10/2013 18:00,4.962333333
3/11/2013 0:00,7.605833333
3/11/2013 6:00,10.1735
3/11/2013 12:00,10.09916667
3/11/2013 18:00,10.8225
3/12/2013 0:00,10.32283333
3/12/2013 6:00,6.628166667
3/12/2013 12:00,4.098166667
3/12/2013 18:00,6.403666667
3/13/2013 0:00,7.823
3/13/2013 6:00,7.977166667
3/13/2013 12:00,8.787333333
3/13/2013 18:00,8.674333333
3/14/2013 0:00,4.725333333
3/14/2013 6:00,3.911666667
3/14/2013 12:00,7.270166667
3/14/2013 18:00,6.091333333
3/15/2013 0:00,4.788166667
3/15/2013 6:00,3.2945
3/15/2013 12:00,4.792833333
3/15/2013 18:00,4.564
3/16/2013 0:00,2.572333333
3/16/2013 6:00,2.675
3/16/2013 12:00,2.666
3/16/2013 18:00,3.948
3/17/2013 0:00,4.802666667
3/17/2013 6:00,2.661
3/17/2013 12:00,3.028
3/17/2013 18:00,5.925166667
3/18/2013 0:00,7.443833333
3/18/2013 6:00,7.512166667
3/18/2013 12:00,6.8995
3/18/2013 18:00,9.979166667
3/19/2013 0:00,8.606666667
3/19/2013 6:00,3.980166667
3/19/2013 12:00,5.7225
3/19/2013 18:00,5.206333333
3/20/2013 0:00,1.640833333
3/20/2013 6:00,2.392166667
3/20/2013 12:00,5.2185
3/20/2013 18:00,9.430666667
3/21/2013 0:00,7.787
3/21/2013 6:00,5.752666667
3/21/2013 12:00,6.188666667
3/21/2013 18:00,8.728666667
3/22/2013 0:00,7.684666667
3/22/2013 6:00,6.913
3/22/2013 12:00,6.6145
3/22/2013 18:00,8.964333333
3/23/2013 0:00,6.287666667
3/23/2013 6:00,1.783333333
3/23/2013 12:00,6.895833333
3/23/2013 18:00,8.682166667
3/24/2013 0:00,7.960166667
3/24/2013 6:00,6.240833333
3/24/2013 12:00,4.8905
3/24/2013 18:00,4.072666667
3/25/2013 0:00,3.666833333
3/25/2013 6:00,4.762166667
3/25/2013 12:00,5.080333333
3/25/2013 18:00,2.473166667
3/26/2013 0:00,3.736
3/26/2013 6:00,11.69066667
3/26/2013 12:00,13.9415
3/26/2013 18:00,14.40783333
3/27/2013 0:00,11.444
3/27/2013 6:00,10.45916667
3/27/2013 12:00,9.0865
3/27/2013 18:00,7.226666667
3/28/2013 0:00,2.391833333
3/28/2013 6:00,5.916
3/28/2013 12:00,7.488166667
3/28/2013 18:00,6.8745
3/29/2013 0:00,6.7715
3/29/2013 6:00,6.584833333
3/29/2013 12:00,5.372333333
3/29/2013 18:00,5.91
3/30/2013 0:00,9.744166667
3/30/2013 6:00,9.032
3/30/2013 12:00,6.264833333
3/30/2013 18:00,3.4045
3/31/2013 0:00,2.6415
3/31/2013 6:00,2.102666667
3/31/2013 12:00,6.157166667
3/31/2013 18:00,2.6965
4/1/2013 0:00,2.459833333
4/1/2013 6:00,2.481
4/1/2013 12:00,5.305666667
4/1/2013 18:00,6.828
4/2/2013 0:00,4.501833333
4/2/2013 6:00,8.374666667
4/2/2013 12:00,4.953666667
4/2/2013 18:00,10.66416667
4/3/2013 0:00,8.1645
4/3/2013 6:00,8.157333333
4/3/2013 12:00,8.9615
4/3/2013 18:00,7.481
4/4/2013 0:00,6.601666667
4/4/2013 6:00,5.540666667
4/4/2013 12:00,9.9505
4/4/2013 18:00,8.928166667
4/5/2013 0:00,10.056
4/5/2013 6:00,8.504166667
4/5/2013 12:00,7.88
4/5/2013 18:00,8.381833333
4/6/2013 0:00,7.142
4/6/2013 6:00,6.163833333
4/6/2013 12:00,6.781833333
4/6/2013 18:00,9.721333333
4/7/2013 0:00,8.095166667
4/7/2013 6:00,5.792333333
4/7/2013 12:00,5.414833333
4/7/2013 18:00,5.139333333
4/8/2013 0:00,5.054
4/8/2013 6:00,5.0075
4/8/2013 12:00,7.287833333
4/8/2013 18:00,3.9525
4/9/2013 0:00,10.62583333
4/9/2013 6:00,11.03033333
4/9/2013 12:00,13.188
4/9/2013 18:00,9.8275
4/10/2013 0:00,10.6305
4/10/2013 6:00,9.104
4/10/2013 12:00,8.628
4/10/2013 18:00,5.736833333
4/11/2013 0:00,4.188166667
4/11/2013 6:00,4.439333333
4/11/2013 12:00,6.656333333
4/11/2013 18:00,3.448
4/12/2013 0:00,5.731333333
4/12/2013 6:00,5.4405
4/12/2013 12:00,3.845666667
4/12/2013 18:00,5.332
4/13/2013 0:00,6.182
4/13/2013 6:00,4.471666667
4/13/2013 12:00,6.317833333
4/13/2013 18:00,8.564666667
4/14/2013 0:00,8.165333333
4/14/2013 6:00,4.969333333
4/14/2013 12:00,5.996833333
4/14/2013 18:00,8.169333333
4/15/2013 0:00,9.009
4/15/2013 6:00,6.2375
4/15/2013 12:00,6.035
4/15/2013 18:00,7.136166667
4/16/2013 0:00,5.982166667
4/16/2013 6:00,3.445833333
4/16/2013 12:00,7.421166667
4/16/2013 18:00,9.054333333
4/17/2013 0:00,7.906166667
4/17/2013 6:00,6.365666667
4/17/2013 12:00,7.002166667
4/17/2013 18:00,10.825
4/18/2013 0:00,9.434
4/18/2013 6:00,5.6815
4/18/2013 12:00,6.554833333
4/18/2013 18:00,4.630666667
4/19/2013 0:00,4.254833333
4/19/2013 6:00,2.782666667
4/19/2013 12:00,4.9155
4/19/2013 18:00,7.816
4/20/2013 0:00,8.588833333
4/20/2013 6:00,6.3015
4/20/2013 12:00,9.622333333
4/20/2013 18:00,8.164
4/21/2013 0:00,5.812333333
4/21/2013 6:00,5.282666667
4/21/2013 12:00,10.02733333
4/21/2013 18:00,7.884333333
4/22/2013 0:00,6.24
4/22/2013 6:00,5.502333333
4/22/2013 12:00,8.824333333
4/22/2013 18:00,13.12966667
4/23/2013 0:00,13.99416667
4/23/2013 6:00,10.414
4/23/2013 12:00,9.673833333
4/23/2013 18:00,9.955166667
4/24/2013 0:00,9.336
4/24/2013 6:00,10.59516667
4/24/2013 12:00,11.28566667
4/24/2013 18:00,10.74816667
4/25/2013 0:00,9.596166667
4/25/2013 6:00,5.979666667
4/25/2013 12:00,8.058833333
4/25/2013 18:00,7.759833333
4/26/2013 0:00,5.164833333
4/26/2013 6:00,2.362833333
4/26/2013 12:00,6.798166667
4/26/2013 18:00,6.253833333
4/27/2013 0:00,7.253666667
4/27/2013 6:00,11.45583333
4/27/2013 12:00,12.7035
4/27/2013 18:00,12.33566667
4/28/2013 0:00,10.58666667
4/28/2013 6:00,8.2615
4/28/2013 12:00,8.480833333
4/28/2013 18:00,6.955666667
4/29/2013 0:00,4.5895
4/29/2013 6:00,5.733833333
4/29/2013 12:00,9.940333333
4/29/2013 18:00,10.214
4/30/2013 0:00,5.388
4/30/2013 6:00,1.5205
4/30/2013 12:00,3.569166667
4/30/2013 18:00,7.362166667
5/1/2013 0:00,6.6295
5/1/2013 6:00,7.357166667
5/1/2013 12:00,8.693166667
5/1/2013 18:00,7.789833333
5/2/2013 0:00,5.702833333
5/2/2013 6:00,4.740666667
5/2/2013 12:00,5.216166667
5/2/2013 18:00,4.595
5/3/2013 0:00,2.471
5/3/2013 6:00,2.899833333
5/3/2013 12:00,1.434333333
5/3/2013 18:00,2.845
5/4/2013 0:00,5.522666667
5/4/2013 6:00,6.140333333
5/4/2013 12:00,5.794
5/4/2013 18:00,3.999
5/5/2013 0:00,2.1135
5/5/2013 6:00,0.983166667
5/5/2013 12:00,4.205833333
5/5/2013 18:00,3.928166667
5/6/2013 0:00,2.228333333
5/6/2013 6:00,1.957333333
5/6/2013 12:00,4.2455
5/6/2013 18:00,5.085333333
5/7/2013 0:00,4.703666667
5/7/2013 6:00,1.767833333
5/7/2013 12:00,7.024333333
5/7/2013 18:00,7.411833333
5/8/2013 0:00,5.870666667
5/8/2013 6:00,7.097
5/8/2013 12:00,12.32533333
5/8/2013 18:00,10.61166667
5/9/2013 0:00,9.193166667
5/9/2013 6:00,6.581333333
5/9/2013 12:00,6.488333333
5/9/2013 18:00,6.145333333
5/10/2013 0:00,4.891166667
5/10/2013 6:00,6.624
5/10/2013 12:00,8.930666667
5/10/2013 18:00,11.44383333
5/11/2013 0:00,11.16266667
5/11/2013 6:00,8.656
5/11/2013 12:00,8.044166667
5/11/2013 18:00,6.442666667
5/12/2013 0:00,7.159
5/12/2013 6:00,6.3845
5/12/2013 12:00,8.4085
5/12/2013 18:00,8.551333333
5/13/2013 0:00,6.191666667
5/13/2013 6:00,2.135833333
5/13/2013 12:00,3.000166667
5/13/2013 18:00,7.001166667
5/14/2013 0:00,4.004
5/14/2013 6:00,2.842833333
5/14/2013 12:00,4.991833333
5/14/2013 18:00,8.178833333
5/15/2013 0:00,7.318333333
5/15/2013 6:00,6.392666667
5/15/2013 12:00,8.816333333
5/15/2013 18:00,6.0215
5/16/2013 0:00,6.056666667
5/16/2013 6:00,3.486166667
5/16/2013 12:00,4.628333333
5/16/2013 18:00,6.269666667
5/17/2013 0:00,9.1475
5/17/2013 6:00,7.852833333
5/17/2013 12:00,5.927166667
5/17/2013 18:00,3.586
5/18/2013 0:00,2.666833333
5/18/2013 6:00,2.665833333
5/18/2013 12:00,5.909833333
5/18/2013 18:00,5.9875
5/19/2013 0:00,1.890666667
5/19/2013 6:00,1.502
5/19/2013 12:00,4.283666667
5/19/2013 18:00,3.312666667
5/20/2013 0:00,1.978666667
5/20/2013 6:00,1.6835
5/20/2013 12:00,6.659666667
5/20/2013 18:00,4.836166667
5/21/2013 0:00,2.732
5/21/2013 6:00,5.473
5/21/2013 12:00,6.2725
5/21/2013 18:00,3.289
5/22/2013 0:00,3.2085
5/22/2013 6:00,3.893
5/22/2013 12:00,9.355666667
5/22/2013 18:00,5.503833333
5/23/2013 0:00,2.885333333
5/23/2013 6:00,1.756833333
5/23/2013 12:00,5.006
5/23/2013 18:00,5.8185
5/24/2013 0:00,3.401833333
5/24/2013 6:00,2.6175
5/24/2013 12:00,7.432666667
5/24/2013 18:00,6.137666667
5/25/2013 0:00,3.231833333
5/25/2013 6:00,2.490833333
5/25/2013 12:00,5.721
5/25/2013 18:00,7.799
5/26/2013 0:00,7.328833333
5/26/2013 6:00,5.972
5/26/2013 12:00,6.280833333
5/26/2013 18:00,4.601333333
5/27/2013 0:00,6.1615
5/27/2013 6:00,5.8335
5/27/2013 12:00,6.139166667
5/27/2013 18:00,5.248166667
5/28/2013 0:00,3.298833333
5/28/2013 6:00,3.466333333
5/28/2013 12:00,7.016166667
5/28/2013 18:00,5.529333333
5/29/2013 0:00,3.178
5/29/2013 6:00,3.565
5/29/2013 12:00,6.3045
5/29/2013 18:00,4.501
5/30/2013 0:00,5.843666667
5/30/2013 6:00,4.646333333
5/30/2013 12:00,3.6095
5/30/2013 18:00,7.341166667
5/31/2013 0:00,3.395166667
5/31/2013 6:00,4.983666667
5/31/2013 12:00,4.511833333
5/31/2013 18:00,7.405666667
6/1/2013 0:00,6.2615
6/1/2013 6:00,7.8315
6/1/2013 12:00,7.441833333
6/1/2013 18:00,6.855166667
6/2/2013 0:00,9.341166667
6/2/2013 6:00,12.96283333
6/2/2013 12:00,10.65
6/2/2013 18:00,5.747166667
6/3/2013 0:00,6.0835
6/3/2013 6:00,8.7965
6/3/2013 12:00,8.674833333
6/3/2013 18:00,7.991333333
6/4/2013 0:00,7.609333333
6/4/2013 6:00,9.860666667
6/4/2013 12:00,13.94916667
6/4/2013 18:00,9.766
6/5/2013 0:00,8.009166667
6/5/2013 6:00,6.828333333
6/5/2013 12:00,6.2965
6/5/2013 18:00,1.890333333
6/6/2013 0:00,3.816
6/6/2013 6:00,3.193666667
6/6/2013 12:00,5.847166667
6/6/2013 18:00,3.974833333
6/7/2013 0:00,1.4335
6/7/2013 6:00,1.0185
6/7/2013 12:00,5.3295
6/7/2013 18:00,2.943666667
6/8/2013 0:00,1.487333333
6/8/2013 6:00,2.034666667
6/8/2013 12:00,6.446666667
6/8/2013 18:00,8.913333333
6/9/2013 0:00,8.635333333
6/9/2013 6:00,6.5535
6/9/2013 12:00,5.193166667
6/9/2013 18:00,2.814666667
6/10/2013 0:00,4.644666667
6/10/2013 6:00,3.247166667
6/10/2013 12:00,7.341166667
6/10/2013 18:00,5.072666667
6/11/2013 0:00,3.430333333
6/11/2013 6:00,3.607666667
6/11/2013 12:00,7.273
6/11/2013 18:00,8.017833333
6/12/2013 0:00,6.701833333
6/12/2013 6:00,5.770166667
6/12/2013 12:00,9.495166667
6/12/2013 18:00,8.607666667
6/13/2013 0:00,6.1355
6/13/2013 6:00,7.018166667
6/13/2013 12:00,6.419
6/13/2013 18:00,4.1775
6/14/2013 0:00,3.770166667
6/14/2013 6:00,8.5495
6/14/2013 12:00,6.543166667
6/14/2013 18:00,2.417666667
6/15/2013 0:00,5.897333333
6/15/2013 6:00,5.862833333
6/15/2013 12:00,6.514
6/15/2013 18:00,1.483333333
6/16/2013 0:00,3.389
6/16/2013 6:00,6.788833333
6/16/2013 12:00,6.814666667
6/16/2013 18:00,5.409833333
6/17/2013 0:00,3.930833333
6/17/2013 6:00,2.965666667
6/17/2013 12:00,6.399833333
6/17/2013 18:00,5.299
6/18/2013 0:00,2.2585
6/18/2013 6:00,1.857833333
6/18/2013 12:00,6.372333333
6/18/2013 18:00,6.879
6/19/2013 0:00,5.9245
6/19/2013 6:00,3.623666667
6/19/2013 12:00,4.8905
6/19/2013 18:00,8.331
6/20/2013 0:00,8.796333333
6/20/2013 6:00,5.655333333
6/20/2013 12:00,6.867833333
6/20/2013 18:00,6.956833333
6/21/2013 0:00,9.583333333
6/21/2013 6:00,7.0965
6/21/2013 12:00,5.4965
6/21/2013 18:00,7.696166667
6/22/2013 0:00,5.835666667
6/22/2013 6:00,4.8
6/22/2013 12:00,4.390333333
6/22/2013 18:00,6.846166667
6/23/2013 0:00,3.538666667
6/23/2013 6:00,2.907333333
6/23/2013 12:00,4.685666667
6/23/2013 18:00,6.3615
6/24/2013 0:00,7.0695
6/24/2013 6:00,6.142
6/24/2013 12:00,5.329
6/24/2013 18:00,4.878333333
6/25/2013 0:00,7.976
6/25/2013 6:00,5.643833333
6/25/2013 12:00,5.052666667
6/25/2013 18:00,4.001833333
6/26/2013 0:00,4.160166667
6/26/2013 6:00,5.395666667
6/26/2013 12:00,5.833
6/26/2013 18:00,7.609666667
6/27/2013 0:00,10.63966667
6/27/2013 6:00,9.897666667
6/27/2013 12:00,10.93733333
6/27/2013 18:00,8.154166667
6/28/2013 0:00,9.927166667
6/28/2013 6:00,7.044166667
6/28/2013 12:00,7.699666667
6/28/2013 18:00,4.222833333
6/29/2013 0:00,5.098166667
6/29/2013 6:00,3.759
6/29/2013 12:00,7.049666667
6/29/2013 18:00,11.30833333
6/30/2013 0:00,8.390333333
6/30/2013 6:00,7.4475
6/30/2013 12:00,8.192
6/30/2013 18:00,6.344833333
7/1/2013 0:00,6.723166667
7/1/2013 6:00,7.458333333
7/1/2013 12:00,8.872666667
7/1/2013 18:00,4.3815
7/2/2013 0:00,5.526
7/2/2013 6:00,5.529
7/2/2013 12:00,5.731
7/2/2013 18:00,4.958833333
7/3/2013 0:00,5.939833333
7/3/2013 6:00,6.282666667
7/3/2013 12:00,5.1145
7/3/2013 18:00,5.538666667
7/4/2013 0:00,6.574666667
7/4/2013 6:00,4.794666667
7/4/2013 12:00,4.806333333
7/4/2013 18:00,6.509666667
7/5/2013 0:00,4.488833333
7/5/2013 6:00,6.334166667
7/5/2013 12:00,4.621
7/5/2013 18:00,3.574666667
7/6/2013 0:00,4.471
7/6/2013 6:00,2.477333333
7/6/2013 12:00,4.267166667
7/6/2013 18:00,5.915333333
7/7/2013 0:00,7.897166667
7/7/2013 6:00,4.6125
7/7/2013 12:00,9.272666667
7/7/2013 18:00,7.120666667
7/8/2013 0:00,7.0485
7/8/2013 6:00,6.217666667
7/8/2013 12:00,6.950166667
7/8/2013 18:00,6.786333333
7/9/2013 0:00,4.280333333
7/9/2013 6:00,4.466
7/9/2013 12:00,4.052833333
7/9/2013 18:00,3.319666667
7/10/2013 0:00,3.215666667
7/10/2013 6:00,2.650166667
7/10/2013 12:00,3.494333333
7/10/2013 18:00,6.6945
7/11/2013 0:00,5.0465
7/11/2013 6:00,2.448166667
7/11/2013 12:00,5.449666667
7/11/2013 18:00,7.0945
7/12/2013 0:00,4.368
7/12/2013 6:00,2.874
7/12/2013 12:00,5.040166667
7/12/2013 18:00,9.769
7/13/2013 0:00,8.044166667
7/13/2013 6:00,4.189666667
7/13/2013 12:00,5.944166667
7/13/2013 18:00,9.0095
7/14/2013 0:00,6.958666667
7/14/2013 6:00,6.6245
7/14/2013 12:00,4.889
7/14/2013 18:00,6.671
7/15/2013 0:00,7.534166667
7/15/2013 6:00,2.447166667
7/15/2013 12:00,6.8945
7/15/2013 18:00,6.661166667
7/16/2013 0:00,6.4795
7/16/2013 6:00,6.3595
7/16/2013 12:00,3.8275
7/16/2013 18:00,3.1805
7/17/2013 0:00,3.556833333
7/17/2013 6:00,4.384166667
7/17/2013 12:00,8.493166667
7/17/2013 18:00,11.865
7/18/2013 0:00,9.064
7/18/2013 6:00,3.09
7/18/2013 12:00,7.225833333
7/18/2013 18:00,2.847333333
7/19/2013 0:00,5.569333333
7/19/2013 6:00,4.8505
7/19/2013 12:00,5.5365
7/19/2013 18:00,3.871166667
7/20/2013 0:00,4.567166667
7/20/2013 6:00,7.463666667
7/20/2013 12:00,6.658166667
7/20/2013 18:00,3.777166667
7/21/2013 0:00,1.640333333
7/21/2013 6:00,2.879833333
7/21/2013 12:00,5.571166667
7/21/2013 18:00,5.802666667
7/22/2013 0:00,5.279166667
7/22/2013 6:00,4.27
7/22/2013 12:00,5.764166667
7/22/2013 18:00,9.824666667
7/23/2013 0:00,7.653166667
7/23/2013 6:00,5.841166667
7/23/2013 12:00,8.900666667
7/23/2013 18:00,8.3485
7/24/2013 0:00,9.343833333
7/24/2013 6:00,6.637333333
7/24/2013 12:00,9.739333333
7/24/2013 18:00,9.460833333
7/25/2013 0:00,8.400166667
7/25/2013 6:00,6.624
7/25/2013 12:00,6.8075
7/25/2013 18:00,3.5285
7/26/2013 0:00,3.4975
7/26/2013 6:00,4.134833333
7/26/2013 12:00,4.499
7/26/2013 18:00,7.147
7/27/2013 0:00,9.177
7/27/2013 6:00,3.453166667
7/27/2013 12:00,5.811666667
7/27/2013 18:00,2.419666667
7/28/2013 0:00,0.574833333
7/28/2013 6:00,2.366666667
7/28/2013 12:00,6.553166667
7/28/2013 18:00,4.728666667
7/29/2013 0:00,4.916333333
7/29/2013 6:00,3.599166667
7/29/2013 12:00,6.637166667
7/29/2013 18:00,5.280833333
7/30/2013 0:00,2.782833333
7/30/2013 6:00,1.0195
7/30/2013 12:00,4.113
7/30/2013 18:00,7.770666667
7/31/2013 0:00,5.596333333
7/31/2013 6:00,3.876666667
7/31/2013 12:00,9.005833333
7/31/2013 18:00,4.103666667
8/1/2013 0:00,2.365666667
8/1/2013 6:00,3.408833333
8/1/2013 12:00,4.643833333
8/1/2013 18:00,6.1295
8/2/2013 0:00,4.242
8/2/2013 6:00,2.241
8/2/2013 12:00,2.733666667
8/2/2013 18:00,8.067
8/3/2013 0:00,8.635333333
8/3/2013 6:00,5.774833333
8/3/2013 12:00,6.336333333
8/3/2013 18:00,5.7605
8/4/2013 0:00,2.686
8/4/2013 6:00,2.206666667
8/4/2013 12:00,6.501
8/4/2013 18:00,3.646666667
8/5/2013 0:00,5.568166667
8/5/2013 6:00,6.144666667
8/5/2013 12:00,10.93233333
8/5/2013 18:00,8.421166667
8/6/2013 0:00,8.136666667
8/6/2013 6:00,7.284166667
8/6/2013 12:00,6.294
8/6/2013 18:00,5.712166667
8/7/2013 0:00,4.4785
8/7/2013 6:00,1.917833333
8/7/2013 12:00,4.868
8/7/2013 18:00,7.582666667
8/8/2013 0:00,5.156666667
8/8/2013 6:00,2.060166667
8/8/2013 12:00,4.785333333
8/8/2013 18:00,6.299166667
8/9/2013 0:00,4.9505
8/9/2013 6:00,2.121833333
8/9/2013 12:00,5.758333333
8/9/2013 18:00,6.960166667
8/10/2013 0:00,4.712666667
8/10/2013 6:00,4.142833333
8/10/2013 12:00,8.841166667
8/10/2013 18:00,6.562333333
8/11/2013 0:00,4.613833333
8/11/2013 6:00,2.9395
8/11/2013 12:00,4.723166667
8/11/2013 18:00,5.469
8/12/2013 0:00,3.249666667
8/12/2013 6:00,1.517
8/12/2013 12:00,4.181166667
8/12/2013 18:00,7.568333333
8/13/2013 0:00,5.393833333
8/13/2013 6:00,4.856
8/13/2013 12:00,5.2165
8/13/2013 18:00,6.2785
8/14/2013 0:00,5.242333333
8/14/2013 6:00,3.663833333
8/14/2013 12:00,4.194166667
8/14/2013 18:00,6.342333333
8/15/2013 0:00,2.169333333
8/15/2013 6:00,3.334666667
8/15/2013 12:00,6.358
8/15/2013 18:00,4.275666667
8/16/2013 0:00,2.749833333
8/16/2013 6:00,2.294
8/16/2013 12:00,5.644833333
8/16/2013 18:00,3.3795
8/17/2013 0:00,5.946166667
8/17/2013 6:00,4.338166667
8/17/2013 12:00,7.867666667
8/17/2013 18:00,6.813
8/18/2013 0:00,5.023666667
8/18/2013 6:00,5.646833333
8/18/2013 12:00,2.4765
8/18/2013 18:00,2.8575
8/19/2013 0:00,5.603166667
8/19/2013 6:00,3.777666667
8/19/2013 12:00,5.3375
8/19/2013 18:00,4.402666667
8/20/2013 0:00,3.528833333
8/20/2013 6:00,0.982166667
8/20/2013 12:00,4.648
8/20/2013 18:00,6.735
8/21/2013 0:00,6.384833333
8/21/2013 6:00,3.722666667
8/21/2013 12:00,4.765
8/21/2013 18:00,3.926166667
8/22/2013 0:00,2.805166667
8/22/2013 6:00,1.532166667
8/22/2013 12:00,4.200666667
8/22/2013 18:00,7.271166667
8/23/2013 0:00,5.576333333
8/23/2013 6:00,2.196833333
8/23/2013 12:00,1.367
8/23/2013 18:00,4.606666667
8/24/2013 0:00,4.732833333
8/24/2013 6:00,3.465833333
8/24/2013 12:00,6.1245
8/24/2013 18:00,4.7645
8/25/2013 0:00,2.516833333
8/25/2013 6:00,3.075833333
8/25/2013 12:00,8.619
8/25/2013 18:00,5.0905
8/26/2013 0:00,1.231333333
8/26/2013 6:00,1.595166667
8/26/2013 12:00,4.365166667
8/26/2013 18:00,5.869666667
8/27/2013 0:00,4.745666667
8/27/2013 6:00,4.054333333
8/27/2013 12:00,6.935166667
8/27/2013 18:00,8.195333333
8/28/2013 0:00,7.529333333
8/28/2013 6:00,4.518833333
8/28/2013 12:00,7.307166667
8/28/2013 18:00,9.237833333
8/29/2013 0:00,7.440833333
8/29/2013 6:00,5.912
8/29/2013 12:00,5.115166667
8/29/2013 18:00,5.575333333
8/30/2013 0:00,5.466833333
8/30/2013 6:00,5.422666667
8/30/2013 12:00,8.719666667
8/30/2013 18:00,10.5805
8/31/2013 0:00,9.004666667
8/31/2013 6:00,9.239666667
8/31/2013 12:00,10.07816667
8/31/2013 18:00,8.663666667
9/1/2013 0:00,6.454666667
9/1/2013 6:00,7.723
9/1/2013 12:00,7.107333333
9/1/2013 18:00,3.536166667
9/2/2013 0:00,1.8805
9/2/2013 6:00,2.237
9/2/2013 12:00,6.429333333
9/2/2013 18:00,4.113333333
9/3/2013 0:00,2.5265
9/3/2013 6:00,2.654666667
9/3/2013 12:00,5.158166667
9/3/2013 18:00,6.082833333
9/4/2013 0:00,5.036666667
9/4/2013 6:00,4.380666667
9/4/2013 12:00,2.5605
9/4/2013 18:00,7.572833333
9/5/2013 0:00,9.3845
9/5/2013 6:00,10.7875
9/5/2013 12:00,6.448666667
9/5/2013 18:00,6.757666667
9/6/2013 0:00,3.526
9/6/2013 6:00,2.0895
9/6/2013 12:00,4.032
9/6/2013 18:00,7.645
9/7/2013 0:00,6.45
9/7/2013 6:00,1.976333333
9/7/2013 12:00,4.564166667
9/7/2013 18:00,7.0925
9/8/2013 0:00,7.769666667
9/8/2013 6:00,7.654
9/8/2013 12:00,11.58566667
9/8/2013 18:00,10.92383333
9/9/2013 0:00,4.429666667
9/9/2013 6:00,3.998833333
9/9/2013 12:00,1.9055
9/9/2013 18:00,2.403333333
9/10/2013 0:00,6.7385
9/10/2013 6:00,7.725833333
9/10/2013 12:00,9.341666667
9/10/2013 18:00,10.59983333
9/11/2013 0:00,7.959166667
9/11/2013 6:00,4.385333333
9/11/2013 12:00,4.265
9/11/2013 18:00,4.356
9/12/2013 0:00,4.4485
9/12/2013 6:00,1.924833333
9/12/2013 12:00,3.479166667
9/12/2013 18:00,7.4225
9/13/2013 0:00,7.126166667
9/13/2013 6:00,5.088
9/13/2013 12:00,4.802666667
9/13/2013 18:00,7.887166667
9/14/2013 0:00,7.221333333
9/14/2013 6:00,4.451166667
9/14/2013 12:00,5.312833333
9/14/2013 18:00,8.750666667
9/15/2013 0:00,7.309
9/15/2013 6:00,8.356333333
9/15/2013 12:00,7.829
9/15/2013 18:00,7.638333333
9/16/2013 0:00,5.397666667
9/16/2013 6:00,5.367166667
9/16/2013 12:00,6.736666667
9/16/2013 18:00,4.056
9/17/2013 0:00,2.327166667
9/17/2013 6:00,2.027
9/17/2013 12:00,2.278666667
9/17/2013 18:00,6.897333333
9/18/2013 0:00,7.210833333
9/18/2013 6:00,8.026333333
9/18/2013 12:00,13.466
9/18/2013 18:00,15.91966667
9/19/2013 0:00,10.89366667
9/19/2013 6:00,8.338
9/19/2013 12:00,6.3605
9/19/2013 18:00,7.4085
9/20/2013 0:00,7.919666667
9/20/2013 6:00,7.9605
9/20/2013 12:00,5.835166667
9/20/2013 18:00,4.387833333
9/21/2013 0:00,2.0975
9/21/2013 6:00,2.982333333
9/21/2013 12:00,5.089333333
9/21/2013 18:00,4.2875
9/22/2013 0:00,3.665666667
9/22/2013 6:00,2.1185
9/22/2013 12:00,3.916
9/22/2013 18:00,8.114833333
9/23/2013 0:00,6.775166667
9/23/2013 6:00,6.5275
9/23/2013 12:00,5.506166667
9/23/2013 18:00,7.7675
9/24/2013 0:00,6.105666667
9/24/2013 6:00,4.973666667
9/24/2013 12:00,6.3295
9/24/2013 18:00,3.959333333
9/25/2013 0:00,7.632666667
9/25/2013 6:00,8.492833333
9/25/2013 12:00,9.223666667
9/25/2013 18:00,9.6705
9/26/2013 0:00,9.977666667
9/26/2013 6:00,9.749166667
9/26/2013 12:00,10.17216667
9/26/2013 18:00,8.203833333
9/27/2013 0:00,7.263333333
9/27/2013 6:00,6.035
9/27/2013 12:00,3.799
9/27/2013 18:00,3.850333333
9/28/2013 0:00,2.668666667
9/28/2013 6:00,6.673833333
9/28/2013 12:00,9.303333333
9/28/2013 18:00,8.537666667
9/29/2013 0:00,6.724333333
9/29/2013 6:00,5.768
9/29/2013 12:00,3.2695
9/29/2013 18:00,1.947666667
9/30/2013 0:00,1.775666667
9/30/2013 6:00,2.246166667
9/30/2013 12:00,3.323
9/30/2013 18:00,6.665833333
10/1/2013 0:00,8.316666667
10/1/2013 6:00,9.934166667
10/1/2013 12:00,10.74916667
10/1/2013 18:00,9.864
10/2/2013 0:00,6.868666667
10/2/2013 6:00,4.035666667
10/2/2013 12:00,3.312166667
10/2/2013 18:00,1.025
10/3/2013 0:00,2.402833333
10/3/2013 6:00,3.168333333
10/3/2013 12:00,4.751333333
10/3/2013 18:00,3.296166667
10/4/2013 0:00,3.032166667
10/4/2013 6:00,3.305833333
10/4/2013 12:00,1.623333333
10/4/2013 18:00,1.383
10/5/2013 0:00,2.496
10/5/2013 6:00,3.3055
10/5/2013 12:00,3.703
10/5/2013 18:00,7.224166667
10/6/2013 0:00,8.899
10/6/2013 6:00,7.669833333
10/6/2013 12:00,10.873
10/6/2013 18:00,9.4945
10/7/2013 0:00,6.052833333
10/7/2013 6:00,2.634
10/7/2013 12:00,2.843666667
10/7/2013 18:00,3.591833333
10/8/2013 0:00,4.496666667
10/8/2013 6:00,3.3915
10/8/2013 12:00,2.297166667
10/8/2013 18:00,3.662833333
10/9/2013 0:00,7.492166667
10/9/2013 6:00,8.311833333
10/9/2013 12:00,8.729833333
10/9/2013 18:00,8.981166667
10/10/2013 0:00,8.097166667
10/10/2013 6:00,7.460833333
10/10/2013 12:00,5.330666667
10/10/2013 18:00,8.931333333
10/11/2013 0:00,12.23583333
10/11/2013 6:00,10.15883333
10/11/2013 12:00,7.707166667
10/11/2013 18:00,7.241166667
10/12/2013 0:00,8.248833333
10/12/2013 6:00,7.527
10/12/2013 12:00,9.68
10/12/2013 18:00,11.46833333
10/13/2013 0:00,7.782
10/13/2013 6:00,5.4705
10/13/2013 12:00,5.039166667
10/13/2013 18:00,5.532166667
10/14/2013 0:00,6.654166667
10/14/2013 6:00,10.63716667
10/14/2013 12:00,11.93366667
10/14/2013 18:00,11.89166667
10/15/2013 0:00,10.95283333
10/15/2013 6:00,11.32383333
10/15/2013 12:00,10.98433333
10/15/2013 18:00,8.566333333
10/16/2013 0:00,6.9825
10/16/2013 6:00,10.19266667
10/16/2013 12:00,8.29
10/16/2013 18:00,5.167333333
10/17/2013 0:00,6.111833333
10/17/2013 6:00,5.260333333
10/17/2013 12:00,3.135166667
10/17/2013 18:00,2.805666667
10/18/2013 0:00,2.744166667
10/18/2013 6:00,1.275333333
10/18/2013 12:00,6.506666667
10/18/2013 18:00,7.105833333
10/19/2013 0:00,7.587833333
10/19/2013 6:00,8.738833333
10/19/2013 12:00,10.14383333
10/19/2013 18:00,9.3795
10/20/2013 0:00,6.466333333
10/20/2013 6:00,5.931833333
10/20/2013 12:00,7.107166667
10/20/2013 18:00,8.783333333
10/21/2013 0:00,9.388166667
10/21/2013 6:00,7.8235
10/21/2013 12:00,9.222166667
10/21/2013 18:00,10.28066667
10/22/2013 0:00,8.830666667
10/22/2013 6:00,9.337166667
10/22/2013 12:00,8.756833333
10/22/2013 18:00,8.238
10/23/2013 0:00,9.2075
10/23/2013 6:00,6.849666667
10/23/2013 12:00,3.5855
10/23/2013 18:00,4.721833333
10/24/2013 0:00,6.261333333
10/24/2013 6:00,5.459166667
10/24/2013 12:00,2.8295
10/24/2013 18:00,0.827333333
10/25/2013 0:00,0.732333333
10/25/2013 6:00,1.335666667
10/25/2013 12:00,2.781333333
10/25/2013 18:00,3.641
10/26/2013 0:00,4.124666667
10/26/2013 6:00,3.354833333
10/26/2013 12:00,2.504
10/26/2013 18:00,4.701166667
10/27/2013 0:00,2.155333333
10/27/2013 6:00,2.953166667
10/27/2013 12:00,5.365666667
10/27/2013 18:00,6.161166667
10/28/2013 0:00,8.3195
10/28/2013 6:00,11.25983333
10/28/2013 12:00,13.86516667
10/28/2013 18:00,14.99566667
10/29/2013 0:00,17.01083333
10/29/2013 6:00,21.73733333
10/29/2013 12:00,30.36416667
10/29/2013 18:00,21.50283333
10/30/2013 0:00,13.2125
10/30/2013 6:00,10.005
10/30/2013 12:00,7.288666667
10/30/2013 18:00,6.740166667
10/31/2013 0:00,4.779
10/31/2013 6:00,5.305333333
10/31/2013 12:00,5.5055
10/31/2013 18:00,6.524
11/1/2013 0:00,4.823333333
11/1/2013 6:00,4.807166667
11/1/2013 12:00,5.996333333
11/1/2013 18:00,5.731833333
11/2/2013 0:00,6.36
11/2/2013 6:00,6.209
11/2/2013 12:00,6.1215
11/2/2013 18:00,8.3105
11/3/2013 0:00,8.403666667
11/3/2013 6:00,9.246666667
11/3/2013 12:00,9.0405
11/3/2013 18:00,10.27916667
11/4/2013 0:00,9.605333333
11/4/2013 6:00,8.0365
11/4/2013 12:00,6.399166667
11/4/2013 18:00,8.383333333
11/5/2013 0:00,7.111333333
11/5/2013 6:00,6.5075
11/5/2013 12:00,6.925333333
11/5/2013 18:00,9.290166667
11/6/2013 0:00,7.073666667
11/6/2013 6:00,5.231333333
11/6/2013 12:00,3.028
11/6/2013 18:00,6.084333333
11/7/2013 0:00,10.6125
11/7/2013 6:00,17.69216667
11/7/2013 12:00,20.74733333
11/7/2013 18:00,17.6115
11/8/2013 0:00,15.25283333
11/8/2013 6:00,15.80233333
11/8/2013 12:00,14.71066667
11/8/2013 18:00,13.68
11/9/2013 0:00,11.459
11/9/2013 6:00,10.71933333
11/9/2013 12:00,8.387833333
11/9/2013 18:00,9.2485
11/10/2013 0:00,7.553166667
11/10/2013 6:00,7.735
11/10/2013 12:00,3.963666667
11/10/2013 18:00,0.975
11/11/2013 0:00,4.612333333
11/11/2013 6:00,7.611
11/11/2013 12:00,7.584666667
11/11/2013 18:00,9.3535
11/12/2013 0:00,8.319833333
11/12/2013 6:00,6.97
11/12/2013 12:00,7.1505
11/12/2013 18:00,9.7175
11/13/2013 0:00,10.293
11/13/2013 6:00,9.7255
11/13/2013 12:00,5.315166667
11/13/2013 18:00,8.8965
11/14/2013 0:00,8.654166667
11/14/2013 6:00,8.909333333
11/14/2013 12:00,7.006666667
11/14/2013 18:00,9.2355
11/15/2013 0:00,9.854666667
11/15/2013 6:00,9.276333333
11/15/2013 12:00,7.140666667
11/15/2013 18:00,6.605166667
11/16/2013 0:00,5.7415
11/16/2013 6:00,5.179
11/16/2013 12:00,3.383833333
11/16/2013 18:00,4.484
11/17/2013 0:00,7.7795
11/17/2013 6:00,6.144833333
11/17/2013 12:00,4.672333333
11/17/2013 18:00,3.798
11/18/2013 0:00,4.933166667
11/18/2013 6:00,5.097166667
11/18/2013 12:00,6.638833333
11/18/2013 18:00,6.096666667
11/19/2013 0:00,5.404833333
11/19/2013 6:00,4.926666667
11/19/2013 12:00,3.838833333
11/19/2013 18:00,4.800833333
11/20/2013 0:00,5.634666667
11/20/2013 6:00,3.963833333
11/20/2013 12:00,3.5275
11/20/2013 18:00,4.712666667
11/21/2013 0:00,6.126666667
11/21/2013 6:00,5.695333333
11/21/2013 12:00,6.092166667
11/21/2013 18:00,6.415666667
11/22/2013 0:00,4.301666667
11/22/2013 6:00,3.2655
11/22/2013 12:00,1.696833333
11/22/2013 18:00,2.4785
11/23/2013 0:00,3.26
11/23/2013 6:00,4.57
11/23/2013 12:00,5.868666667
11/23/2013 18:00,9.473166667
11/24/2013 0:00,7.968833333
11/24/2013 6:00,9.6485
11/24/2013 12:00,11.51266667
11/24/2013 18:00,11.911
11/25/2013 0:00,10.22383333
11/25/2013 6:00,9.809666667
11/25/2013 12:00,9.909666667
11/25/2013 18:00,9.494333333
11/26/2013 0:00,8.667333333
11/26/2013 6:00,7.445
11/26/2013 12:00,6.7635
11/26/2013 18:00,6.829833333
11/27/2013 0:00,2.719666667
11/27/2013 6:00,2.024333333
11/27/2013 12:00,1.876833333
11/27/2013 18:00,4.454833333
11/28/2013 0:00,7.696333333
11/28/2013 6:00,6.286833333
11/28/2013 12:00,4.909
11/28/2013 18:00,6.4425
11/29/2013 0:00,9.823166667
11/29/2013 6:00,7.883166667
11/29/2013 12:00,8.766
11/29/2013 18:00,12.94583333
11/30/2013 0:00,8.841833333
11/30/2013 6:00,6.0255
11/30/2013 12:00,3.97
11/30/2013 18:00,5.254166667
12/1/2013 0:00,5.9515
12/1/2013 6:00,4.052833333
12/1/2013 12:00,3.829166667
12/1/2013 18:00,2.395333333
12/2/2013 0:00,2.408666667
12/2/2013 6:00,4.814333333
12/2/2013 12:00,7.592166667
12/2/2013 18:00,10.957
12/3/2013 0:00,10.91016667
12/3/2013 6:00,7.942666667
12/3/2013 12:00,4.811
12/3/2013 18:00,2.8565
12/4/2013 0:00,1.567333333
12/4/2013 6:00,2.545833333
12/4/2013 12:00,6.501333333
12/4/2013 18:00,9.644166667
12/5/2013 0:00,9.844833333
12/5/2013 6:00,7.865
12/5/2013 12:00,10.66766667
12/5/2013 18:00,11.69116667
12/6/2013 0:00,9.407666667
12/6/2013 6:00,6.5535
12/6/2013 12:00,3.031666667
12/6/2013 18:00,1.746666667
12/7/2013 0:00,3.337833333
12/7/2013 6:00,3.487833333
12/7/2013 12:00,3.762833333
12/7/2013 18:00,3.348
12/8/2013 0:00,1.956333333
12/8/2013 6:00,2.259333333
12/8/2013 12:00,3.1585
12/8/2013 18:00,5.820333333
12/9/2013 0:00,7.813666667
12/9/2013 6:00,7.668333333
12/9/2013 12:00,4.505333333
12/9/2013 18:00,8.199333333
12/10/2013 0:00,9.375166667
12/10/2013 6:00,7.7125
12/10/2013 12:00,8.316666667
12/10/2013 18:00,9.064833333
12/11/2013 0:00,7.648333333
12/11/2013 6:00,6.2875
12/11/2013 12:00,5.8685
12/11/2013 18:00,6.4685
12/12/2013 0:00,6.2595
12/12/2013 6:00,5.027166667
12/12/2013 12:00,3.484
12/12/2013 18:00,2.7905
12/13/2013 0:00,4.06
12/13/2013 6:00,3.271166667
12/13/2013 12:00,1.901333333
12/13/2013 18:00,3.196333333
12/14/2013 0:00,6.621
12/14/2013 6:00,8.285833333
12/14/2013 12:00,7.233333333
12/14/2013 18:00,9.109833333
12/15/2013 0:00,9.480166667
12/15/2013 6:00,6.641833333
12/15/2013 12:00,4.7595
12/15/2013 18:00,6.934166667
12/16/2013 0:00,5.371666667
12/16/2013 6:00,4.484
12/16/2013 12:00,9.340666667
12/16/2013 18:00,11.16916667
12/17/2013 0:00,11.67633333
12/17/2013 6:00,10.7975
12/17/2013 12:00,8.485166667
12/17/2013 18:00,8.566333333
12/18/2013 0:00,11.94266667
12/18/2013 6:00,8.451
12/18/2013 12:00,4.1965
12/18/2013 18:00,6.667166667
12/19/2013 0:00,10.68316667
12/19/2013 6:00,12.49233333
12/19/2013 12:00,11.75266667
12/19/2013 18:00,10.51183333
12/20/2013 0:00,8.225166667
12/20/2013 6:00,5.013666667
12/20/2013 12:00,4.561333333
12/20/2013 18:00,5.696333333
12/21/2013 0:00,9.0995
12/21/2013 6:00,16.62133333
12/21/2013 12:00,14.45066667
12/21/2013 18:00,11.456
12/22/2013 0:00,10.18966667
12/22/2013 6:00,9.807666667
12/22/2013 12:00,12.80666667
12/22/2013 18:00,12.66716667
12/23/2013 0:00,10.70833333
12/23/2013 6:00,8.730333333
12/23/2013 12:00,7.692333333
12/23/2013 18:00,8.169333333
12/24/2013 0:00,9.783
12/24/2013 6:00,5.819
12/24/2013 12:00,2.830666667
12/24/2013 18:00,1.497666667
12/25/2013 0:00,3.171833333
12/25/2013 6:00,5.621
12/25/2013 12:00,6.649833333
12/25/2013 18:00,7.487166667
12/26/2013 0:00,6.037
12/26/2013 6:00,6.308666667
12/26/2013 12:00,8.91
12/26/2013 18:00,15.20566667
12/27/2013 0:00,20.91016667
12/27/2013 6:00,17.63316667
12/27/2013 12:00,14.80366667
12/27/2013 18:00,12.67916667
12/28/2013 0:00,11.7705
12/28/2013 6:00,11.24516667
12/28/2013 12:00,8.514
12/28/2013 18:00,7.170833333
12/29/2013 0:00,3.855666667
12/29/2013 6:00,2.486833333
12/29/2013 12:00,5.0595
12/29/2013 18:00,8.7125
12/30/2013 0:00,10.51683333
12/30/2013 6:00,12.381
12/30/2013 12:00,14.088
12/30/2013 18:00,13.56433333
12/31/2013 0:00,8.7625
12/31/2013 6:00,8.942
12/31/2013 12:00,7.883166667
12/31/2013 18:00,6.867
