1/1/2013 0:00,8.462
1/1/2013 6:00,5.559166667
1/1/2013 12:00,4.71
1/1/2013 18:00,9.1445
1/2/2013 0:00,10.528
1/2/2013 6:00,9.593333333
1/2/2013 12:00,9.631666667
1/2/2013 18:00,8.202666667
1/3/2013 0:00,7.896666667
1/3/2013 6:00,6.533166667
1/3/2013 12:00,9.770833333
1/3/2013 18:00,10.72266667
1/4/2013 0:00,9.096
1/4/2013 6:00,6.901833333
1/4/2013 12:00,5.462333333
1/4/2013 18:00,5.541333333
1/5/2013 0:00,5.706
1/5/2013 6:00,5.479
1/5/2013 12:00,6.806166667
1/5/2013 18:00,8.167666667
1/6/2013 0:00,3.219666667
1/6/2013 6:00,4.2845
1/6/2013 12:00,5.265166667
1/6/2013 18:00,9.813833333
1/7/2013 0:00,7.240666667
1/7/2013 6:00,5.091
1/7/2013 12:00,6.617
1/7/2013 18:00,10.72066667
1/8/2013 0:00,10.455
1/8/2013 6:00,7.068833333
1/8/2013 12:00,5.6415
1/8/2013 18:00,7.1115
1/9/2013 0:00,6.113833333
1/9/2013 6:00,2.296166667
1/9/2013 12:00,4.907
1/9/2013 18:00,8.014666667
1/10/2013 0:00,6.649166667
1/10/2013 6:00,6.313333333
1/10/2013 12:00,8.327833333
1/10/2013 18:00,9.814666667
1/11/2013 0:00,8.959833333
1/11/2013 6:00,3.657333333
1/11/2013 12:00,3.862
1/11/2013 18:00,7.360333333
1/12/2013 0:00,10.47866667
1/12/2013 6:00,15.481
1/12/2013 12:00,13.40383333
1/12/2013 18:00,6.010666667
1/13/2013 0:00,1.929333333
1/13/2013 6:00,9.3475
1/13/2013 12:00,14.63283333
1/13/2013 18:00,13.7725
1/14/2013 0:00,12.3405
1/14/2013 6:00,10.38516667
1/14/2013 12:00,8.12
1/14/2013 18:00,8.391333333
1/15/2013 0:00,8.4265
1/15/2013 6:00,7.8365
1/15/2013 12:00,8.816833333
1/15/2013 18:00,8.826166667
1/16/2013 0:00,6.7215
1/16/2013 6:00,3.401333333
1/16/2013 12:00,5.187166667
1/16/2013 18:00,8.524166667
1/17/2013 0:00,10.02933333
1/17/2013 6:00,7.515166667
1/17/2013 12:00,6.882
1/17/2013 18:00,11.0985
1/18/2013 0:00,13.39683333
1/18/2013 6:00,13.062
1/18/2013 12:00,11.72166667
1/18/2013 18:00,9.371833333
1/19/2013 0:00,4.972666667
1/19/2013 6:00,3.545166667
1/19/2013 12:00,1.644333333
1/19/2013 18:00,7.6535
1/20/2013 0:00,4.586666667
1/20/2013 6:00,9.3825
1/20/2013 12:00,8.6535
1/20/2013 18:00,7.052166667
1/21/2013 0:00,3.777166667
1/21/2013 6:00,3.193833333
1/21/2013 12:00,6.1185
1/21/2013 18:00,10.16516667
1/22/2013 0:00,9.922
1/22/2013 6:00,6.888
1/22/2013 12:00,4.929666667
1/22/2013 18:00,2.2425
1/23/2013 0:00,2.423166667
1/23/2013 6:00,6.806333333
1/23/2013 12:00,8.312166667
1/23/2013 18:00,10.864
1/24/2013 0:00,11.94
1/24/2013 6:00,8.600333333
1/24/2013 12:00,6.702833333
1/24/2013 18:00,11.71766667
1/25/2013 0:00,8.346833333
1/25/2013 6:00,8.813166667
1/25/2013 12:00,7.3405
1/25/2013 18:00,6.318333333
1/26/2013 0:00,6.487
1/26/2013 6:00,3.100333333
1/26/2013 12:00,1.391666667
1/26/2013 18:00,3.9685
1/27/2013 0:00,7.665
1/27/2013 6:00,8.0335
1/27/2013 12:00,6.729
1/27/2013 18:00,9.952166667
1/28/2013 0:00,10.699
1/28/2013 6:00,6.676
1/28/2013 12:00,4.602166667
1/28/2013 18:00,10.58166667
1/29/2013 0:00,10.6265
1/29/2013 6:00,8.2525
1/29/2013 12:00,8.873
1/29/2013 18:00,12.133
1/30/2013 0:00,9.793833333
1/30/2013 6:00,8.889833333
1/30/2013 12:00,8.9785
1/30/2013 18:00,4.8175
1/31/2013 0:00,2.100833333
1/31/2013 6:00,4.379666667
1/31/2013 12:00,2.410166667
1/31/2013 18:00,2.048833333
2/1/2013 0:00,4.694666667
2/1/2013 6:00,8.876666667
2/1/2013 12:00,8.039833333
2/1/2013 18:00,9.436333333
2/2/2013 0:00,8.476166667
2/2/2013 6:00,6.967333333
2/2/2013 12:00,5.530166667
2/2/2013 18:00,5.758666667
2/3/2013 0:00,6.706666667
2/3/2013 6:00,5.3335
2/3/2013 12:00,6.888833333
2/3/2013 18:00,6.398333333
2/4/2013 0:00,6.567166667
2/4/2013 6:00,6.665833333
2/4/2013 12:00,6.659333333
2/4/2013 18:00,7.138
2/5/2013 0:00,5.9365
2/5/2013 6:00,3.124
2/5/2013 12:00,2.7005
2/5/2013 18:00,5.059833333
2/6/2013 0:00,7.779166667
2/6/2013 6:00,8.166833333
2/6/2013 12:00,9.279666667
2/6/2013 18:00,11.43666667
2/7/2013 0:00,8.965
2/7/2013 6:00,6.723833333
2/7/2013 12:00,7.8805
2/7/2013 18:00,8.205166667
2/8/2013 0:00,5.508166667
2/8/2013 6:00,2.770666667
2/8/2013 12:00,3.395666667
2/8/2013 18:00,5.605
2/9/2013 0:00,5.417
2/9/2013 6:00,5.732
2/9/2013 12:00,5.156333333
2/9/2013 18:00,7.429333333
2/10/2013 0:00,6.9335
2/10/2013 6:00,4.311333333
2/10/2013 12:00,7.5075
2/10/2013 18:00,8.367833333
2/11/2013 0:00,4.462833333
2/11/2013 6:00,2.682
2/11/2013 12:00,6.171166667
2/11/2013 18:00,9.628333333
2/12/2013 0:00,12.42516667
2/12/2013 6:00,11.067
2/12/2013 12:00,10.46733333
2/12/2013 18:00,7.875
2/13/2013 0:00,7.04
2/13/2013 6:00,10.02066667
2/13/2013 12:00,8.930833333
2/13/2013 18:00,6.600833333
2/14/2013 0:00,7.551
2/14/2013 6:00,4.985833333
2/14/2013 12:00,3.739333333
2/14/2013 18:00,4.871333333
2/15/2013 0:00,3.238166667
2/15/2013 6:00,1.087
2/15/2013 12:00,1.511833333
2/15/2013 18:00,1.962166667
2/16/2013 0:00,5.102166667
2/16/2013 6:00,3.5515
2/16/2013 12:00,2.385
2/16/2013 18:00,4.983
2/17/2013 0:00,7.100333333
2/17/2013 6:00,7.171333333
2/17/2013 12:00,7.123
2/17/2013 18:00,10.8325
2/18/2013 0:00,9.897
2/18/2013 6:00,8.6885
2/18/2013 12:00,8.132
2/18/2013 18:00,4.976666667
2/19/2013 0:00,7.392666667
2/19/2013 6:00,5.9605
2/19/2013 12:00,4.2675
2/19/2013 18:00,7.231166667
2/20/2013 0:00,7.047333333
2/20/2013 6:00,5.784333333
2/20/2013 12:00,8.165166667
2/20/2013 18:00,9.1065
2/21/2013 0:00,4.114333333
2/21/2013 6:00,2.438833333
2/21/2013 12:00,7.114666667
2/21/2013 18:00,7.772833333
2/22/2013 0:00,8.041666667
2/22/2013 6:00,5.708333333
2/22/2013 12:00,8.257333333
2/22/2013 18:00,9.777666667
2/23/2013 0:00,8.693
2/23/2013 6:00,6.546833333
2/23/2013 12:00,9.737666667
2/23/2013 18:00,9.226833333
2/24/2013 0:00,2.857666667
2/24/2013 6:00,3.424833333
2/24/2013 12:00,6.602666667
2/24/2013 18:00,5.046333333
2/25/2013 0:00,8.834166667
2/25/2013 6:00,13.9965
2/25/2013 12:00,16.51416667
2/25/2013 18:00,13.1075
2/26/2013 0:00,13.12783333
2/26/2013 6:00,10.6955
2/26/2013 12:00,9.268833333
2/26/2013 18:00,6.337666667
2/27/2013 0:00,1.753333333
2/27/2013 6:00,3.297166667
2/27/2013 12:00,8.974166667
2/27/2013 18:00,10.05566667
2/28/2013 0:00,10.82066667
2/28/2013 6:00,9.4615
2/28/2013 12:00,8.509833333
2/28/2013 18:00,5.436833333
3/1/2013 0:00,10.515
3/1/2013 6:00,12.58133333
3/1/2013 12:00,12.09933333
3/1/2013 18:00,8.333666667
3/2/2013 0:00,8.005833333
3/2/2013 6:00,4.566833333
3/2/2013 12:00,3.6725
3/2/2013 18:00,6.493166667
3/3/2013 0:00,8.931
3/3/2013 6:00,7.324
3/3/2013 12:00,6.545166667
3/3/2013 18:00,9.2
3/4/2013 0:00,8.136833333
3/4/2013 6:00,4.961666667
3/4/2013 12:00,4.8325
3/4/2013 18:00,7.1235
3/5/2013 0:00,7.647833333
3/5/2013 6:00,9.476166667
3/5/2013 12:00,8.130666667
3/5/2013 18:00,7.7665
3/6/2013 0:00,8.444166667
3/6/2013 6:00,7.294333333
3/6/2013 12:00,4.9665
3/6/2013 18:00,4.770666667
3/7/2013 0:00,8.467666667
3/7/2013 6:00,9.792333333
3/7/2013 12:00,9.971666667
3/7/2013 18:00,10.8145
3/8/2013 0:00,11.6535
3/8/2013 6:00,13.4215
3/8/2013 12:00,13.03483333
3/8/2013 18:00,14.46916667
3/9/2013 0:00,11.10066667
3/9/2013 6:00,8.7655
3/9/2013 12:00,6.612333333
3/9/2013 18:00,3.156333333
3/10/2013 0:00,3.7215
3/10/2013 6:00,6.757333333
3/10/2013 12:00,4.301
3/10/2013 18:00,4.770166667
3/11/2013 0:00,7.352
3/11/2013 6:00,9.383166667
3/11/2013 12:00,9.158666667
3/11/2013 18:00,9.229833333
3/12/2013 0:00,10.02866667
3/12/2013 6:00,6.036
3/12/2013 12:00,3.978666667
3/12/2013 18:00,5.349
3/13/2013 0:00,7.815333333
3/13/2013 6:00,6.892833333
3/13/2013 12:00,8.279666667
3/13/2013 18:00,7.059833333
3/14/2013 0:00,3.648333333
3/14/2013 6:00,2.774
3/14/2013 12:00,5.2095
3/14/2013 18:00,4.190833333
3/15/2013 0:00,3.885833333
3/15/2013 6:00,2.921333333
3/15/2013 12:00,4.4655
3/15/2013 18:00,4.282333333
3/16/2013 0:00,2.577833333
3/16/2013 6:00,2.617333333
3/16/2013 12:00,3.244
3/16/2013 18:00,3.816666667
3/17/2013 0:00,4.5025
3/17/2013 6:00,2
3/17/2013 12:00,2.943666667
3/17/2013 18:00,5.248833333
3/18/2013 0:00,6.963333333
3/18/2013 6:00,6.819166667
3/18/2013 12:00,6.228333333
3/18/2013 18:00,8.978333333
3/19/2013 0:00,8.165833333
3/19/2013 6:00,3.359333333
3/19/2013 12:00,3.862666667
3/19/2013 18:00,3.441333333
3/20/2013 0:00,1.439
3/20/2013 6:00,1.9485
3/20/2013 12:00,4.858666667
3/20/2013 18:00,8.689166667
3/21/2013 0:00,7.669
3/21/2013 6:00,5.88
3/21/2013 12:00,5.886
3/21/2013 18:00,8.028833333
3/22/2013 0:00,7.488833333
3/22/2013 6:00,6.19
3/22/2013 12:00,6.328166667
3/22/2013 18:00,7.931833333
3/23/2013 0:00,6.912166667
3/23/2013 6:00,2.913333333
3/23/2013 12:00,7.496333333
3/23/2013 18:00,8.606166667
3/24/2013 0:00,7.300666667
3/24/2013 6:00,5.861833333
3/24/2013 12:00,4.241666667
3/24/2013 18:00,4.157
3/25/2013 0:00,3.776166667
3/25/2013 6:00,4.694
3/25/2013 12:00,4.242
3/25/2013 18:00,2.283166667
3/26/2013 0:00,3.656
3/26/2013 6:00,12.01533333
3/26/2013 12:00,13.73366667
3/26/2013 18:00,13.49083333
3/27/2013 0:00,10.81566667
3/27/2013 6:00,9.869
3/27/2013 12:00,8.818333333
3/27/2013 18:00,8.206333333
3/28/2013 0:00,2.5265
3/28/2013 6:00,5.598333333
3/28/2013 12:00,6.9455
3/28/2013 18:00,6.545
3/29/2013 0:00,6.1415
3/29/2013 6:00,6.134333333
3/29/2013 12:00,4.323333333
3/29/2013 18:00,6.327166667
3/30/2013 0:00,10.3665
3/30/2013 6:00,9.217
3/30/2013 12:00,6.7895
3/30/2013 18:00,3.414
3/31/2013 0:00,1.368666667
3/31/2013 6:00,2.198833333
3/31/2013 12:00,6.013166667
3/31/2013 18:00,2.104
4/1/2013 0:00,2.445666667
4/1/2013 6:00,2.9645
4/1/2013 12:00,5.159
4/1/2013 18:00,5.876333333
4/2/2013 0:00,4.304
4/2/2013 6:00,8.187333333
4/2/2013 12:00,9.367833333
4/2/2013 18:00,10.922
4/3/2013 0:00,8.339833333
4/3/2013 6:00,8.3615
4/3/2013 12:00,9.048833333
4/3/2013 18:00,8.735333333
4/4/2013 0:00,5.844333333
4/4/2013 6:00,5.245666667
4/4/2013 12:00,9.382333333
4/4/2013 18:00,8.907833333
4/5/2013 0:00,10.53766667
4/5/2013 6:00,8.703833333
4/5/2013 12:00,7.363833333
4/5/2013 18:00,8.9395
4/6/2013 0:00,8.699
4/6/2013 6:00,6.337833333
4/6/2013 12:00,7.2425
4/6/2013 18:00,9.857833333
4/7/2013 0:00,8.696166667
4/7/2013 6:00,6.2085
4/7/2013 12:00,5.5515
4/7/2013 18:00,3.530666667
4/8/2013 0:00,5.977
4/8/2013 6:00,5.346
4/8/2013 12:00,7.7065
4/8/2013 18:00,4.812333333
4/9/2013 0:00,9.9975
4/9/2013 6:00,11.4485
4/9/2013 12:00,13.4545
4/9/2013 18:00,11.0765
4/10/2013 0:00,10.19616667
4/10/2013 6:00,8.615833333
4/10/2013 12:00,8.814333333
4/10/2013 18:00,4.614833333
4/11/2013 0:00,4.618
4/11/2013 6:00,3.949166667
4/11/2013 12:00,5.016833333
4/11/2013 18:00,2.951666667
4/12/2013 0:00,6.2815
4/12/2013 6:00,5.9055
4/12/2013 12:00,4.7075
4/12/2013 18:00,5.525666667
4/13/2013 0:00,6.1745
4/13/2013 6:00,4.259
4/13/2013 12:00,6.6225
4/13/2013 18:00,7.874
4/14/2013 0:00,6.732666667
4/14/2013 6:00,4.870166667
4/14/2013 12:00,6.690166667
4/14/2013 18:00,7.150666667
4/15/2013 0:00,7.444166667
4/15/2013 6:00,5.7845
4/15/2013 12:00,5.964333333
4/15/2013 18:00,6.3135
4/16/2013 0:00,5.5215
4/16/2013 6:00,3.145333333
4/16/2013 12:00,7.322
4/16/2013 18:00,7.531
4/17/2013 0:00,7.512166667
4/17/2013 6:00,7.310833333
4/17/2013 12:00,6.7785
4/17/2013 18:00,11.03733333
4/18/2013 0:00,9.035166667
4/18/2013 6:00,4.667333333
4/18/2013 12:00,5.165833333
4/18/2013 18:00,4.613333333
4/19/2013 0:00,3.527666667
4/19/2013 6:00,2.8215
4/19/2013 12:00,3.751333333
4/19/2013 18:00,7.237
4/20/2013 0:00,8.585833333
4/20/2013 6:00,5.557833333
4/20/2013 12:00,9.148166667
4/20/2013 18:00,7.568333333
4/21/2013 0:00,4.094666667
4/21/2013 6:00,5.06
4/21/2013 12:00,9.634
4/21/2013 18:00,8.274333333
4/22/2013 0:00,5.616
4/22/2013 6:00,5.543
4/22/2013 12:00,7.598
4/22/2013 18:00,9.6355
4/23/2013 0:00,12.58466667
4/23/2013 6:00,10.6875
4/23/2013 12:00,8.966666667
4/23/2013 18:00,9.202166667
4/24/2013 0:00,8.636
4/24/2013 6:00,10.58666667
4/24/2013 12:00,10.9735
4/24/2013 18:00,10.02066667
4/25/2013 0:00,8.588
4/25/2013 6:00,5.9415
4/25/2013 12:00,7.8565
4/25/2013 18:00,6.425833333
4/26/2013 0:00,4.624666667
4/26/2013 6:00,2.5785
4/26/2013 12:00,5.500666667
4/26/2013 18:00,6.359833333
4/27/2013 0:00,7.04
4/27/2013 6:00,12.12616667
4/27/2013 12:00,12.57166667
4/27/2013 18:00,12.67266667
4/28/2013 0:00,9.9665
4/28/2013 6:00,8.149666667
4/28/2013 12:00,8.429333333
4/28/2013 18:00,7.188
4/29/2013 0:00,4.939333333
4/29/2013 6:00,5.664833333
4/29/2013 12:00,9.462833333
4/29/2013 18:00,9.9715
4/30/2013 0:00,6.510333333
4/30/2013 6:00,2.278166667
4/30/2013 12:00,3.456833333
4/30/2013 18:00,6.039833333
5/1/2013 0:00,5.998
5/1/2013 6:00,7.542666667
5/1/2013 12:00,8.078166667
5/1/2013 18:00,6.437666667
5/2/2013 0:00,4.0155
5/2/2013 6:00,3.9505
5/2/2013 12:00,5.140166667
5/2/2013 18:00,4.112166667
5/3/2013 0:00,2.753833333
5/3/2013 6:00,3.238666667
5/3/2013 12:00,1.716333333
5/3/2013 18:00,2.296333333
5/4/2013 0:00,4.646166667
5/4/2013 6:00,5.5165
5/4/2013 12:00,4.753
5/4/2013 18:00,2.723
5/5/2013 0:00,1.444
5/5/2013 6:00,0.791
5/5/2013 12:00,4.3315
5/5/2013 18:00,2.643166667
5/6/2013 0:00,1.356
5/6/2013 6:00,1.7225
5/6/2013 12:00,3.651
5/6/2013 18:00,4.8775
5/7/2013 0:00,4.886833333
5/7/2013 6:00,1.510333333
5/7/2013 12:00,5.334333333
5/7/2013 18:00,6.743166667
5/8/2013 0:00,5.7835
5/8/2013 6:00,6.743
5/8/2013 12:00,12.25416667
5/8/2013 18:00,10.09766667
5/9/2013 0:00,8.018333333
5/9/2013 6:00,5.478333333
5/9/2013 12:00,6.0485
5/9/2013 18:00,5.166333333
5/10/2013 0:00,4.918166667
5/10/2013 6:00,6.388833333
5/10/2013 12:00,8.6265
5/10/2013 18:00,10.40016667
5/11/2013 0:00,9.574
5/11/2013 6:00,8.27
5/11/2013 12:00,8.2655
5/11/2013 18:00,7.844
5/12/2013 0:00,6.465666667
5/12/2013 6:00,5.846166667
5/12/2013 12:00,8.272333333
5/12/2013 18:00,7.945666667
5/13/2013 0:00,5.6395
5/13/2013 6:00,2.608833333
5/13/2013 12:00,4.356666667
5/13/2013 18:00,5.5805
5/14/2013 0:00,3.1785
5/14/2013 6:00,1.928166667
5/14/2013 12:00,4.2475
5/14/2013 18:00,7.279833333
5/15/2013 0:00,5.991166667
5/15/2013 6:00,5.794833333
5/15/2013 12:00,8.571333333
5/15/2013 18:00,5.802166667
5/16/2013 0:00,5.923
5/16/2013 6:00,3.959
5/16/2013 12:00,4.955833333
5/16/2013 18:00,6.581166667
5/17/2013 0:00,9.17
5/17/2013 6:00,8.313166667
5/17/2013 12:00,6.1845
5/17/2013 18:00,5.242166667
5/18/2013 0:00,2.4435
5/18/2013 6:00,2.459833333
5/18/2013 12:00,5.002
5/18/2013 18:00,5.105166667
5/19/2013 0:00,1.552
5/19/2013 6:00,1.667666667
5/19/2013 12:00,4.036833333
5/19/2013 18:00,2.978833333
5/20/2013 0:00,1.718333333
5/20/2013 6:00,1.9525
5/20/2013 12:00,4.748166667
5/20/2013 18:00,4.786833333
5/21/2013 0:00,2.886166667
5/21/2013 6:00,3.9505
5/21/2013 12:00,4.577
5/21/2013 18:00,2.908166667
5/22/2013 0:00,3.2225
5/22/2013 6:00,2.659
5/22/2013 12:00,6.009833333
5/22/2013 18:00,3.807166667
5/23/2013 0:00,2.3965
5/23/2013 6:00,1.388833333
5/23/2013 12:00,4.339833333
5/23/2013 18:00,4.845166667
5/24/2013 0:00,2.911
5/24/2013 6:00,2.3925
5/24/2013 12:00,6.279666667
5/24/2013 18:00,5.994666667
5/25/2013 0:00,3.402333333
5/25/2013 6:00,2.528333333
5/25/2013 12:00,5.432
5/25/2013 18:00,7.347333333
5/26/2013 0:00,6.964333333
5/26/2013 6:00,5.721
5/26/2013 12:00,6.612
5/26/2013 18:00,4.559833333
5/27/2013 0:00,5.913
5/27/2013 6:00,3.743666667
5/27/2013 12:00,5.079333333
5/27/2013 18:00,4.719
5/28/2013 0:00,2.472
5/28/2013 6:00,3.059
5/28/2013 12:00,5.85
5/28/2013 18:00,4.763166667
5/29/2013 0:00,3.014166667
5/29/2013 6:00,2.487666667
5/29/2013 12:00,5.386
5/29/2013 18:00,3.7505
5/30/2013 0:00,5.1755
5/30/2013 6:00,4.898166667
5/30/2013 12:00,4.466833333
5/30/2013 18:00,7.141666667
5/31/2013 0:00,3.002666667
5/31/2013 6:00,4.939
5/31/2013 12:00,6.4495
5/31/2013 18:00,9.117333333
6/1/2013 0:00,7.077833333
6/1/2013 6:00,6.823333333
6/1/2013 12:00,6.583
6/1/2013 18:00,6.616166667
6/2/2013 0:00,9.420333333
6/2/2013 6:00,12.75616667
6/2/2013 12:00,11.13566667
6/2/2013 18:00,5.594833333
6/3/2013 0:00,6.492166667
6/3/2013 6:00,8.267166667
6/3/2013 12:00,8.323166667
6/3/2013 18:00,7.577166667
6/4/2013 0:00,7.281666667
6/4/2013 6:00,8.773333333
6/4/2013 12:00,10.2725
6/4/2013 18:00,6.914333333
6/5/2013 0:00,7.220166667
6/5/2013 6:00,6.6135
6/5/2013 12:00,5.1115
6/5/2013 18:00,1.547166667
6/6/2013 0:00,3.287833333
6/6/2013 6:00,2.4595
6/6/2013 12:00,4.490833333
6/6/2013 18:00,3.4085
6/7/2013 0:00,0.953666667
6/7/2013 6:00,0.982666667
6/7/2013 12:00,4.811333333
6/7/2013 18:00,2.241333333
6/8/2013 0:00,1.257166667
6/8/2013 6:00,1.656166667
6/8/2013 12:00,6.022666667
6/8/2013 18:00,8.469166667
6/9/2013 0:00,7.911
6/9/2013 6:00,6.3465
6/9/2013 12:00,5.364
6/9/2013 18:00,2.570833333
6/10/2013 0:00,5.018166667
6/10/2013 6:00,3.081
6/10/2013 12:00,5.635666667
6/10/2013 18:00,5.007
6/11/2013 0:00,3.224833333
6/11/2013 6:00,3.567
6/11/2013 12:00,6.247
6/11/2013 18:00,7.4095
6/12/2013 0:00,4.724166667
6/12/2013 6:00,5.406833333
6/12/2013 12:00,8.957666667
6/12/2013 18:00,8.569166667
6/13/2013 0:00,6.095666667
6/13/2013 6:00,6.7185
6/13/2013 12:00,5.7185
6/13/2013 18:00,3.621166667
6/14/2013 0:00,4.349166667
6/14/2013 6:00,7.453166667
6/14/2013 12:00,5.846166667
6/14/2013 18:00,1.987166667
6/15/2013 0:00,6.379333333
6/15/2013 6:00,5.128166667
6/15/2013 12:00,5.860833333
6/15/2013 18:00,1.319833333
6/16/2013 0:00,3.670166667
6/16/2013 6:00,5.75
6/16/2013 12:00,7.166333333
6/16/2013 18:00,5.252666667
6/17/2013 0:00,2.938
6/17/2013 6:00,3.015
6/17/2013 12:00,5.692166667
6/17/2013 18:00,4.931
6/18/2013 0:00,2.491833333
6/18/2013 6:00,1.832833333
6/18/2013 12:00,4.9395
6/18/2013 18:00,5.749833333
6/19/2013 0:00,5.406333333
6/19/2013 6:00,4.398833333
6/19/2013 12:00,5.495166667
6/19/2013 18:00,7.141833333
6/20/2013 0:00,7.638333333
6/20/2013 6:00,5.5355
6/20/2013 12:00,7.2705
6/20/2013 18:00,6.913666667
6/21/2013 0:00,10.187
6/21/2013 6:00,7.291
6/21/2013 12:00,5.903
6/21/2013 18:00,7.084666667
6/22/2013 0:00,5.234333333
6/22/2013 6:00,4.979666667
6/22/2013 12:00,4.7625
6/22/2013 18:00,6.9005
6/23/2013 0:00,3.447166667
6/23/2013 6:00,3.435166667
6/23/2013 12:00,3.530166667
6/23/2013 18:00,7.358833333
6/24/2013 0:00,7.286166667
6/24/2013 6:00,6.258
6/24/2013 12:00,5.581666667
6/24/2013 18:00,4.5555
6/25/2013 0:00,6.409666667
6/25/2013 6:00,5.064166667
6/25/2013 12:00,4.8345
6/25/2013 18:00,3.8765
6/26/2013 0:00,4.040833333
6/26/2013 6:00,5.505166667
6/26/2013 12:00,5.304666667
6/26/2013 18:00,4.589333333
6/27/2013 0:00,9.718666667
6/27/2013 6:00,9.513166667
6/27/2013 12:00,9.872166667
6/27/2013 18:00,7.083833333
6/28/2013 0:00,9.468
6/28/2013 6:00,6.891166667
6/28/2013 12:00,7.286666667
6/28/2013 18:00,3.5605
6/29/2013 0:00,4.390333333
6/29/2013 6:00,4.005
6/29/2013 12:00,8.563333333
6/29/2013 18:00,12.99433333
6/30/2013 0:00,7.747166667
6/30/2013 6:00,7.101166667
6/30/2013 12:00,7.929166667
6/30/2013 18:00,6.378833333
7/1/2013 0:00,6.2685
7/1/2013 6:00,7.171333333
7/1/2013 12:00,8.458
7/1/2013 18:00,4.193333333
7/2/2013 0:00,6.104333333
7/2/2013 6:00,5.7385
7/2/2013 12:00,6.566
7/2/2013 18:00,4.995833333
7/3/2013 0:00,6.75
7/3/2013 6:00,6.040666667
7/3/2013 12:00,5.797833333
7/3/2013 18:00,4.186833333
7/4/2013 0:00,5.658833333
7/4/2013 6:00,4.571666667
7/4/2013 12:00,4.625833333
7/4/2013 18:00,4.362333333
7/5/2013 0:00,4.328833333
7/5/2013 6:00,6.557
7/5/2013 12:00,4.712
7/5/2013 18:00,2.840166667
7/6/2013 0:00,4.662166667
7/6/2013 6:00,2.563
7/6/2013 12:00,3.340833333
7/6/2013 18:00,4.938666667
7/7/2013 0:00,6.933333333
7/7/2013 6:00,4.662
7/7/2013 12:00,8.234666667
7/7/2013 18:00,6.430166667
7/8/2013 0:00,7.2505
7/8/2013 6:00,6.385166667
7/8/2013 12:00,7.5075
7/8/2013 18:00,8.121166667
7/9/2013 0:00,4.7185
7/9/2013 6:00,4.539166667
7/9/2013 12:00,5.141833333
7/9/2013 18:00,4.628
7/10/2013 0:00,3.645666667
7/10/2013 6:00,3.411333333
7/10/2013 12:00,4.539833333
7/10/2013 18:00,4.7375
7/11/2013 0:00,3.7915
7/11/2013 6:00,2.263166667
7/11/2013 12:00,4.997833333
7/11/2013 18:00,5.645333333
7/12/2013 0:00,4.180833333
7/12/2013 6:00,3.075833333
7/12/2013 12:00,4.8165
7/12/2013 18:00,8.030333333
7/13/2013 0:00,6.5725
7/13/2013 6:00,3.718666667
7/13/2013 12:00,5.491166667
7/13/2013 18:00,7.8345
7/14/2013 0:00,6.019666667
7/14/2013 6:00,6.137833333
7/14/2013 12:00,5.156333333
7/14/2013 18:00,4.931166667
7/15/2013 0:00,6.122
7/15/2013 6:00,2.189166667
7/15/2013 12:00,6.814
7/15/2013 18:00,6.058833333
7/16/2013 0:00,6.122833333
7/16/2013 6:00,6.174166667
7/16/2013 12:00,4.138833333
7/16/2013 18:00,3.377
7/17/2013 0:00,4.2505
7/17/2013 6:00,4.251333333
7/17/2013 12:00,8.754
7/17/2013 18:00,10.95416667
7/18/2013 0:00,7.9075
7/18/2013 6:00,2.671666667
7/18/2013 12:00,6.496333333
7/18/2013 18:00,3.291
7/19/2013 0:00,5.555166667
7/19/2013 6:00,3.687833333
7/19/2013 12:00,4.504
7/19/2013 18:00,2.978833333
7/20/2013 0:00,5.611
7/20/2013 6:00,6.863166667
7/20/2013 12:00,5.673666667
7/20/2013 18:00,3.255333333
7/21/2013 0:00,1.765
7/21/2013 6:00,2.716166667
7/21/2013 12:00,4.8365
7/21/2013 18:00,4.892166667
7/22/2013 0:00,4.696666667
7/22/2013 6:00,4.271
7/22/2013 12:00,5.674166667
7/22/2013 18:00,8.851166667
7/23/2013 0:00,6.946833333
7/23/2013 6:00,5.515666667
7/23/2013 12:00,8.596166667
7/23/2013 18:00,7.6935
7/24/2013 0:00,8.267833333
7/24/2013 6:00,6.092833333
7/24/2013 12:00,8.705166667
7/24/2013 18:00,9.905833333
7/25/2013 0:00,9.934333333
7/25/2013 6:00,6.807166667
7/25/2013 12:00,7.3295
7/25/2013 18:00,4.110333333
7/26/2013 0:00,2.889333333
7/26/2013 6:00,4.371833333
7/26/2013 12:00,4.9635
7/26/2013 18:00,6.580333333
7/27/2013 0:00,7.062666667
7/27/2013 6:00,3.246
7/27/2013 12:00,4.920666667
7/27/2013 18:00,2.3335
7/28/2013 0:00,0.827666667
7/28/2013 6:00,2.186666667
7/28/2013 12:00,5.110333333
7/28/2013 18:00,4.183666667
7/29/2013 0:00,3.636833333
7/29/2013 6:00,3.327
7/29/2013 12:00,5.4145
7/29/2013 18:00,4.677166667
7/30/2013 0:00,2.396333333
7/30/2013 6:00,1.404833333
7/30/2013 12:00,3.831666667
7/30/2013 18:00,6.152
7/31/2013 0:00,3.485166667
7/31/2013 6:00,3.220333333
7/31/2013 12:00,6.819833333
7/31/2013 18:00,3.4075
8/1/2013 0:00,2.1535
8/1/2013 6:00,3.254166667
8/1/2013 12:00,5.433
8/1/2013 18:00,4.597666667
8/2/2013 0:00,3.610833333
8/2/2013 6:00,2.335833333
8/2/2013 12:00,3.108166667
8/2/2013 18:00,6.557666667
8/3/2013 0:00,7.090166667
8/3/2013 6:00,5.094166667
8/3/2013 12:00,6.336166667
8/3/2013 18:00,4.847166667
8/4/2013 0:00,1.99
8/4/2013 6:00,2.1745
8/4/2013 12:00,5.873166667
8/4/2013 18:00,3.313
8/5/2013 0:00,5.523833333
8/5/2013 6:00,5.918
8/5/2013 12:00,10.393
8/5/2013 18:00,7.553666667
8/6/2013 0:00,6.6
8/6/2013 6:00,7.5925
8/6/2013 12:00,6.2825
8/6/2013 18:00,5.725333333
8/7/2013 0:00,4.873
8/7/2013 6:00,1.364666667
8/7/2013 12:00,3.938833333
8/7/2013 18:00,5.736666667
8/8/2013 0:00,4.887166667
8/8/2013 6:00,2.253666667
8/8/2013 12:00,3.966833333
8/8/2013 18:00,5.8535
8/9/2013 0:00,4.126333333
8/9/2013 6:00,1.931333333
8/9/2013 12:00,5.140833333
8/9/2013 18:00,5.920833333
8/10/2013 0:00,3.891666667
8/10/2013 6:00,3.586
8/10/2013 12:00,8.171333333
8/10/2013 18:00,6.7295
8/11/2013 0:00,3.532
8/11/2013 6:00,1.982333333
8/11/2013 12:00,4.162833333
8/11/2013 18:00,4.407833333
8/12/2013 0:00,3.511
8/12/2013 6:00,2.416333333
8/12/2013 12:00,4.485166667
8/12/2013 18:00,7.561666667
8/13/2013 0:00,4.302666667
8/13/2013 6:00,4.875333333
8/13/2013 12:00,5.638666667
8/13/2013 18:00,4.9635
8/14/2013 0:00,3.892333333
8/14/2013 6:00,3.226
8/14/2013 12:00,4.0105
8/14/2013 18:00,5.4775
8/15/2013 0:00,2.077833333
8/15/2013 6:00,3.166666667
8/15/2013 12:00,5.183166667
8/15/2013 18:00,3.956
8/16/2013 0:00,2.5795
8/16/2013 6:00,3.577166667
8/16/2013 12:00,6.338333333
8/16/2013 18:00,2.721833333
8/17/2013 0:00,4.739166667
8/17/2013 6:00,4.005833333
8/17/2013 12:00,8.207
8/17/2013 18:00,6.333666667
8/18/2013 0:00,5.469
8/18/2013 6:00,5.685166667
8/18/2013 12:00,2.5845
8/18/2013 18:00,2.743333333
8/19/2013 0:00,6.678666667
8/19/2013 6:00,3.358166667
8/19/2013 12:00,4.042833333
8/19/2013 18:00,3.8495
8/20/2013 0:00,2.315
8/20/2013 6:00,0.848
8/20/2013 12:00,3.591666667
8/20/2013 18:00,5.381
8/21/2013 0:00,5.684666667
8/21/2013 6:00,3.962
8/21/2013 12:00,4.9055
8/21/2013 18:00,5.183333333
8/22/2013 0:00,3.7
8/22/2013 6:00,1.753666667
8/22/2013 12:00,3.575333333
8/22/2013 18:00,5.938333333
8/23/2013 0:00,4.8265
8/23/2013 6:00,2.244666667
8/23/2013 12:00,3.005166667
8/23/2013 18:00,2.470833333
8/24/2013 0:00,4.369166667
8/24/2013 6:00,2.683333333
8/24/2013 12:00,5.1285
8/24/2013 18:00,4.2315
8/25/2013 0:00,2.362666667
8/25/2013 6:00,3.0675
8/25/2013 12:00,6.614666667
8/25/2013 18:00,4.940666667
8/26/2013 0:00,1.522833333
8/26/2013 6:00,1.805166667
8/26/2013 12:00,3.856333333
8/26/2013 18:00,4.323333333
8/27/2013 0:00,4.860666667
8/27/2013 6:00,4.089666667
8/27/2013 12:00,6.616333333
8/27/2013 18:00,8.5775
8/28/2013 0:00,7.3315
8/28/2013 6:00,4.191666667
8/28/2013 12:00,7.147166667
8/28/2013 18:00,9.258833333
8/29/2013 0:00,7.804666667
8/29/2013 6:00,5.709333333
8/29/2013 12:00,5.557
8/29/2013 18:00,6.631
8/30/2013 0:00,5.175833333
8/30/2013 6:00,5.172833333
8/30/2013 12:00,8.539666667
8/30/2013 18:00,8.687833333
8/31/2013 0:00,8.897833333
8/31/2013 6:00,8.718166667
8/31/2013 12:00,10.06983333
8/31/2013 18:00,7.560333333
9/1/2013 0:00,6.273666667
9/1/2013 6:00,5.916833333
9/1/2013 12:00,6.527166667
9/1/2013 18:00,3.562
9/2/2013 0:00,2.193333333
9/2/2013 6:00,1.812166667
9/2/2013 12:00,4.9575
9/2/2013 18:00,3.892166667
9/3/2013 0:00,1.927333333
9/3/2013 6:00,2.425666667
9/3/2013 12:00,4.249666667
9/3/2013 18:00,5.105833333
9/4/2013 0:00,4.020833333
9/4/2013 6:00,3.685333333
9/4/2013 12:00,3.4465
9/4/2013 18:00,7.387333333
9/5/2013 0:00,8.434666667
9/5/2013 6:00,10.21866667
9/5/2013 12:00,6.069
9/5/2013 18:00,4.547666667
9/6/2013 0:00,2.637
9/6/2013 6:00,1.530666667
9/6/2013 12:00,3.446
9/6/2013 18:00,7.0245
9/7/2013 0:00,5.751666667
9/7/2013 6:00,1.417
9/7/2013 12:00,4.111333333
9/7/2013 18:00,4.97
9/8/2013 0:00,6.510166667
9/8/2013 6:00,7.503333333
9/8/2013 12:00,11.70483333
9/8/2013 18:00,10.56916667
9/9/2013 0:00,4.900833333
9/9/2013 6:00,4.408333333
9/9/2013 12:00,3.999166667
9/9/2013 18:00,2.771
9/10/2013 0:00,7.659666667
9/10/2013 6:00,7.694666667
9/10/2013 12:00,9.4885
9/10/2013 18:00,11.15516667
9/11/2013 0:00,9.448666667
9/11/2013 6:00,4.4405
9/11/2013 12:00,4.1285
9/11/2013 18:00,3.928833333
9/12/2013 0:00,3.608833333
9/12/2013 6:00,2.151666667
9/12/2013 12:00,3.21
9/12/2013 18:00,5.949166667
9/13/2013 0:00,6.215
9/13/2013 6:00,4.293666667
9/13/2013 12:00,4.904833333
9/13/2013 18:00,6.138166667
9/14/2013 0:00,5.962333333
9/14/2013 6:00,3.908833333
9/14/2013 12:00,5.1965
9/14/2013 18:00,7.555333333
9/15/2013 0:00,6.6555
9/15/2013 6:00,7.947
9/15/2013 12:00,8.2405
9/15/2013 18:00,7.725833333
9/16/2013 0:00,6.557666667
9/16/2013 6:00,5.53
9/16/2013 12:00,6.766
9/16/2013 18:00,4.786833333
9/17/2013 0:00,3.042666667
9/17/2013 6:00,2.121
9/17/2013 12:00,3.017166667
9/17/2013 18:00,5.626
9/18/2013 0:00,5.3005
9/18/2013 6:00,7.7325
9/18/2013 12:00,12.97316667
9/18/2013 18:00,15.435
9/19/2013 0:00,10.21266667
9/19/2013 6:00,7.824666667
9/19/2013 12:00,6.322333333
9/19/2013 18:00,7.967833333
9/20/2013 0:00,7.051166667
9/20/2013 6:00,6.2575
9/20/2013 12:00,5.5285
9/20/2013 18:00,3.834166667
9/21/2013 0:00,2.1945
9/21/2013 6:00,2.7585
9/21/2013 12:00,4.715166667
9/21/2013 18:00,3.302833333
9/22/2013 0:00,3.2555
9/22/2013 6:00,2.028166667
9/22/2013 12:00,3.498833333
9/22/2013 18:00,7.144833333
9/23/2013 0:00,6.127166667
9/23/2013 6:00,6.607333333
9/23/2013 12:00,6.304166667
9/23/2013 18:00,8.624666667
9/24/2013 0:00,6.6815
9/24/2013 6:00,4.563666667
9/24/2013 12:00,6.298666667
9/24/2013 18:00,3.490166667
9/25/2013 0:00,6.939333333
9/25/2013 6:00,7.528333333
9/25/2013 12:00,9.493166667
9/25/2013 18:00,10.642
9/26/2013 0:00,8.5635
9/26/2013 6:00,9.444666667
9/26/2013 12:00,9.589666667
9/26/2013 18:00,8.367
9/27/2013 0:00,7.0665
9/27/2013 6:00,6.608833333
9/27/2013 12:00,4.450833333
9/27/2013 18:00,2.867166667
9/28/2013 0:00,2.077
9/28/2013 6:00,5.675
9/28/2013 12:00,8.4365
9/28/2013 18:00,8.91
9/29/2013 0:00,7.2495
9/29/2013 6:00,6.06
9/29/2013 12:00,3.094666667
9/29/2013 18:00,1.619333333
9/30/2013 0:00,1.6995
9/30/2013 6:00,1.977
9/30/2013 12:00,2.797
9/30/2013 18:00,6.066833333
10/1/2013 0:00,7.997666667
10/1/2013 6:00,9.900833333
10/1/2013 12:00,11.2175
10/1/2013 18:00,8.607666667
10/2/2013 0:00,6.351833333
10/2/2013 6:00,3.9835
10/2/2013 12:00,3.6465
10/2/2013 18:00,1.7105
10/3/2013 0:00,1.833666667
10/3/2013 6:00,1.922833333
10/3/2013 12:00,3.300333333
10/3/2013 18:00,2.422333333
10/4/2013 0:00,2.7195
10/4/2013 6:00,2.684
10/4/2013 12:00,1.0955
10/4/2013 18:00,0.988166667
10/5/2013 0:00,2.284333333
10/5/2013 6:00,2.626166667
10/5/2013 12:00,3.898
10/5/2013 18:00,6.100333333
10/6/2013 0:00,7.573
10/6/2013 6:00,7.114
10/6/2013 12:00,11.38016667
10/6/2013 18:00,9.534833333
10/7/2013 0:00,6.1695
10/7/2013 6:00,3.254166667
10/7/2013 12:00,3.469166667
10/7/2013 18:00,4.017833333
10/8/2013 0:00,3.8895
10/8/2013 6:00,3.4675
10/8/2013 12:00,2.020166667
10/8/2013 18:00,3.459
10/9/2013 0:00,6.325666667
10/9/2013 6:00,7.114166667
10/9/2013 12:00,7.173
10/9/2013 18:00,6.2395
10/10/2013 0:00,6.079666667
10/10/2013 6:00,6.418833333
10/10/2013 12:00,5.011
10/10/2013 18:00,8.6565
10/11/2013 0:00,11.69933333
10/11/2013 6:00,10.051
10/11/2013 12:00,7.2995
10/11/2013 18:00,7.489666667
10/12/2013 0:00,7.7065
10/12/2013 6:00,7.189333333
10/12/2013 12:00,9.730833333
10/12/2013 18:00,10.57833333
10/13/2013 0:00,8.435166667
10/13/2013 6:00,5.229333333
10/13/2013 12:00,5.044833333
10/13/2013 18:00,5.064666667
10/14/2013 0:00,6.329833333
10/14/2013 6:00,9.981166667
10/14/2013 12:00,10.83233333
10/14/2013 18:00,11.38916667
10/15/2013 0:00,11.09283333
10/15/2013 6:00,10.095
10/15/2013 12:00,10.0175
10/15/2013 18:00,7.300166667
10/16/2013 0:00,7.679333333
10/16/2013 6:00,10.0295
10/16/2013 12:00,8.3905
10/16/2013 18:00,6.460833333
10/17/2013 0:00,7.253666667
10/17/2013 6:00,5.504666667
10/17/2013 12:00,3.119
10/17/2013 18:00,2.440333333
10/18/2013 0:00,2.669833333
10/18/2013 6:00,1.6
10/18/2013 12:00,5.742666667
10/18/2013 18:00,6.923833333
10/19/2013 0:00,7.2365
10/19/2013 6:00,9.410166667
10/19/2013 12:00,10.364
10/19/2013 18:00,10.35616667
10/20/2013 0:00,7.994333333
10/20/2013 6:00,6.195166667
10/20/2013 12:00,7.076166667
10/20/2013 18:00,8.884
10/21/2013 0:00,8.812
10/21/2013 6:00,7.2835
10/21/2013 12:00,8.861666667
10/21/2013 18:00,10.20816667
10/22/2013 0:00,8.795333333
10/22/2013 6:00,9.204
10/22/2013 12:00,8.596166667
10/22/2013 18:00,8.437333333
10/23/2013 0:00,8.900666667
10/23/2013 6:00,7.567666667
10/23/2013 12:00,3.8355
10/23/2013 18:00,5.3815
10/24/2013 0:00,5.175
10/24/2013 6:00,3.9165
10/24/2013 12:00,2.644333333
10/24/2013 18:00,0.955833333
10/25/2013 0:00,0.675833333
10/25/2013 6:00,1.343
10/25/2013 12:00,2.2005
10/25/2013 18:00,2.774333333
10/26/2013 0:00,3.0885
10/26/2013 6:00,2.688166667
10/26/2013 12:00,2.884333333
10/26/2013 18:00,4.1155
10/27/2013 0:00,1.869166667
10/27/2013 6:00,2.823333333
10/27/2013 12:00,3.6365
10/27/2013 18:00,4.233166667
10/28/2013 0:00,6.983
10/28/2013 6:00,8.924833333
10/28/2013 12:00,10.47866667
10/28/2013 18:00,11.33883333
10/29/2013 0:00,15.1575
10/29/2013 6:00,18.76666667
10/29/2013 12:00,27.572
10/29/2013 18:00,22.36716667
10/30/2013 0:00,14.56533333
10/30/2013 6:00,10.62016667
10/30/2013 12:00,6.797333333
10/30/2013 18:00,6.727833333
10/31/2013 0:00,5.0805
10/31/2013 6:00,5.016833333
10/31/2013 12:00,5.285
10/31/2013 18:00,6.175333333
11/1/2013 0:00,4.809833333
11/1/2013 6:00,4.5875
11/1/2013 12:00,5.956166667
11/1/2013 18:00,5.1355
11/2/2013 0:00,5.336333333
11/2/2013 6:00,5.504
11/2/2013 12:00,5.7035
11/2/2013 18:00,8.309166667
11/3/2013 0:00,8.700833333
11/3/2013 6:00,9.375666667
11/3/2013 12:00,8.86
11/3/2013 18:00,10.24566667
11/4/2013 0:00,10.20683333
11/4/2013 6:00,8.623333333
11/4/2013 12:00,6.722833333
11/4/2013 18:00,9.475333333
11/5/2013 0:00,7.339833333
11/5/2013 6:00,6.3115
11/5/2013 12:00,6.935833333
11/5/2013 18:00,9.0375
11/6/2013 0:00,7.253166667
11/6/2013 6:00,5.297333333
11/6/2013 12:00,2.981833333
11/6/2013 18:00,6.568333333
11/7/2013 0:00,8.878
11/7/2013 6:00,12.219
11/7/2013 12:00,15.00766667
11/7/2013 18:00,13.1935
11/8/2013 0:00,14.6245
11/8/2013 6:00,15.06283333
11/8/2013 12:00,14.208
11/8/2013 18:00,12.80916667
11/9/2013 0:00,12.7935
11/9/2013 6:00,10.86733333
11/9/2013 12:00,8.041166667
11/9/2013 18:00,9.483833333
11/10/2013 0:00,7.335333333
11/10/2013 6:00,7.260333333
11/10/2013 12:00,3.699666667
11/10/2013 18:00,0.993833333
11/11/2013 0:00,4.022166667
11/11/2013 6:00,6.793333333
11/11/2013 12:00,7.504833333
11/11/2013 18:00,8.918666667
11/12/2013 0:00,6.784333333
11/12/2013 6:00,6.744333333
11/12/2013 12:00,6.539666667
11/12/2013 18:00,9.432666667
11/13/2013 0:00,9.7815
11/13/2013 6:00,8.7515
11/13/2013 12:00,5.278166667
11/13/2013 18:00,8.754833333
11/14/2013 0:00,9.241166667
11/14/2013 6:00,8.722833333
11/14/2013 12:00,6.368333333
11/14/2013 18:00,9.430833333
11/15/2013 0:00,9.606
11/15/2013 6:00,8.259
11/15/2013 12:00,5.753
11/15/2013 18:00,6.4435
11/16/2013 0:00,6.179166667
11/16/2013 6:00,5.1435
11/16/2013 12:00,3.174333333
11/16/2013 18:00,4.38
11/17/2013 0:00,8.430833333
11/17/2013 6:00,6.1505
11/17/2013 12:00,3.634
11/17/2013 18:00,3.794
11/18/2013 0:00,4.865
11/18/2013 6:00,4.839833333
11/18/2013 12:00,5.284333333
11/18/2013 18:00,6.214333333
11/19/2013 0:00,6.217666667
11/19/2013 6:00,4.527666667
11/19/2013 12:00,3.843666667
11/19/2013 18:00,4.963166667
11/20/2013 0:00,4.967833333
11/20/2013 6:00,3.4335
11/20/2013 12:00,3.039333333
11/20/2013 18:00,5.033666667
11/21/2013 0:00,6.233
11/21/2013 6:00,5.581666667
11/21/2013 12:00,5.826666667
11/21/2013 18:00,5.899833333
11/22/2013 0:00,3.824166667
11/22/2013 6:00,2.659666667
11/22/2013 12:00,1.7115
11/22/2013 18:00,2.499166667
11/23/2013 0:00,2.994166667
11/23/2013 6:00,3.7705
11/23/2013 12:00,5.538833333
11/23/2013 18:00,8.9505
11/24/2013 0:00,7.158333333
11/24/2013 6:00,9.215666667
11/24/2013 12:00,11.158
11/24/2013 18:00,11.48433333
11/25/2013 0:00,10.12516667
11/25/2013 6:00,9.8125
11/25/2013 12:00,9.566666667
11/25/2013 18:00,7.958666667
11/26/2013 0:00,8.5195
11/26/2013 6:00,6.552833333
11/26/2013 12:00,6.868833333
11/26/2013 18:00,5.185666667
11/27/2013 0:00,2.765166667
11/27/2013 6:00,2.1875
11/27/2013 12:00,1.290666667
11/27/2013 18:00,3.413666667
11/28/2013 0:00,8.0755
11/28/2013 6:00,5.843
11/28/2013 12:00,4.777
11/28/2013 18:00,5.998333333
11/29/2013 0:00,8.157
11/29/2013 6:00,7.356333333
11/29/2013 12:00,8.625666667
11/29/2013 18:00,12.256
11/30/2013 0:00,8.29
11/30/2013 6:00,5.620666667
11/30/2013 12:00,3.5075
11/30/2013 18:00,4.478
12/1/2013 0:00,5.495833333
12/1/2013 6:00,4.404833333
12/1/2013 12:00,3.875166667
12/1/2013 18:00,2.97
12/2/2013 0:00,1.8425
12/2/2013 6:00,4.105333333
12/2/2013 12:00,7.792
12/2/2013 18:00,10.42233333
12/3/2013 0:00,10.77566667
12/3/2013 6:00,7.054
12/3/2013 12:00,4.761833333
12/3/2013 18:00,3.8265
12/4/2013 0:00,1.902333333
12/4/2013 6:00,2.760333333
12/4/2013 12:00,6.17
12/4/2013 18:00,9.318166667
12/5/2013 0:00,9.278666667
12/5/2013 6:00,7.627666667
12/5/2013 12:00,10.593
12/5/2013 18:00,10.963
12/6/2013 0:00,8.782
12/6/2013 6:00,5.701166667
12/6/2013 12:00,2.7625
12/6/2013 18:00,1.718833333
12/7/2013 0:00,3.2565
12/7/2013 6:00,3.8095
12/7/2013 12:00,3.534166667
12/7/2013 18:00,3.586166667
12/8/2013 0:00,2.149666667
12/8/2013 6:00,2.356
12/8/2013 12:00,3.1895
12/8/2013 18:00,5.248833333
12/9/2013 0:00,7.329666667
12/9/2013 6:00,7.297666667
12/9/2013 12:00,3.745833333
12/9/2013 18:00,7.652333333
12/10/2013 0:00,9.8455
12/10/2013 6:00,6.5335
12/10/2013 12:00,8.362166667
12/10/2013 18:00,9.421666667
12/11/2013 0:00,8.004333333
12/11/2013 6:00,6.886833333
12/11/2013 12:00,6.0555
12/11/2013 18:00,7.688833333
12/12/2013 0:00,5.482333333
12/12/2013 6:00,4.766333333
12/12/2013 12:00,3.125666667
12/12/2013 18:00,2.8435
12/13/2013 0:00,4.6395
12/13/2013 6:00,3.267833333
12/13/2013 12:00,1.689666667
12/13/2013 18:00,3.2455
12/14/2013 0:00,6.354833333
12/14/2013 6:00,6.774833333
12/14/2013 12:00,6.936666667
12/14/2013 18:00,9.073333333
12/15/2013 0:00,10.3355
12/15/2013 6:00,6.426666667
12/15/2013 12:00,4.136833333
12/15/2013 18:00,6.711666667
12/16/2013 0:00,5.2125
12/16/2013 6:00,3.582666667
12/16/2013 12:00,8.6185
12/16/2013 18:00,9.527833333
12/17/2013 0:00,10.128
12/17/2013 6:00,9.171833333
12/17/2013 12:00,6.316166667
12/17/2013 18:00,7.054166667
12/18/2013 0:00,10.001
12/18/2013 6:00,7.687833333
12/18/2013 12:00,4.0955
12/18/2013 18:00,6.506666667
12/19/2013 0:00,9.668333333
12/19/2013 6:00,11.85666667
12/19/2013 12:00,11.07066667
12/19/2013 18:00,10.26383333
12/20/2013 0:00,8.223166667
12/20/2013 6:00,4.644333333
12/20/2013 12:00,3.4505
12/20/2013 18:00,5.488
12/21/2013 0:00,8.676666667
12/21/2013 6:00,17.36366667
12/21/2013 12:00,14.90583333
12/21/2013 18:00,9.681833333
12/22/2013 0:00,9.085333333
12/22/2013 6:00,9.250833333
12/22/2013 12:00,12.471
12/22/2013 18:00,12.70383333
12/23/2013 0:00,10.39583333
12/23/2013 6:00,8.046
12/23/2013 12:00,7.975
12/23/2013 18:00,8.06
12/24/2013 0:00,9.387833333
12/24/2013 6:00,5.822333333
12/24/2013 12:00,2.851333333
12/24/2013 18:00,1.040666667
12/25/2013 0:00,3.957333333
12/25/2013 6:00,5.116166667
12/25/2013 12:00,6.012333333
12/25/2013 18:00,7.248166667
12/26/2013 0:00,5.350833333
12/26/2013 6:00,5.8575
12/26/2013 12:00,6.2835
12/26/2013 18:00,13.05616667
12/27/2013 0:00,18.029
12/27/2013 6:00,16.31633333
12/27/2013 12:00,15.23316667
12/27/2013 18:00,11.97666667
12/28/2013 0:00,10.9955
12/28/2013 6:00,11.10583333
12/28/2013 12:00,7.869166667
12/28/2013 18:00,7.144
12/29/2013 0:00,4.882
12/29/2013 6:00,2.4165
12/29/2013 12:00,4.463
12/29/2013 18:00,8.3375
12/30/2013 0:00,9.751333333
12/30/2013 6:00,11.203
12/30/2013 12:00,13.03583333
12/30/2013 18:00,11.94533333
12/31/2013 0:00,7.970833333
12/31/2013 6:00,7.6595
12/31/2013 12:00,7.901166667
12/31/2013 18:00,6.794166667
