date,Temperature @ 2m [deg C],Sea-Level Pressure (Est) [mBar],Avg Wind Speed @ 2m [m/s],Avg Wind Direction @ 2m [deg],Avg Wind Shear [1/s],Turbulence Intensity @ 2m,Friction Velocity (u*) [m/s],Avg Wind Speed @ 80m [m/s]
2019-03-01 00:00:00,1.2811166666666662,1010.6085,1.9544833333333331,212.80456666666663,0.039316666666666625,0.1961,0.27505999999999997,3.8866333333333336
2019-03-01 01:00:00,-0.5182000000000002,1010.8869999999996,1.2204166666666665,173.007,0.029933333333333326,0.2946,-1.2134133333333337,3.018816666666666
2019-03-01 02:00:00,5.157816666666668,1010.2795000000002,4.925216666666665,271.43666666666667,0.08393333333333339,0.17338333333333336,0.4133900000000001,8.180516666666666
2019-03-01 03:00:00,6.486566666666666,1009.8956666666669,4.037066666666666,286.7549999999999,0.06869999999999998,0.1947000000000001,0.3888933333333334,7.203250000000001
2019-03-01 04:00:00,6.739116666666665,1010.3109999999999,4.362783333333335,292.40666666666664,0.07091666666666666,0.18870000000000003,0.3623133333333333,7.294066666666667
2019-03-01 05:00:00,6.264816666666666,1010.8143333333334,4.301233333333332,272.98666666666674,0.0659,0.18573333333333325,0.37462666666666683,7.299800000000003
2019-03-01 06:00:00,5.372966666666665,1011.3053333333336,4.458233333333333,259.1866666666667,0.07404999999999999,0.1600833333333334,0.4253133333333332,7.9865666666666675
2019-03-01 07:00:00,3.6609166666666666,1011.6646666666667,2.2628333333333335,276.52686666666665,0.05001666666666667,0.18938333333333335,0.3671749999999999,4.9702666666666655
2019-03-01 08:00:00,6.489116666666666,1012.5916666666665,3.4193166666666666,294.58166666666665,0.051399999999999994,0.20066666666666672,0.3233483333333333,5.897749999999999
2019-03-01 09:00:00,7.019366666666666,1013.2233333333337,4.855100000000001,180.73476666666662,0.055299999999999995,0.17178333333333334,0.29902,6.934666666666668
2019-03-01 10:00:00,6.79071666666667,1013.8838333333332,3.485883333333333,56.90571666666668,0.027716666666666664,0.18196666666666672,-1.441681666666667,4.546233333333333
2019-03-01 11:00:00,8.202050000000002,1014.3251666666664,2.9217166666666667,121.64761666666666,0.02178333333333333,0.25310000000000005,-4.7324350000000015,3.7622500000000003
2019-03-01 12:00:00,7.345950000000001,1014.5241666666669,4.8679,161.5,0.03568333333333333,0.22891666666666674,-1.2826866666666668,6.6223833333333335
2019-03-01 13:00:00,3.577116666666666,1015.4306666666671,3.719783333333332,93.7363333333333,0.0037000000000000015,0.16876666666666668,-22.87142833333333,4.278666666666667
2019-03-01 14:00:00,3.6415833333333336,1015.3868333333336,3.287466666666667,132.52333333333328,0.11343333333333337,0.20316666666666666,0.3589916666666666,5.8139833333333355
2019-03-01 15:00:00,2.9590666666666667,1015.570833333333,3.0372666666666666,134.5266666666667,0.13676666666666662,0.17581666666666668,0.37273666666666677,5.981233333333336
2019-03-01 16:00:00,2.5997999999999997,1015.8048333333335,2.8693166666666667,125.42000000000003,0.08961666666666669,0.18268333333333328,0.27350166666666664,4.938716666666667
2019-03-01 17:00:00,1.6761333333333335,1015.892166666667,2.6106166666666666,122.3566666666667,0.07973333333333331,0.17031666666666664,0.28663666666666654,4.871283333333334
2019-03-01 18:00:00,0.6869666666666667,1016.2498333333332,2.406183333333333,130.00000000000003,0.10026666666666666,0.18048333333333338,0.3234516666666668,5.2617
2019-03-01 19:00:00,0.011866666666666663,1016.1576666666666,2.5401833333333337,126.13666666666668,0.10355000000000003,0.17041666666666663,0.3331983333333333,5.6486833333333335
2019-03-01 20:00:00,-0.21595,1015.8464999999999,1.317583333333334,150.85166666666663,0.08535000000000001,0.19488333333333335,0.2817566666666667,3.9609333333333345
2019-03-01 21:00:00,-0.52315,1015.343333333333,1.1454833333333332,129.11149999999998,0.030499999999999975,0.14568333333333333,0.1701833333333333,2.454183333333333
2019-03-01 22:00:00,-0.9958500000000002,1015.1975000000002,2.341466666666667,262.83718333333337,0.05386666666666669,0.13348333333333334,0.23542000000000007,4.059466666666667
2019-03-01 23:00:00,-2.4742333333333333,1014.5334999999998,3.8021333333333325,327.375,0.07723333333333339,0.13281666666666664,0.29852499999999993,6.4308
2019-03-02 00:00:00,-3.2052666666666667,1013.4801666666667,3.282016666666666,340.29151666666655,0.05898333333333334,0.12769999999999995,0.19968166666666667,4.995366666666665
2019-03-02 01:00:00,-3.192966666666665,1012.7454999999998,3.074766666666666,348.56166666666655,0.051266666666666655,0.1287666666666667,0.18645666666666663,4.5252500000000015
2019-03-02 02:00:00,-3.6162000000000005,1011.8746666666669,2.449083333333333,293.25798333333324,0.033616666666666656,0.12468333333333333,0.12827500000000003,3.2557333333333327
2019-03-02 03:00:00,-4.9026999999999985,1011.4498333333338,2.7594833333333324,266.6706666666667,0.029616666666666666,0.1233666666666667,0.12382999999999997,3.515433333333333
2019-03-02 04:00:00,-5.4724499999999985,1012.4246666666666,3.316483333333333,276.8516166666667,0.048333333333333325,0.12449999999999999,0.1610216666666667,4.596883333333334
2019-03-02 05:00:00,-6.097416666666665,1013.0188333333332,3.5560666666666663,277.65861666666666,0.06018333333333334,0.12758333333333335,0.22828833333333326,5.4365000000000006
2019-03-02 06:00:00,-6.1799,1013.9741666666666,2.372983333333333,281.0596666666667,0.03493333333333331,0.12901666666666667,0.13317833333333332,3.1519000000000004
2019-03-02 07:00:00,-5.793666666666668,1014.8821666666665,2.8741166666666667,345.68000000000006,0.03956666666666665,0.12443333333333333,0.14043333333333333,3.727083333333332
2019-03-02 08:00:00,-5.48275,1015.8680000000002,3.75965,324.01645,0.05396666666666669,0.11955000000000005,0.19794333333333333,4.761383333333332
2019-03-02 09:00:00,-5.240683333333332,1016.4945,4.58355,299.82476666666673,0.06065,0.12543333333333334,0.21726166666666663,5.817416666666665
2019-03-02 10:00:00,-5.1278999999999995,1016.8586666666665,4.610200000000002,344.20833333333326,0.07198333333333336,0.13318333333333332,0.28315833333333346,5.821799999999999
2019-03-02 11:00:00,-5.226816666666665,1017.1135000000002,3.996366666666667,162.9399166666667,0.05973333333333333,0.1378,0.24092833333333333,5.661033333333335
2019-03-02 12:00:00,-5.739066666666667,1016.7263333333335,4.443566666666665,237.40353333333329,0.06643333333333332,0.12751666666666664,0.23729166666666673,6.189549999999999
2019-03-02 13:00:00,-6.613166666666667,1016.1093333333336,3.9446500000000007,244.7028166666667,0.06054999999999999,0.14070000000000002,0.23646,5.500166666666667
2019-03-02 14:00:00,-8.756333333333336,1016.4504999999997,3.4052166666666652,27.174166666666665,0.06613333333333332,0.17880000000000001,0.34527500000000005,5.263499999999999
2019-03-02 15:00:00,-10.184166666666663,1017.0228333333336,3.319583333333334,21.614183333333322,0.0464,0.1477333333333334,0.22104333333333334,4.29155
2019-03-02 16:00:00,-11.219500000000002,1016.8406666666666,3.418250000000001,15.013700000000005,0.04861666666666666,0.15131666666666668,0.22694499999999998,4.6429333333333345
2019-03-02 17:00:00,-12.1445,1017.1523333333331,3.1033166666666676,49.09591666666666,0.04828333333333335,0.14463333333333328,0.23283833333333342,4.7062
2019-03-02 18:00:00,-13.224166666666665,1017.214,2.6365499999999993,24.83078333333334,0.04663333333333333,0.1395166666666667,0.23240666666666668,4.406783333333333
2019-03-02 19:00:00,-14.386833333333332,1017.5088333333337,2.7676833333333324,17.19083333333333,0.04539999999999999,0.14038333333333333,0.22689499999999996,4.286749999999999
2019-03-02 20:00:00,-15.32,1017.9239999999999,2.2473333333333327,98.88514999999998,0.03811666666666667,0.1559333333333333,0.22362833333333337,3.9489333333333323
2019-03-02 21:00:00,-16.51333333333333,1018.4509999999997,2.2226166666666662,29.869483333333328,0.03533333333333332,0.1572333333333333,0.17580666666666672,3.5472000000000006
2019-03-02 22:00:00,-17.206333333333326,1018.4140000000003,2.0633833333333333,216.7980333333334,0.02854999999999999,0.12803333333333336,0.13637333333333335,3.12335
2019-03-02 23:00:00,-17.49883333333333,1018.2513333333334,1.2545333333333337,144.26459999999994,0.01470000000000001,0.16633333333333328,-6.517141666666666,1.7970333333333335
2019-03-03 00:00:00,-17.721999999999998,1018.2876666666666,1.0700833333333335,67.98983333333334,0.005700000000000001,0.1554,-24.66509333333332,1.3745666666666667
2019-03-03 01:00:00,-18.360833333333332,1018.8833333333332,1.3278499999999995,38.470000000000006,0.03345,0.19196666666666673,0.17194499999999996,2.3510333333333335
2019-03-03 02:00:00,-19.101833333333328,1019.0635000000003,1.0687500000000003,42.80216666666668,0.02461666666666666,0.21045,0.12639999999999998,1.7688833333333325
2019-03-03 03:00:00,-19.883333333333326,1018.9601666666666,0.9275166666666667,36.24291666666667,0.029733333333333316,0.18061666666666673,0.17558333333333334,2.1365000000000003
2019-03-03 04:00:00,-20.04133333333333,1019.0911666666667,1.0224666666666666,64.51200000000001,0.01158333333333334,0.15805000000000008,-8.174078333333334,1.4405499999999993
2019-03-03 05:00:00,-20.590833333333325,1019.6535000000001,1.082183333333333,67.67066666666665,0.0178,0.13370000000000004,0.10264166666666671,1.536133333333333
2019-03-03 06:00:00,-20.671833333333336,1019.8609999999995,0.5661500000000002,34.178283333333326,0.008350000000000005,0.1807833333333333,-9.820153333333336,0.7316333333333335
2019-03-03 07:00:00,-20.022666666666666,1019.8681666666666,0.5672666666666668,129.28449999999998,0.003633333333333333,0.08701666666666667,-21.39843,0.29779999999999984
2019-03-03 08:00:00,-18.59466666666667,1020.0798333333335,0.5882500000000002,203.48283333333336,-0.0022166666666666667,0.15256666666666666,-29.66490666666667,0.2729999999999998
2019-03-03 09:00:00,-18.389333333333337,1020.0936666666664,1.1827166666666669,65.67495,0.0004000000000000001,0.2255333333333333,-6.54154,0.2729999999999998
2019-03-03 10:00:00,-17.800000000000004,1019.725166666667,0.8281166666666666,70.43889999999996,-0.001900000000000001,0.2502833333333333,-22.93982666666666,0.5166666666666667
2019-03-03 11:00:00,-17.264333333333333,1019.4359999999999,0.7587833333333336,108.76311666666669,0.0020833333333333337,0.26861666666666667,-16.426943333333337,0.6774833333333331
2019-03-03 12:00:00,-16.581,1018.6926666666666,0.8442166666666667,107.57483333333334,0.004266666666666667,0.25526666666666675,-16.417661666666667,0.6704000000000001
2019-03-03 13:00:00,-16.71983333333333,1018.0024999999999,1.169466666666666,56.612166666666646,0.0033666666666666675,0.19130000000000003,-9.841649999999996,0.9843666666666667
2019-03-03 14:00:00,-16.51033333333333,1018.1081666666664,1.1033333333333333,38.68933333333334,0.005283333333333335,0.18588333333333334,-9.847655,1.0871666666666668
2019-03-03 15:00:00,-16.783000000000005,1018.6108333333331,1.58915,51.44966666666667,0.014900000000000007,0.153,-1.5652666666666666,1.8187833333333332
2019-03-03 16:00:00,-16.990499999999997,1018.7458333333332,1.2024833333333336,47.39216666666667,0.006600000000000003,0.16824999999999998,-4.877938333333335,1.357466666666667
2019-03-03 17:00:00,-17.334333333333333,1018.7471666666663,1.2010999999999998,62.097666666666655,0.008766666666666671,0.14716666666666667,-6.543416666666668,1.1861999999999997
2019-03-03 18:00:00,-17.97800000000001,1019.3296666666668,0.6089333333333334,23.659516666666665,0.021616666666666676,0.1686666666666667,0.11737,1.0370666666666666
2019-03-03 19:00:00,-18.495499999999996,1019.6125,0.5518666666666667,57.38333333333335,0.019800000000000005,0.10305000000000002,0.11922999999999997,1.456933333333334
2019-03-03 20:00:00,-18.48466666666668,1019.9595000000002,0.6818000000000002,202.04808333333327,0.010850000000000005,0.14570000000000005,-6.4613716666666665,1.2116999999999998
2019-03-03 21:00:00,-18.531,1020.1003333333337,0.5898666666666669,124.11393333333335,0.008150000000000004,0.12686666666666668,-2.896293333333333,0.8762833333333334
2019-03-03 22:00:00,-18.724500000000017,1020.1173333333335,0.3778666666666667,94.06666666666663,0.0019666666666666665,0.05959999999999999,-14.799568333333326,0.4481833333333332
2019-03-03 23:00:00,-19.324,1020.1471666666669,0.7368666666666667,185.75249999999994,0.0011166666666666666,0.05491666666666666,-23.025664999999996,0.7130333333333334
2019-03-04 00:00:00,-19.687333333333335,1020.0145000000001,1.1305000000000003,218.20333333333335,-0.005233333333333334,0.08523333333333334,-34.378483333333335,1.2509666666666666
2019-03-04 01:00:00,-18.96983333333333,1019.9231666666668,0.8836333333333329,240.01999999999998,0.008333333333333335,0.08675000000000001,-1.4709383333333326,1.3775333333333337
2019-03-04 02:00:00,-18.86466666666667,1019.613,1.2572333333333334,219.92999999999992,-0.028050000000000005,0.0872166666666666,-70.91790166666667,0.37551666666666655
2019-03-04 03:00:00,-18.087000000000003,1019.2360000000001,1.08105,229.68999999999997,-0.011566666666666671,0.12345,-39.45680166666667,1.062733333333333
2019-03-04 04:00:00,-18.625499999999995,1019.3676666666667,0.6436666666666665,264.24043333333327,0.016750000000000008,0.07138333333333334,0.10110166666666665,0.8405166666666666
2019-03-04 05:00:00,-18.36683333333332,1019.4525000000001,0.6201666666666666,240.11500000000004,0.005700000000000001,0.06545,-14.756511666666665,0.5723
2019-03-04 06:00:00,-18.099833333333333,1019.3071666666671,0.6854999999999996,201.08100000000005,0.009033333333333338,0.03758333333333332,-4.7159249999999995,1.1688
2019-03-04 07:00:00,-17.844500000000004,1019.492666666666,0.9674666666666666,211.98733333333337,0.01073333333333334,0.07235,-3.181211666666667,1.2785499999999999
2019-03-04 08:00:00,-16.3145,1019.552666666667,1.8366833333333332,183.91333333333333,0.02936666666666666,0.08786666666666663,0.16865666666666668,2.9042833333333333
2019-03-04 09:00:00,-13.96166666666667,1019.2163333333333,2.9257666666666666,178.43166666666673,0.018483333333333345,0.09585000000000002,0.13705000000000006,3.451250000000001
2019-03-04 10:00:00,-11.880833333333332,1018.7325000000003,2.199283333333333,166.6866666666667,0.029400000000000003,0.14511666666666664,-1.5345633333333337,2.7319
2019-03-04 11:00:00,-10.595333333333334,1018.4341666666668,1.3568833333333337,143.895,0.04169999999999999,0.2288166666666666,0.15900999999999996,2.0624666666666664
2019-03-04 12:00:00,-9.89433333333333,1018.1820000000001,1.4602000000000004,108.67383333333333,0.004500000000000001,0.21381666666666668,-9.79340166666666,1.6058500000000002
2019-03-04 13:00:00,-10.835499999999994,1017.7703333333333,2.0135500000000004,180.91428333333337,0.016516666666666676,0.17130000000000004,0.09882,2.3246666666666664
2019-03-04 14:00:00,-11.043833333333332,1017.7628333333336,1.514466666666667,35.54018333333333,0.012716666666666675,0.19551666666666678,-1.577670000000001,1.7812166666666667
2019-03-04 15:00:00,-10.933499999999999,1017.7211666666665,1.3623833333333333,81.2407,-0.0019,0.19795000000000001,-18.025290000000002,1.0766
2019-03-04 16:00:00,-11.121999999999998,1017.8285,0.9600166666666666,145.82688333333329,0.0033333333333333335,0.16055000000000005,-8.197729999999998,0.854866666666667
2019-03-04 17:00:00,-12.120666666666665,1017.9034999999999,0.6840166666666665,187.4770166666667,-1.66666666666661e-05,0.16283333333333333,-27.983020000000007,0.672366666666667
2019-03-04 18:00:00,-12.998333333333335,1018.6889999999999,1.0991166666666667,221.8766666666667,0.002800000000000001,0.18376666666666666,-14.585743333333335,1.4366333333333334
2019-03-04 19:00:00,-12.918333333333331,1018.8600000000006,2.389866666666666,196.97833333333332,0.05508333333333333,0.09861666666666667,0.24468166666666663,4.38015
2019-03-04 20:00:00,-13.116499999999998,1018.973,1.6279833333333338,167.93410000000003,0.04045000000000001,0.1516833333333333,0.25911666666666655,3.38065
2019-03-04 21:00:00,-13.877500000000001,1019.813833333333,1.2256833333333337,194.81511666666663,0.010650000000000001,0.17476666666666668,-11.366623333333335,1.5101666666666667
2019-03-04 22:00:00,-13.293333333333333,1020.053,1.4241,209.0608333333334,-0.014900000000000009,0.21090000000000006,-36.17622666666668,1.0468000000000002
2019-03-04 23:00:00,-13.126833333333332,1020.0898333333328,1.0634500000000005,227.28500000000005,-0.0018666666666666669,0.17733333333333334,-19.57020833333333,1.448866666666667
2019-03-05 00:00:00,-13.793666666666663,1020.6275000000002,0.7335666666666665,220.18555,0.01873333333333334,0.19345,-9.769741666666668,1.1559666666666666
2019-03-05 01:00:00,-13.867500000000005,1021.6306666666665,1.1469999999999998,245.685,0.00016666666666666715,0.12568333333333334,-9.809829999999996,0.7188333333333332
2019-03-05 02:00:00,-13.079500000000001,1022.0886666666664,0.9664333333333335,244.9766666666666,-0.0022166666666666667,0.1033166666666667,-31.282354999999995,0.7553666666666673
2019-03-05 03:00:00,-13.449833333333334,1022.1401666666669,1.8408333333333335,218.31500000000008,0.011233333333333336,0.07661666666666671,-29.516109999999994,2.236066666666667
2019-03-05 04:00:00,-13.030000000000001,1022.3343333333335,2.3802,192.98499999999996,0.06240000000000002,0.04939999999999999,0.2000066666666667,3.9518666666666666
2019-03-05 05:00:00,-12.60316666666667,1022.8711666666665,2.0255166666666664,197.09333333333333,0.06006666666666667,0.08570000000000001,0.22371166666666664,4.004216666666668
2019-03-05 06:00:00,-12.371999999999996,1022.9228333333334,1.1890333333333336,237.38000000000002,0.016333333333333342,0.18533333333333338,-4.714451666666666,2.3072499999999994
2019-03-05 07:00:00,-11.426333333333337,1023.7330000000001,0.8328833333333332,275.8192166666667,0.02258333333333334,0.16474999999999998,0.13484833333333332,0.6896666666666669
2019-03-05 08:00:00,-10.061833333333338,1024.2643333333333,0.9732166666666672,255.82658333333336,0.013433333333333342,0.13871666666666663,-4.852886666666665,1.0387166666666667
2019-03-05 09:00:00,-8.997166666666669,1024.364166666667,1.6089999999999995,202.62053333333336,0.010550000000000006,0.14266666666666664,-3.223226666666667,1.651316666666666
2019-03-05 10:00:00,-7.9082333333333334,1024.1218333333334,1.36095,112.40161666666668,0.012666666666666675,0.20043333333333335,-3.189146666666666,1.9240666666666661
2019-03-05 11:00:00,-7.001666666666668,1023.8898333333337,1.6153499999999996,69.70665,0.01228333333333334,0.19174999999999998,0.09204166666666665,1.9074833333333332
2019-03-05 12:00:00,-6.303249999999999,1023.4633333333335,1.1524666666666663,62.147000000000006,0.0024500000000000004,0.2712333333333334,-6.322956666666667,1.2665
2019-03-05 13:00:00,-5.1114,1022.5918333333333,0.9502499999999999,88.3350833333333,-0.0006333333333333334,0.2533166666666667,-3.9844383333333324,0.9249333333333335
2019-03-05 14:00:00,-4.940049999999999,1021.8958333333331,1.5294499999999998,67.89645000000002,0.0037500000000000007,0.1923166666666666,-8.169151666666668,1.2271333333333334
2019-03-05 15:00:00,-4.731666666666667,1021.4463333333333,1.7294833333333337,146.98486666666668,0.013983333333333342,0.17073333333333326,-3.21017,2.10165
2019-03-05 16:00:00,-5.5874500000000005,1020.7783333333333,1.6882166666666663,27.860199999999995,0.016283333333333344,0.14409999999999998,0.11705666666666664,2.1949166666666664
2019-03-05 17:00:00,-6.935416666666666,1020.3774999999999,0.9451833333333332,140.21708333333336,0.025049999999999992,0.13880000000000006,0.09983666666666667,1.5803833333333335
2019-03-05 18:00:00,-7.897049999999999,1019.9449999999999,0.864483333333333,283.6845333333333,0.033350000000000005,0.11471666666666668,0.15044833333333338,2.090783333333333
2019-03-05 19:00:00,-8.216233333333332,1019.681833333333,0.7327499999999999,227.74049999999997,0.003733333333333333,0.14445000000000002,-18.07819,1.0369666666666668
2019-03-05 20:00:00,-8.358399999999998,1019.1089999999999,0.9387499999999999,244.8126666666666,0.012000000000000004,0.15406666666666663,-13.072425,1.4982166666666668
2019-03-05 21:00:00,-8.498199999999999,1018.9299999999998,1.0711333333333333,240.53666666666672,0.00475,0.17634999999999998,-13.025090000000002,1.5902999999999998
2019-03-05 22:00:00,-8.403983333333331,1018.2614999999998,0.8877499999999999,200.47566666666668,0.002783333333333333,0.28413333333333335,-14.481188333333332,1.0720666666666667
2019-03-05 23:00:00,-8.260266666666668,1017.3101666666666,1.2094333333333334,229.6766666666666,0.0007833333333333331,0.24383333333333326,-17.94898166666666,1.1439333333333335
2019-03-06 00:00:00,-8.18755,1016.7773333333331,0.7974166666666667,212.98333333333326,0.013116666666666674,0.18254999999999996,-9.776931666666664,1.2460333333333335
2019-03-06 01:00:00,-8.09203333333333,1016.2776666666668,1.33335,182.0556666666667,0.036166666666666666,0.16036666666666666,0.18944666666666665,1.7222499999999994
2019-03-06 02:00:00,-7.965016666666667,1015.0931666666668,1.0964333333333334,180.69950000000003,0.026583333333333334,0.20658333333333337,-9.714578333333334,0.9891499999999999
2019-03-06 03:00:00,-8.627,1014.0651666666668,1.2318333333333333,202.97375000000002,0.03341666666666666,0.18280000000000005,-1.4413766666666665,1.7392166666666662
2019-03-06 04:00:00,-7.603683333333331,1013.7480000000004,1.1219666666666666,256.0716666666667,0.028,0.15621666666666673,-6.303246666666668,3.0082666666666666
2019-03-06 05:00:00,-5.960916666666664,1013.9345000000001,1.4695500000000001,262.9967166666667,0.061283333333333335,0.1497166666666667,0.36795333333333347,4.576666666666665
2019-03-06 06:00:00,-3.9795166666666666,1013.6308333333332,1.5209333333333332,195.31946666666673,0.004600000000000001,0.12445,-16.30879833333333,1.9393833333333335
2019-03-06 07:00:00,-3.2206833333333322,1013.6849999999998,1.7549166666666667,174.25683333333333,0.034449999999999995,0.14088333333333333,0.21610500000000002,1.3940500000000002
2019-03-06 08:00:00,-2.122633333333332,1013.7558333333332,1.6320666666666668,265.38413333333324,0.019516666666666672,0.14951666666666666,0.13595166666666664,2.262616666666667
2019-03-06 09:00:00,-0.4067833333333334,1013.4705,1.8944166666666666,324.83936666666665,0.03121666666666667,0.10919999999999998,0.2868216666666666,4.094583333333333
2019-03-06 10:00:00,0.40286666666666665,1013.144,2.333616666666666,292.9854333333334,0.027616666666666654,0.1418,0.1773766666666666,3.6675
2019-03-06 11:00:00,0.9303166666666667,1012.7323333333333,2.747083333333332,303.8481166666666,0.03429999999999999,0.1324,0.14234666666666668,3.8176333333333337
2019-03-06 12:00:00,1.3968500000000001,1012.2983333333331,2.00915,297.36039999999997,0.022483333333333334,0.12610000000000005,-1.532288333333333,2.892399999999999
2019-03-06 13:00:00,1.7823833333333332,1011.429333333333,2.8889166666666672,294.2886,0.03464999999999999,0.12238333333333333,0.1536716666666667,3.8484166666666666
2019-03-06 14:00:00,1.3551333333333335,1011.1006666666668,3.4366833333333333,311.9354333333333,0.05883333333333334,0.12883333333333336,0.22527833333333333,5.431750000000002
2019-03-06 15:00:00,1.0694166666666667,1011.1188333333331,2.3016333333333336,214.32258333333326,0.03890000000000001,0.12736666666666674,0.18438166666666675,3.934016666666666
2019-03-06 16:00:00,0.7746833333333331,1010.9581666666667,1.2516999999999994,225.87145000000012,0.019500000000000007,0.14593333333333333,0.13115500000000002,2.1922500000000005
2019-03-06 17:00:00,-0.1907333333333333,1010.4686666666663,0.8459500000000001,151.25019999999998,0.0249,0.13756666666666664,0.15944166666666662,1.9652833333333333
2019-03-06 18:00:00,-1.0778666666666668,1010.5489999999999,1.091116666666667,266.14324999999997,0.036616666666666645,0.1257,0.186895,2.7053000000000003
2019-03-06 19:00:00,-1.5693666666666666,1011.0228333333332,2.1391500000000003,173.44106666666664,0.056549999999999996,0.13735,0.3168066666666667,4.807983333333334
2019-03-06 20:00:00,-2.3102000000000005,1011.7691666666669,2.647100000000001,186.40375,0.058116666666666664,0.13946666666666668,0.2569916666666667,4.902116666666665
2019-03-06 21:00:00,-2.8389166666666656,1012.359666666667,2.171250000000001,86.86575,0.04241666666666664,0.16990000000000002,0.18216666666666656,3.6626166666666666
2019-03-06 22:00:00,-3.14205,1012.1110000000003,0.9844666666666664,144.76083333333332,0.015916666666666676,0.17865000000000003,-1.5729816666666665,1.3753666666666662
2019-03-06 23:00:00,-3.062583333333334,1011.3548333333333,1.2409833333333333,176.97983333333335,0.023033333333333333,0.1441666666666667,-6.514053333333332,1.7466000000000002
2019-03-07 00:00:00,-3.1093499999999996,1009.8896666666665,3.3982166666666673,160.3214833333333,0.08566666666666668,0.19130000000000003,0.3679016666666666,6.417616666666664
2019-03-07 01:00:00,-3.346366666666668,1010.4624999999999,1.86625,195.59329999999997,0.029183333333333332,0.15813333333333332,0.12254000000000001,2.329816666666667
2019-03-07 02:00:00,-3.080183333333335,1009.8046666666665,2.6157999999999997,172.78366666666668,0.05393333333333335,0.2896500000000001,0.3811966666666666,5.445950000000001
2019-03-07 03:00:00,3.895899999999998,1008.6038333333333,7.510066666666669,224.36066666666667,0.12215000000000005,0.16748333333333337,0.609705,12.445000000000002
2019-03-07 04:00:00,4.128966666666667,1008.8506666666665,6.798283333333331,272.7217166666667,0.10888333333333336,0.1829833333333334,0.5360766666666668,11.307549999999999
2019-03-07 05:00:00,-0.5160000000000002,1009.5086666666668,3.5257999999999994,211.03401666666676,0.07690000000000001,0.25176666666666664,0.5455966666666667,7.883833333333332
2019-03-07 06:00:00,7.698116666666672,1008.9438333333333,8.586549999999999,279.98666666666657,0.12968333333333332,0.16886666666666664,0.5950349999999999,13.599666666666671
2019-03-07 07:00:00,5.858083333333335,1008.9096666666667,7.546233333333331,269.8798333333333,0.11336666666666667,0.22438333333333343,0.6181900000000002,12.615350000000005
2019-03-07 08:00:00,6.905716666666666,1008.9073333333334,8.427,266.20423333333343,0.12441666666666669,0.23143333333333332,0.6776333333333331,14.011999999999997
2019-03-07 09:00:00,8.750333333333334,1008.5946666666667,9.43745,279.28,0.13576666666666673,0.19220000000000004,0.6749600000000001,15.09533333333333
2019-03-07 10:00:00,8.3995,1008.3066666666663,8.692049999999998,286.9316666666667,0.1380666666666667,0.2044666666666667,0.6479283333333333,14.246166666666664
2019-03-07 11:00:00,8.153216666666669,1008.7381666666668,3.5332666666666688,240.93743333333325,0.048,0.27244999999999997,0.3728233333333332,5.994466666666665
2019-03-07 12:00:00,0.5215833333333333,1008.8261666666668,3.85775,146.70951666666667,0.037516666666666657,0.18566666666666667,0.18830833333333327,4.648083333333333
2019-03-07 13:00:00,6.988333333333333,1007.873,10.301933333333334,272.3904999999999,0.14410000000000003,0.17133333333333328,0.6567,15.996666666666663
2019-03-07 14:00:00,10.08783333333333,1007.9646666666666,8.307500000000001,284.43000000000006,0.11349999999999999,0.1847,0.52967,12.710500000000001
2019-03-07 15:00:00,8.629083333333334,1008.8623333333336,9.03726666666667,303.1449999999999,0.12194999999999998,0.18499999999999997,0.5395916666666665,13.666483333333334
2019-03-07 16:00:00,8.941666666666666,1009.6121666666663,4.250933333333332,313.4249999999999,0.05791666666666665,0.2242333333333333,-1.3534566666666668,6.4759
2019-03-07 17:00:00,6.278883333333335,1009.9191666666666,2.1288,138.7946333333333,0.04408333333333335,0.22413333333333332,-1.3689899999999995,3.6596333333333333
2019-03-07 18:00:00,4.427900000000002,1010.3996666666667,1.4573,188.6986666666666,0.020933333333333342,0.22485000000000002,-1.408341666666666,2.5214833333333337
2019-03-07 19:00:00,5.301316666666665,1011.1081666666668,2.4448,241.06716666666668,0.03326666666666668,0.19956666666666664,-11.308855,4.106966666666667
2019-03-07 20:00:00,6.015866666666668,1011.3165000000001,2.460733333333333,263.7183333333334,0.05945,0.17515000000000006,0.3716216666666668,5.47055
2019-03-07 21:00:00,5.470383333333333,1011.5151666666665,1.8531666666666664,257.69499999999994,0.02984999999999999,0.14519999999999994,0.2610666666666666,3.571466666666667
2019-03-07 22:00:00,5.6990500000000015,1011.4881666666668,1.8455,247.68833333333336,0.030433333333333337,0.15331666666666663,-3.0565166666666665,3.179233333333334
2019-03-07 23:00:00,3.5531166666666665,1011.1913333333334,1.767583333333333,211.38500000000002,0.030749999999999993,0.12465000000000001,-0.3010199999999999,2.5071
2019-03-08 00:00:00,4.296850000000002,1011.0081666666669,1.5433000000000001,242.98333333333323,0.018899999999999986,0.11673333333333334,-6.4427433333333335,2.0163166666666665
2019-03-08 01:00:00,3.6460000000000004,1010.5691666666665,1.5414166666666664,244.52833333333328,0.0019333333333333323,0.07071666666666664,-26.292059999999996,1.1985500000000004
2019-03-08 02:00:00,2.153566666666667,1009.4159999999997,2.3643,221.29499999999993,-0.0007499999999999996,0.06298333333333335,-21.29266,2.072
2019-03-08 03:00:00,2.0779833333333335,1008.6935,2.691366666666667,214.51500000000004,0.028916666666666653,0.06604999999999998,0.22460000000000005,2.6628333333333347
2019-03-08 04:00:00,1.4536166666666661,1008.6119999999997,1.6967499999999995,221.96899999999997,0.017266666666666666,0.10968333333333334,-0.9466433333333336,1.7401500000000003
2019-03-08 05:00:00,0.9656833333333332,1008.6671666666667,1.7957666666666667,270.10626666666667,0.03605,0.10140000000000002,0.22906666666666667,3.1407666666666665
2019-03-08 06:00:00,0.7144999999999999,1008.3053333333334,1.0314333333333332,261.8283,0.045483333333333334,0.12463333333333337,0.45762333333333327,2.8895500000000003
2019-03-08 07:00:00,2.750233333333334,1007.8853333333334,1.220533333333333,300.0653166666668,0.03803333333333333,0.14381666666666665,0.2410533333333334,2.8986500000000004
2019-03-08 08:00:00,3.6276166666666665,1007.4278333333334,2.3000000000000003,273.08510000000007,0.0205,0.12615,0.10297000000000002,2.8910166666666672
2019-03-08 09:00:00,4.765916666666666,1006.4030000000002,2.350933333333334,309.4091166666666,0.017916666666666674,0.1386666666666667,0.10082666666666668,2.8898499999999996
2019-03-08 10:00:00,5.216266666666665,1005.3088333333333,2.6064666666666665,306.25698333333344,0.023116666666666667,0.15778333333333333,0.108065,3.238583333333333
2019-03-08 11:00:00,6.035216666666668,1003.9661666666668,2.2970333333333337,127.65786666666665,0.019633333333333332,0.17366666666666664,0.10950500000000002,2.8622166666666673
2019-03-08 12:00:00,6.236049999999998,1002.4721666666669,2.3640499999999998,102.12775000000002,0.021900000000000006,0.18875,0.13678666666666667,3.115933333333333
2019-03-08 13:00:00,5.5964833333333335,1000.6833166666667,3.1153833333333334,284.45405000000005,0.03205000000000001,0.14470000000000002,0.12643833333333332,3.894966666666666
2019-03-08 14:00:00,5.334249999999998,999.5864166666667,3.341600000000001,233.74203333333332,0.038599999999999995,0.14626666666666666,0.14994500000000002,4.366900000000001
2019-03-08 15:00:00,4.68745,997.9414000000002,3.9278333333333344,333.2237666666668,0.06158333333333334,0.12668333333333337,0.21050666666666673,5.5244833333333325
2019-03-08 16:00:00,3.653233333333333,996.8948166666668,3.2055666666666656,282.2286833333332,0.06421666666666669,0.13213333333333332,0.3069866666666667,5.910816666666664
2019-03-08 17:00:00,3.7058499999999985,995.9845166666663,2.3367833333333334,186.3185333333334,0.07171666666666669,0.1376,0.3973766666666665,5.783899999999999
2019-03-08 18:00:00,5.24105,995.7229333333331,6.690683333333333,283.5369666666667,0.11011666666666665,0.17248333333333335,0.519275,11.178083333333332
2019-03-08 19:00:00,3.6225,996.6337833333333,7.869916666666668,272.35,0.1205833333333333,0.1424,0.6209250000000001,13.16485
2019-03-08 20:00:00,4.033533333333334,996.4098999999999,9.780433333333331,284.97166666666664,0.14259999999999995,0.16651666666666676,0.6443616666666666,15.223666666666666
2019-03-08 21:00:00,4.077549999999998,996.3574333333333,7.570483333333334,304.87666666666667,0.11689999999999998,0.17675000000000002,0.51578,11.963533333333338
2019-03-08 22:00:00,4.060466666666666,997.082566666667,4.502716666666667,290.77166666666676,0.07106666666666667,0.2185833333333333,0.39046,7.600066666666668
2019-03-08 23:00:00,3.749350000000001,997.0593666666668,6.422216666666668,281.19666666666666,0.09180000000000003,0.19498333333333337,0.44507500000000005,10.11886666666667
2019-03-09 00:00:00,3.387866666666667,997.071033333333,6.06205,293.88833333333326,0.09156666666666667,0.1924833333333333,0.40834166666666655,9.469599999999998
2019-03-09 01:00:00,2.99445,997.7880499999998,6.529916666666667,299.1316666666666,0.10526666666666669,0.18708333333333338,0.46972333333333327,10.36668333333333
2019-03-09 02:00:00,2.797716666666666,997.7434000000002,6.217216666666666,300.7666666666666,0.09909999999999998,0.17353333333333332,0.4448766666666668,10.031183333333335
2019-03-09 03:00:00,2.953500000000001,997.2061333333334,7.200433333333334,298.46500000000003,0.10320000000000001,0.21101666666666669,0.4821533333333333,10.991433333333333
2019-03-09 04:00:00,2.174500000000001,996.8149333333334,14.536166666666668,279.26,0.20306666666666665,0.17221666666666674,0.9116583333333333,22.503499999999992
2019-03-09 05:00:00,1.3566666666666667,998.1574666666662,16.63483333333334,272.1816666666666,0.22703333333333334,0.14541666666666667,1.024325,25.61533333333334
2019-03-09 06:00:00,1.1437666666666668,1001.9601166666666,10.501966666666666,263.1033333333333,0.1417833333333333,0.17376666666666665,0.7012650000000001,16.2607
2019-03-09 07:00:00,1.7756333333333332,1004.455666666667,4.529250000000002,286.27166666666665,0.06458333333333334,0.1804166666666667,0.34365833333333345,7.177766666666666
2019-03-09 08:00:00,3.0544,1005.2611666666668,3.3618666666666654,270.5542166666666,0.04623333333333333,0.22016666666666662,0.26014833333333337,5.422966666666669
2019-03-09 09:00:00,3.9357166666666674,1005.1833333333332,7.039250000000001,280.4833333333334,0.09358333333333334,0.1875833333333333,0.4363549999999999,10.628516666666668
2019-03-09 10:00:00,4.5097,1005.4423333333332,8.200183333333333,267.9433333333334,0.10796666666666668,0.19038333333333332,0.5505616666666667,12.705666666666668
2019-03-09 11:00:00,5.071983333333335,1005.7294999999999,9.830233333333332,264.9433333333334,0.1360833333333334,0.1717,0.698738333333333,15.625166666666669
2019-03-09 12:00:00,5.210950000000001,1006.7991666666668,9.131883333333331,271.06000000000006,0.12243333333333327,0.20595,0.5956883333333335,14.030983333333337
2019-03-09 13:00:00,5.422266666666665,1007.0476666666665,9.509033333333333,271.7300000000001,0.12836666666666666,0.16455000000000003,0.6071050000000002,14.630166666666668
2019-03-09 14:00:00,5.948916666666666,1007.7151666666665,5.572266666666667,280.73999999999995,0.06418333333333333,0.19475000000000003,0.32262166666666664,8.005266666666667
2019-03-09 15:00:00,6.2722999999999995,1008.0304999999997,3.958500000000001,272.6864999999999,0.04524999999999998,0.23105000000000006,-1.3748299999999996,5.88446666666667
2019-03-09 16:00:00,6.042516666666667,1008.4599999999999,3.3348500000000003,278.82666666666677,0.03486666666666665,0.19009999999999996,-1.4415750000000007,4.806333333333334
2019-03-09 17:00:00,4.199933333333332,1009.168166666667,2.9894000000000007,301.27666666666653,0.039049999999999994,0.13246666666666668,0.23163166666666676,4.76335
2019-03-09 18:00:00,3.5442000000000005,1010.4021666666666,2.990283333333333,236.95500000000007,0.06961666666666667,0.13504999999999998,0.3960166666666666,6.255566666666667
2019-03-09 19:00:00,0.2337833333333334,1012.2625000000003,2.3233833333333336,156.68166666666667,0.14028333333333334,0.13793333333333338,0.5807916666666667,7.659133333333338
2019-03-09 20:00:00,-0.8951000000000003,1013.2883333333332,1.9367333333333336,167.92333333333343,0.06855000000000001,0.1706333333333333,0.3306083333333332,4.90185
2019-03-09 21:00:00,-2.343816666666666,1014.0126666666667,1.9813500000000006,194.66499999999996,0.050216666666666625,0.0666,0.21134999999999998,3.6486666666666645
2019-03-09 22:00:00,-2.3029666666666673,1014.4178333333334,1.3280166666666668,155.02166666666673,0.054366666666666674,0.09863333333333332,0.18662333333333334,2.632116666666667
2019-03-09 23:00:00,-2.038849999999999,1014.7971666666667,1.2014666666666665,231.71000000000004,0.026199999999999963,0.14591666666666672,-3.0656400000000006,2.1462666666666665
2019-03-10 00:00:00,-2.2383166666666665,1014.9853333333336,0.8352999999999998,226.3944166666667,0.016016666666666676,0.06808333333333332,-1.5431416666666664,1.2013333333333336
2019-03-10 01:00:00,-3.4004666666666674,1014.9146666666667,1.9426833333333329,331.3316666666667,0.05301666666666667,0.1079666666666667,0.2958833333333334,4.083983333333334
2019-03-10 02:00:00,-4.448916666666667,1014.6068333333338,1.8770166666666663,174.80745,0.08031666666666668,0.11418333333333337,0.3401683333333334,4.571983333333334
2019-03-10 03:00:00,-4.187166666666666,1014.5031666666671,1.6656999999999997,267.7430333333334,0.07268333333333335,0.11776666666666667,0.3706933333333334,4.668483333333333
2019-03-10 04:00:00,-4.453416666666666,1015.0986666666664,1.3684000000000003,187.80721666666668,0.050266666666666654,0.14013333333333333,0.24829166666666672,3.4911666666666674
2019-03-10 05:00:00,-4.466016666666666,1015.4500000000003,1.3447000000000002,303.8383333333333,0.03944999999999999,0.09353333333333337,0.2169650000000001,2.9191833333333337
2019-03-10 06:00:00,-4.396450000000001,1015.6520000000003,1.243316666666667,242.03833333333336,0.017900000000000003,0.08903333333333331,-11.393088333333331,1.7979833333333335
2019-03-10 07:00:00,-2.0347999999999997,1015.9105000000002,1.117916666666667,127.02983333333331,0.015550000000000005,0.22593333333333335,-14.723091666666669,1.5483000000000002
2019-03-10 08:00:00,-0.07544999999999998,1015.9128333333333,1.463916666666667,134.3635,0.02925,0.26361666666666683,-4.797736666666666,2.2550166666666667
2019-03-10 09:00:00,0.24978333333333333,1015.7300000000001,2.09335,68.9067,0.016316666666666677,0.2469666666666667,-8.116629999999999,2.5216999999999996
2019-03-10 10:00:00,1.03525,1015.5048333333337,1.93175,90.30966666666664,0.006816666666666669,0.26053333333333323,-9.769018333333332,2.168483333333333
2019-03-10 11:00:00,2.9279499999999996,1014.9723333333336,1.8354833333333336,90.5618333333333,0.01640000000000001,0.3111500000000001,-8.108433333333336,2.4887666666666663
2019-03-10 12:00:00,4.2305166666666665,1014.5018333333335,2.6719166666666676,54.077333333333335,0.024033333333333337,0.22914999999999994,0.17624666666666663,3.5601666666666665
2019-03-10 13:00:00,4.5997,1014.3244999999995,2.7475499999999995,104.17201666666668,0.028149999999999994,0.19099999999999998,0.15671333333333337,3.7590500000000002
2019-03-10 14:00:00,4.766166666666668,1014.7213333333332,2.421083333333334,273.09374999999994,0.02448333333333334,0.1642666666666667,0.12186499999999997,3.1422666666666683
2019-03-10 15:00:00,5.672816666666667,1014.7541666666667,2.6026166666666666,202.72710000000004,0.029866666666666663,0.15458333333333338,0.13997166666666666,3.5755000000000003
2019-03-10 16:00:00,5.880583333333333,1014.9921666666667,2.752216666666667,94.35913333333335,0.035883333333333316,0.15608333333333343,0.17015166666666676,4.03815
2019-03-10 17:00:00,4.310650000000001,1015.7108333333333,1.3396000000000003,173.26381666666666,0.028983333333333316,0.1456333333333334,0.199675,2.683666666666666
2019-03-10 18:00:00,2.812533333333333,1016.8551666666667,0.8642333333333333,272.1049999999999,0.02716666666666667,0.15426666666666672,0.311815,3.151999999999999
2019-03-10 19:00:00,2.0403000000000002,1017.7379999999998,1.2727166666666667,278.3966666666667,0.053349999999999995,0.11123333333333332,0.35255833333333336,4.054166666666666
2019-03-10 20:00:00,1.8767666666666663,1018.4576666666671,1.4180333333333337,259.8666666666668,0.03773333333333331,0.07890000000000003,0.23861333333333332,3.2034833333333332
2019-03-10 21:00:00,1.0417333333333332,1019.0305,1.71975,236.04666666666668,0.0037833333333333304,0.059166666666666666,-3.011878333333333,2.5284333333333335
2019-03-10 22:00:00,0.9300166666666669,1019.5750000000004,1.3977333333333328,250.03191666666675,0.03556666666666666,0.11945000000000004,0.4119516666666667,3.0002166666666663
2019-03-10 23:00:00,0.5275333333333334,1020.1539999999999,1.1476499999999998,275.6466666666667,0.02846666666666667,0.10709999999999999,-1.4391199999999997,2.424933333333333
